scope,factor_category,subtype_key,basis,region,unit,co2e_factor,notes
SCOPE_1,stationary_combustion_natural_gas,,STANDARD,UK,kWh,0.1829,"DESNZ 2024 full-set (advanced users), 2024-full-set.xlsx, sheet Fuels: Gaseous fuels > Natural gas, kWh (Gross CV)"
SCOPE_1,stationary_combustion_diesel,,STANDARD,UK,litres,2.51279,"DESNZ 2024 full-set (advanced users), 2024-full-set.xlsx, sheet Fuels: Liquid fuels > Diesel (average biofuel blend), litres"
SCOPE_1,mobile_combustion_fuel,petrol,STANDARD,UK,litres,2.0844,"DESNZ 2024 full-set (advanced users), 2024-full-set.xlsx, sheet Fuels: Liquid fuels > Petrol (average biofuel blend), litres"
SCOPE_1,mobile_combustion_fuel,diesel,STANDARD,UK,litres,2.51279,"DESNZ 2024 full-set (advanced users), 2024-full-set.xlsx, sheet Fuels: Liquid fuels > Diesel (average biofuel blend), litres (same as stationary diesel)"
SCOPE_1,mobile_combustion_mileage,car_petrol_avg,STANDARD,UK,miles,0.26473,"DESNZ 2024 full-set (advanced users), 2024-full-set.xlsx, sheet Passenger vehicles: Cars (by size) > Average car > Petrol, miles"
SCOPE_1,mobile_combustion_mileage,car_diesel_avg,STANDARD,UK,miles,0.27334,"DESNZ 2024 full-set (advanced users), 2024-full-set.xlsx, sheet Passenger vehicles: Cars (by size) > Average car > Diesel, miles"
SCOPE_1,mobile_combustion_mileage,car_hybrid_avg,STANDARD,UK,miles,0.20288,"DESNZ 2024 full-set (advanced users), 2024-full-set.xlsx, sheet Passenger vehicles: Cars (by size) > Average car > Hybrid, miles"
SCOPE_1,mobile_combustion_mileage,car_electric,STANDARD,UK,miles,0.0,"DESNZ 2024 full-set (advanced users), 2024-full-set.xlsx, sheet Passenger vehicles: Cars (by size) > Average car > Battery Electric Vehicle, miles -- Scope 1 tailpipe only, 0 kgCO2e/mile (see README)."
SCOPE_1,mobile_combustion_mileage,motorbike_avg,STANDARD,UK,miles,0.18293,"DESNZ 2024 full-set (advanced users), 2024-full-set.xlsx, sheet Passenger vehicles: Motorbike > Average, miles"
SCOPE_1,fugitive_refrigerant,r410a,STANDARD,UK,kg,1924.0,"DESNZ 2024 full-set (advanced users), 2024-full-set.xlsx, sheet Refrigerant & other: Blends > R410A, Total emissions incl. non-Kyoto products"
SCOPE_1,fugitive_refrigerant,r404a,STANDARD,UK,kg,3943.0,"DESNZ 2024 full-set (advanced users), 2024-full-set.xlsx, sheet Refrigerant & other: Blends > R404A, Total emissions incl. non-Kyoto products"
SCOPE_1,fugitive_refrigerant,r134a,STANDARD,UK,kg,1300.0,"DESNZ 2024 full-set (advanced users), 2024-full-set.xlsx, sheet Refrigerant & other: Kyoto protocol products > HFC-134a (=R134a), Total emissions incl. non-Kyoto products"
SCOPE_1,fugitive_refrigerant,r32,STANDARD,UK,kg,677.0,"DESNZ 2024 full-set (advanced users), 2024-full-set.xlsx, sheet Refrigerant & other: Kyoto protocol products > HFC-32 (=R32), Total emissions incl. non-Kyoto products"
SCOPE_2,grid_electricity,,LOCATION_BASED,UK,kWh,0.20705,"DESNZ 2024 full-set (advanced users), 2024-full-set.xlsx, sheet UK electricity: Electricity generated > Electricity: UK, kWh"
SCOPE_2,grid_electricity,,RESIDUAL_MIX,UK,kWh,0.20705,"Same as location-based (DESNZ 2024 full-set (advanced users), 2024-full-set.xlsx, sheet UK electricity) -- DESNZ publishes no separate UK residual-mix figure; reused as a stated simplification, see README #26."
SCOPE_2,grid_electricity,,MARKET_BASED,UK,kWh,0.0,Not a DESNZ figure -- zero-rated business-rule simplification for REGO/green-tariff-backed sites (see README #5).
SCOPE_2,purchased_heat_steam,,STANDARD,UK,kWh,0.17965,"DESNZ 2024 full-set (advanced users), 2024-full-set.xlsx, sheet Heat and steam: Heat and steam > District heat and steam, kWh"
SCOPE_3,business_travel,rail,STANDARD,UK,km,0.03546,"DESNZ 2024 full-set (advanced users), 2024-full-set.xlsx, sheet Business travel- land: Rail > National rail, passenger.km"
SCOPE_3,business_travel,flight_domestic,STANDARD,UK,km,0.27257,"DESNZ 2024 full-set (advanced users), 2024-full-set.xlsx, sheet Business travel- air: Flights > Domestic, to/from UK > Average passenger > With RF, passenger.km"
SCOPE_3,business_travel,flight_short_haul,STANDARD,UK,km,0.18592,"DESNZ 2024 full-set (advanced users), 2024-full-set.xlsx, sheet Business travel- air: Flights > Short-haul, to/from UK > Average passenger > With RF, passenger.km"
SCOPE_3,business_travel,flight_long_haul,STANDARD,UK,km,0.26128,"DESNZ 2024 full-set (advanced users), 2024-full-set.xlsx, sheet Business travel- air: Flights > Long-haul, to/from UK > Average passenger > With RF, passenger.km"
SCOPE_3,business_travel,hotel,STANDARD,UK,nights,10.4,"DESNZ 2024 full-set (advanced users), 2024-full-set.xlsx, sheet Hotel stay: Hotel stay > UK, Room per night -- used for every stay regardless of destination, see README #25"
SCOPE_3,employee_commuting,commute_car_petrol_avg,STANDARD,UK,miles,0.26473,"DESNZ 2024 full-set (advanced users), 2024-full-set.xlsx, sheet Business travel- land: Cars (by size) > Average car > Petrol, miles"
SCOPE_3,employee_commuting,commute_car_diesel_avg,STANDARD,UK,miles,0.27334,"DESNZ 2024 full-set (advanced users), 2024-full-set.xlsx, sheet Business travel- land: Cars (by size) > Average car > Diesel, miles"
SCOPE_3,employee_commuting,commute_car_electric,STANDARD,UK,miles,0.07636,"DESNZ 2024 full-set (advanced users), 2024-full-set.xlsx, sheet Business travel- land: Cars (by size) > Average car > Battery Electric Vehicle, miles"
SCOPE_3,employee_commuting,commute_motorbike,STANDARD,UK,miles,0.18293,"DESNZ 2024 full-set (advanced users), 2024-full-set.xlsx, sheet Business travel- land: Motorbike > Average, miles"
SCOPE_3,employee_commuting,commute_bus,STANDARD,UK,miles,0.17454945024000001,"Converted from DESNZ 2024 full-set (advanced users), 2024-full-set.xlsx, sheet Business travel- land: Bus > Average local bus, passenger.km (0.10846 x 1.609344 km/mile) -- no miles column published for bus"
SCOPE_3,employee_commuting,commute_rail,STANDARD,UK,miles,0.05706733824,"Converted from DESNZ 2024 full-set (advanced users), 2024-full-set.xlsx, sheet Business travel- land: Rail > National rail, passenger.km (0.03546 x 1.609344 km/mile) -- no miles column published for rail"
SCOPE_3,employee_commuting,commute_active,STANDARD,UK,miles,0.0,"Not a DESNZ lookup -- cycling/walking is definitionally zero-emission, see README #28"
SCOPE_3,employee_commuting,commute_wfh,STANDARD,UK,miles,0.0,"Not a DESNZ lookup -- no commute occurs, see README #28"
SCOPE_3,wtt_natural_gas,,STANDARD,UK,kWh,0.03021,"DESNZ 2024 full-set (advanced users), 2024-full-set.xlsx, sheet WTT- fuels: Gaseous fuels > Natural gas, kWh (Gross CV)"
SCOPE_3,wtt_diesel,,STANDARD,UK,litres,0.61101,"DESNZ 2024 full-set (advanced users), 2024-full-set.xlsx, sheet WTT- fuels: Liquid fuels > Diesel (average biofuel blend), litres"
SCOPE_3,wtt_road_fuel,petrol,STANDARD,UK,litres,0.58094,"DESNZ 2024 full-set (advanced users), 2024-full-set.xlsx, sheet WTT- fuels: Liquid fuels > Petrol (average biofuel blend), litres"
SCOPE_3,wtt_road_fuel,diesel,STANDARD,UK,litres,0.61101,"DESNZ 2024 full-set (advanced users), 2024-full-set.xlsx, sheet WTT- fuels: Liquid fuels > Diesel (average biofuel blend), litres (same as WTT stationary diesel)"
SCOPE_3,wtt_mileage,car_petrol_avg,STANDARD,UK,miles,0.07401,"DESNZ 2024 full-set (advanced users), 2024-full-set.xlsx, sheet WTT- pass vehs & travel- land: WTT- cars (by size) > Average car > Petrol, miles"
SCOPE_3,wtt_mileage,car_diesel_avg,STANDARD,UK,miles,0.06673,"DESNZ 2024 full-set (advanced users), 2024-full-set.xlsx, sheet WTT- pass vehs & travel- land: WTT- cars (by size) > Average car > Diesel, miles"
SCOPE_3,wtt_mileage,car_hybrid_avg,STANDARD,UK,miles,0.05335,"DESNZ 2024 full-set (advanced users), 2024-full-set.xlsx, sheet WTT- pass vehs & travel- land: WTT- cars (by size) > Average car > Hybrid, miles"
SCOPE_3,wtt_mileage,car_electric,STANDARD,UK,miles,0.01688,"DESNZ 2024 full-set (advanced users), 2024-full-set.xlsx, sheet WTT- pass vehs & travel- land: WTT- cars (by size) > Average car > Battery Electric Vehicle, miles"
SCOPE_3,wtt_mileage,motorbike_avg,STANDARD,UK,miles,0.04757,"DESNZ 2024 full-set (advanced users), 2024-full-set.xlsx, sheet WTT- pass vehs & travel- land: WTT- motorbike > Average, miles"
SCOPE_3,td_losses_electricity,,STANDARD,UK,kWh,0.0183,"DESNZ 2024 full-set (advanced users), 2024-full-set.xlsx, sheet Transmission and distribution: T&D- UK electricity > Electricity: UK, kWh"
SCOPE_1,ref_fuels,gaseous_fuels_butane_tonnes,STANDARD,UK,tonnes,3033.38067,"DEFRA/DESNZ 2024 full set (advanced users) — sheet 'Fuels', row 23 (activity/type: Gaseous fuels / Butane)"
SCOPE_1,ref_fuels,gaseous_fuels_butane_litres,STANDARD,UK,litres,1.74532,"DEFRA/DESNZ 2024 full set (advanced users) — sheet 'Fuels', row 24 (activity/type: Gaseous fuels / Butane)"
SCOPE_1,ref_fuels,gaseous_fuels_butane_kwh_net_cv,STANDARD,UK,kWh (Net CV),0.24106,"DEFRA/DESNZ 2024 full set (advanced users) — sheet 'Fuels', row 25 (activity/type: Gaseous fuels / Butane)"
SCOPE_1,ref_fuels,gaseous_fuels_butane_kwh_gross_cv,STANDARD,UK,kWh (Gross CV),0.22241,"DEFRA/DESNZ 2024 full set (advanced users) — sheet 'Fuels', row 26 (activity/type: Gaseous fuels / Butane)"
SCOPE_1,ref_fuels,gaseous_fuels_cng_tonnes,STANDARD,UK,tonnes,2568.16441,"DEFRA/DESNZ 2024 full set (advanced users) — sheet 'Fuels', row 27 (activity/type: Gaseous fuels / CNG)"
SCOPE_1,ref_fuels,gaseous_fuels_cng_litres,STANDARD,UK,litres,0.44942,"DEFRA/DESNZ 2024 full set (advanced users) — sheet 'Fuels', row 28 (activity/type: Gaseous fuels / CNG)"
SCOPE_1,ref_fuels,gaseous_fuels_cng_kwh_net_cv,STANDARD,UK,kWh (Net CV),0.20264,"DEFRA/DESNZ 2024 full set (advanced users) — sheet 'Fuels', row 29 (activity/type: Gaseous fuels / CNG)"
SCOPE_1,ref_fuels,gaseous_fuels_cng_kwh_gross_cv,STANDARD,UK,kWh (Gross CV),0.1829,"DEFRA/DESNZ 2024 full set (advanced users) — sheet 'Fuels', row 30 (activity/type: Gaseous fuels / CNG)"
SCOPE_1,ref_fuels,gaseous_fuels_lng_tonnes,STANDARD,UK,tonnes,2590.46441,"DEFRA/DESNZ 2024 full set (advanced users) — sheet 'Fuels', row 31 (activity/type: Gaseous fuels / LNG)"
SCOPE_1,ref_fuels,gaseous_fuels_lng_litres,STANDARD,UK,litres,1.17216,"DEFRA/DESNZ 2024 full set (advanced users) — sheet 'Fuels', row 32 (activity/type: Gaseous fuels / LNG)"
SCOPE_1,ref_fuels,gaseous_fuels_lng_kwh_net_cv,STANDARD,UK,kWh (Net CV),0.2044,"DEFRA/DESNZ 2024 full set (advanced users) — sheet 'Fuels', row 33 (activity/type: Gaseous fuels / LNG)"
SCOPE_1,ref_fuels,gaseous_fuels_lng_kwh_gross_cv,STANDARD,UK,kWh (Gross CV),0.18449,"DEFRA/DESNZ 2024 full set (advanced users) — sheet 'Fuels', row 34 (activity/type: Gaseous fuels / LNG)"
SCOPE_1,ref_fuels,gaseous_fuels_lpg_tonnes,STANDARD,UK,tonnes,2939.36095,"DEFRA/DESNZ 2024 full set (advanced users) — sheet 'Fuels', row 35 (activity/type: Gaseous fuels / LPG)"
SCOPE_1,ref_fuels,gaseous_fuels_lpg_litres,STANDARD,UK,litres,1.55713,"DEFRA/DESNZ 2024 full set (advanced users) — sheet 'Fuels', row 36 (activity/type: Gaseous fuels / LPG)"
SCOPE_1,ref_fuels,gaseous_fuels_lpg_kwh_net_cv,STANDARD,UK,kWh (Net CV),0.23031,"DEFRA/DESNZ 2024 full set (advanced users) — sheet 'Fuels', row 37 (activity/type: Gaseous fuels / LPG)"
SCOPE_1,ref_fuels,gaseous_fuels_lpg_kwh_gross_cv,STANDARD,UK,kWh (Gross CV),0.2145,"DEFRA/DESNZ 2024 full set (advanced users) — sheet 'Fuels', row 38 (activity/type: Gaseous fuels / LPG)"
SCOPE_1,ref_fuels,gaseous_fuels_natural_gas_tonnes,STANDARD,UK,tonnes,2568.16441,"DEFRA/DESNZ 2024 full set (advanced users) — sheet 'Fuels', row 39 (activity/type: Gaseous fuels / Natural gas)"
SCOPE_1,ref_fuels,gaseous_fuels_natural_gas_cubic_metres,STANDARD,UK,cubic metres,2.04542,"DEFRA/DESNZ 2024 full set (advanced users) — sheet 'Fuels', row 40 (activity/type: Gaseous fuels / Natural gas)"
SCOPE_1,ref_fuels,gaseous_fuels_natural_gas_kwh_net_cv,STANDARD,UK,kWh (Net CV),0.20264,"DEFRA/DESNZ 2024 full set (advanced users) — sheet 'Fuels', row 41 (activity/type: Gaseous fuels / Natural gas)"
SCOPE_1,ref_fuels,gaseous_fuels_natural_gas_kwh_gross_cv,STANDARD,UK,kWh (Gross CV),0.1829,"DEFRA/DESNZ 2024 full set (advanced users) — sheet 'Fuels', row 42 (activity/type: Gaseous fuels / Natural gas)"
SCOPE_1,ref_fuels,gaseous_fuels_natural_gas_100_mineral_blend_tonnes,STANDARD,UK,tonnes,2590.46441,"DEFRA/DESNZ 2024 full set (advanced users) — sheet 'Fuels', row 43 (activity/type: Gaseous fuels / Natural gas (100% mineral blend))"
SCOPE_1,ref_fuels,gaseous_fuels_natural_gas_100_mineral_blend_cubic_metres,STANDARD,UK,cubic metres,2.06318,"DEFRA/DESNZ 2024 full set (advanced users) — sheet 'Fuels', row 44 (activity/type: Gaseous fuels / Natural gas (100% mineral blend))"
SCOPE_1,ref_fuels,gaseous_fuels_natural_gas_100_mineral_blend_kwh_net_cv,STANDARD,UK,kWh (Net CV),0.2044,"DEFRA/DESNZ 2024 full set (advanced users) — sheet 'Fuels', row 45 (activity/type: Gaseous fuels / Natural gas (100% mineral blend))"
SCOPE_1,ref_fuels,gaseous_fuels_natural_gas_100_mineral_blend_kwh_gross_cv,STANDARD,UK,kWh (Gross CV),0.18449,"DEFRA/DESNZ 2024 full set (advanced users) — sheet 'Fuels', row 46 (activity/type: Gaseous fuels / Natural gas (100% mineral blend))"
SCOPE_1,ref_fuels,gaseous_fuels_other_petroleum_gas_tonnes,STANDARD,UK,tonnes,2578.24647,"DEFRA/DESNZ 2024 full set (advanced users) — sheet 'Fuels', row 47 (activity/type: Gaseous fuels / Other petroleum gas)"
SCOPE_1,ref_fuels,gaseous_fuels_other_petroleum_gas_litres,STANDARD,UK,litres,0.94441,"DEFRA/DESNZ 2024 full set (advanced users) — sheet 'Fuels', row 48 (activity/type: Gaseous fuels / Other petroleum gas)"
SCOPE_1,ref_fuels,gaseous_fuels_other_petroleum_gas_kwh_net_cv,STANDARD,UK,kWh (Net CV),0.19917,"DEFRA/DESNZ 2024 full set (advanced users) — sheet 'Fuels', row 49 (activity/type: Gaseous fuels / Other petroleum gas)"
SCOPE_1,ref_fuels,gaseous_fuels_other_petroleum_gas_kwh_gross_cv,STANDARD,UK,kWh (Gross CV),0.18323,"DEFRA/DESNZ 2024 full set (advanced users) — sheet 'Fuels', row 50 (activity/type: Gaseous fuels / Other petroleum gas)"
SCOPE_1,ref_fuels,gaseous_fuels_propane_tonnes,STANDARD,UK,tonnes,2997.63233,"DEFRA/DESNZ 2024 full set (advanced users) — sheet 'Fuels', row 51 (activity/type: Gaseous fuels / Propane)"
SCOPE_1,ref_fuels,gaseous_fuels_propane_litres,STANDARD,UK,litres,1.54357,"DEFRA/DESNZ 2024 full set (advanced users) — sheet 'Fuels', row 52 (activity/type: Gaseous fuels / Propane)"
SCOPE_1,ref_fuels,gaseous_fuels_propane_kwh_net_cv,STANDARD,UK,kWh (Net CV),0.23257,"DEFRA/DESNZ 2024 full set (advanced users) — sheet 'Fuels', row 53 (activity/type: Gaseous fuels / Propane)"
SCOPE_1,ref_fuels,gaseous_fuels_propane_kwh_gross_cv,STANDARD,UK,kWh (Gross CV),0.21411,"DEFRA/DESNZ 2024 full set (advanced users) — sheet 'Fuels', row 54 (activity/type: Gaseous fuels / Propane)"
SCOPE_1,ref_fuels,liquid_fuels_aviation_spirit_tonnes,STANDARD,UK,tonnes,3193.6948,"DEFRA/DESNZ 2024 full set (advanced users) — sheet 'Fuels', row 59 (activity/type: Liquid fuels / Aviation spirit)"
SCOPE_1,ref_fuels,liquid_fuels_aviation_spirit_litres,STANDARD,UK,litres,2.33116,"DEFRA/DESNZ 2024 full set (advanced users) — sheet 'Fuels', row 60 (activity/type: Liquid fuels / Aviation spirit)"
SCOPE_1,ref_fuels,liquid_fuels_aviation_spirit_kwh_net_cv,STANDARD,UK,kWh (Net CV),0.25666,"DEFRA/DESNZ 2024 full set (advanced users) — sheet 'Fuels', row 61 (activity/type: Liquid fuels / Aviation spirit)"
SCOPE_1,ref_fuels,liquid_fuels_aviation_spirit_kwh_gross_cv,STANDARD,UK,kWh (Gross CV),0.24382,"DEFRA/DESNZ 2024 full set (advanced users) — sheet 'Fuels', row 62 (activity/type: Liquid fuels / Aviation spirit)"
SCOPE_1,ref_fuels,liquid_fuels_aviation_turbine_fuel_tonnes,STANDARD,UK,tonnes,3178.3652,"DEFRA/DESNZ 2024 full set (advanced users) — sheet 'Fuels', row 63 (activity/type: Liquid fuels / Aviation turbine fuel)"
SCOPE_1,ref_fuels,liquid_fuels_aviation_turbine_fuel_litres,STANDARD,UK,litres,2.54269,"DEFRA/DESNZ 2024 full set (advanced users) — sheet 'Fuels', row 64 (activity/type: Liquid fuels / Aviation turbine fuel)"
SCOPE_1,ref_fuels,liquid_fuels_aviation_turbine_fuel_kwh_net_cv,STANDARD,UK,kWh (Net CV),0.26061,"DEFRA/DESNZ 2024 full set (advanced users) — sheet 'Fuels', row 65 (activity/type: Liquid fuels / Aviation turbine fuel)"
SCOPE_1,ref_fuels,liquid_fuels_aviation_turbine_fuel_kwh_gross_cv,STANDARD,UK,kWh (Gross CV),0.24758,"DEFRA/DESNZ 2024 full set (advanced users) — sheet 'Fuels', row 66 (activity/type: Liquid fuels / Aviation turbine fuel)"
SCOPE_1,ref_fuels,liquid_fuels_burning_oil_tonnes,STANDARD,UK,tonnes,3165.04181,"DEFRA/DESNZ 2024 full set (advanced users) — sheet 'Fuels', row 67 (activity/type: Liquid fuels / Burning oil)"
SCOPE_1,ref_fuels,liquid_fuels_burning_oil_litres,STANDARD,UK,litres,2.54015,"DEFRA/DESNZ 2024 full set (advanced users) — sheet 'Fuels', row 68 (activity/type: Liquid fuels / Burning oil)"
SCOPE_1,ref_fuels,liquid_fuels_burning_oil_kwh_net_cv,STANDARD,UK,kWh (Net CV),0.25975,"DEFRA/DESNZ 2024 full set (advanced users) — sheet 'Fuels', row 69 (activity/type: Liquid fuels / Burning oil)"
SCOPE_1,ref_fuels,liquid_fuels_burning_oil_kwh_gross_cv,STANDARD,UK,kWh (Gross CV),0.24677,"DEFRA/DESNZ 2024 full set (advanced users) — sheet 'Fuels', row 70 (activity/type: Liquid fuels / Burning oil)"
SCOPE_1,ref_fuels,liquid_fuels_diesel_average_biofuel_blend_tonnes,STANDARD,UK,tonnes,3014.09462,"DEFRA/DESNZ 2024 full set (advanced users) — sheet 'Fuels', row 71 (activity/type: Liquid fuels / Diesel (average biofuel blend))"
SCOPE_1,ref_fuels,liquid_fuels_diesel_average_biofuel_blend_litres,STANDARD,UK,litres,2.51279,"DEFRA/DESNZ 2024 full set (advanced users) — sheet 'Fuels', row 72 (activity/type: Liquid fuels / Diesel (average biofuel blend))"
SCOPE_1,ref_fuels,liquid_fuels_diesel_average_biofuel_blend_kwh_net_cv,STANDARD,UK,kWh (Net CV),0.25403,"DEFRA/DESNZ 2024 full set (advanced users) — sheet 'Fuels', row 73 (activity/type: Liquid fuels / Diesel (average biofuel blend))"
SCOPE_1,ref_fuels,liquid_fuels_diesel_average_biofuel_blend_kwh_gross_cv,STANDARD,UK,kWh (Gross CV),0.23902,"DEFRA/DESNZ 2024 full set (advanced users) — sheet 'Fuels', row 74 (activity/type: Liquid fuels / Diesel (average biofuel blend))"
SCOPE_1,ref_fuels,liquid_fuels_diesel_100_mineral_diesel_tonnes,STANDARD,UK,tonnes,3203.91143,"DEFRA/DESNZ 2024 full set (advanced users) — sheet 'Fuels', row 75 (activity/type: Liquid fuels / Diesel (100% mineral diesel))"
SCOPE_1,ref_fuels,liquid_fuels_diesel_100_mineral_diesel_litres,STANDARD,UK,litres,2.66155,"DEFRA/DESNZ 2024 full set (advanced users) — sheet 'Fuels', row 76 (activity/type: Liquid fuels / Diesel (100% mineral diesel))"
SCOPE_1,ref_fuels,liquid_fuels_diesel_100_mineral_diesel_kwh_net_cv,STANDARD,UK,kWh (Net CV),0.26808,"DEFRA/DESNZ 2024 full set (advanced users) — sheet 'Fuels', row 77 (activity/type: Liquid fuels / Diesel (100% mineral diesel))"
SCOPE_1,ref_fuels,liquid_fuels_diesel_100_mineral_diesel_kwh_gross_cv,STANDARD,UK,kWh (Gross CV),0.25197,"DEFRA/DESNZ 2024 full set (advanced users) — sheet 'Fuels', row 78 (activity/type: Liquid fuels / Diesel (100% mineral diesel))"
SCOPE_1,ref_fuels,liquid_fuels_fuel_oil_tonnes,STANDARD,UK,tonnes,3228.89019,"DEFRA/DESNZ 2024 full set (advanced users) — sheet 'Fuels', row 79 (activity/type: Liquid fuels / Fuel oil)"
SCOPE_1,ref_fuels,liquid_fuels_fuel_oil_litres,STANDARD,UK,litres,3.17493,"DEFRA/DESNZ 2024 full set (advanced users) — sheet 'Fuels', row 80 (activity/type: Liquid fuels / Fuel oil)"
SCOPE_1,ref_fuels,liquid_fuels_fuel_oil_kwh_net_cv,STANDARD,UK,kWh (Net CV),0.28523,"DEFRA/DESNZ 2024 full set (advanced users) — sheet 'Fuels', row 81 (activity/type: Liquid fuels / Fuel oil)"
SCOPE_1,ref_fuels,liquid_fuels_fuel_oil_kwh_gross_cv,STANDARD,UK,kWh (Gross CV),0.26814,"DEFRA/DESNZ 2024 full set (advanced users) — sheet 'Fuels', row 82 (activity/type: Liquid fuels / Fuel oil)"
SCOPE_1,ref_fuels,liquid_fuels_gas_oil_tonnes,STANDARD,UK,tonnes,3226.57859,"DEFRA/DESNZ 2024 full set (advanced users) — sheet 'Fuels', row 83 (activity/type: Liquid fuels / Gas oil)"
SCOPE_1,ref_fuels,liquid_fuels_gas_oil_litres,STANDARD,UK,litres,2.75541,"DEFRA/DESNZ 2024 full set (advanced users) — sheet 'Fuels', row 84 (activity/type: Liquid fuels / Gas oil)"
SCOPE_1,ref_fuels,liquid_fuels_gas_oil_kwh_net_cv,STANDARD,UK,kWh (Net CV),0.27287,"DEFRA/DESNZ 2024 full set (advanced users) — sheet 'Fuels', row 85 (activity/type: Liquid fuels / Gas oil)"
SCOPE_1,ref_fuels,liquid_fuels_gas_oil_kwh_gross_cv,STANDARD,UK,kWh (Gross CV),0.25649,"DEFRA/DESNZ 2024 full set (advanced users) — sheet 'Fuels', row 86 (activity/type: Liquid fuels / Gas oil)"
SCOPE_1,ref_fuels,liquid_fuels_lubricants_tonnes,STANDARD,UK,tonnes,3180.99992,"DEFRA/DESNZ 2024 full set (advanced users) — sheet 'Fuels', row 87 (activity/type: Liquid fuels / Lubricants)"
SCOPE_1,ref_fuels,liquid_fuels_lubricants_litres,STANDARD,UK,litres,2.74934,"DEFRA/DESNZ 2024 full set (advanced users) — sheet 'Fuels', row 88 (activity/type: Liquid fuels / Lubricants)"
SCOPE_1,ref_fuels,liquid_fuels_lubricants_kwh_net_cv,STANDARD,UK,kWh (Net CV),0.281,"DEFRA/DESNZ 2024 full set (advanced users) — sheet 'Fuels', row 89 (activity/type: Liquid fuels / Lubricants)"
SCOPE_1,ref_fuels,liquid_fuels_lubricants_kwh_gross_cv,STANDARD,UK,kWh (Gross CV),0.26414,"DEFRA/DESNZ 2024 full set (advanced users) — sheet 'Fuels', row 90 (activity/type: Liquid fuels / Lubricants)"
SCOPE_1,ref_fuels,liquid_fuels_naphtha_tonnes,STANDARD,UK,tonnes,3142.3789,"DEFRA/DESNZ 2024 full set (advanced users) — sheet 'Fuels', row 91 (activity/type: Liquid fuels / Naphtha)"
SCOPE_1,ref_fuels,liquid_fuels_naphtha_litres,STANDARD,UK,litres,2.11894,"DEFRA/DESNZ 2024 full set (advanced users) — sheet 'Fuels', row 92 (activity/type: Liquid fuels / Naphtha)"
SCOPE_1,ref_fuels,liquid_fuels_naphtha_kwh_net_cv,STANDARD,UK,kWh (Net CV),0.24891,"DEFRA/DESNZ 2024 full set (advanced users) — sheet 'Fuels', row 93 (activity/type: Liquid fuels / Naphtha)"
SCOPE_1,ref_fuels,liquid_fuels_naphtha_kwh_gross_cv,STANDARD,UK,kWh (Gross CV),0.23647,"DEFRA/DESNZ 2024 full set (advanced users) — sheet 'Fuels', row 94 (activity/type: Liquid fuels / Naphtha)"
SCOPE_1,ref_fuels,liquid_fuels_petrol_average_biofuel_blend_tonnes,STANDARD,UK,tonnes,2778.52935,"DEFRA/DESNZ 2024 full set (advanced users) — sheet 'Fuels', row 95 (activity/type: Liquid fuels / Petrol (average biofuel blend))"
SCOPE_1,ref_fuels,liquid_fuels_petrol_average_biofuel_blend_litres,STANDARD,UK,litres,2.0844,"DEFRA/DESNZ 2024 full set (advanced users) — sheet 'Fuels', row 96 (activity/type: Liquid fuels / Petrol (average biofuel blend))"
SCOPE_1,ref_fuels,liquid_fuels_petrol_average_biofuel_blend_kwh_net_cv,STANDARD,UK,kWh (Net CV),0.2324,"DEFRA/DESNZ 2024 full set (advanced users) — sheet 'Fuels', row 97 (activity/type: Liquid fuels / Petrol (average biofuel blend))"
SCOPE_1,ref_fuels,liquid_fuels_petrol_average_biofuel_blend_kwh_gross_cv,STANDARD,UK,kWh (Gross CV),0.22013,"DEFRA/DESNZ 2024 full set (advanced users) — sheet 'Fuels', row 98 (activity/type: Liquid fuels / Petrol (average biofuel blend))"
SCOPE_1,ref_fuels,liquid_fuels_petrol_100_mineral_petrol_tonnes,STANDARD,UK,tonnes,3154.08213,"DEFRA/DESNZ 2024 full set (advanced users) — sheet 'Fuels', row 99 (activity/type: Liquid fuels / Petrol (100% mineral petrol))"
SCOPE_1,ref_fuels,liquid_fuels_petrol_100_mineral_petrol_litres,STANDARD,UK,litres,2.35372,"DEFRA/DESNZ 2024 full set (advanced users) — sheet 'Fuels', row 100 (activity/type: Liquid fuels / Petrol (100% mineral petrol))"
SCOPE_1,ref_fuels,liquid_fuels_petrol_100_mineral_petrol_kwh_net_cv,STANDARD,UK,kWh (Net CV),0.2546,"DEFRA/DESNZ 2024 full set (advanced users) — sheet 'Fuels', row 101 (activity/type: Liquid fuels / Petrol (100% mineral petrol))"
SCOPE_1,ref_fuels,liquid_fuels_petrol_100_mineral_petrol_kwh_gross_cv,STANDARD,UK,kWh (Gross CV),0.24186,"DEFRA/DESNZ 2024 full set (advanced users) — sheet 'Fuels', row 102 (activity/type: Liquid fuels / Petrol (100% mineral petrol))"
SCOPE_1,ref_fuels,liquid_fuels_processed_fuel_oils_residual_oil_tonnes,STANDARD,UK,tonnes,3228.89019,"DEFRA/DESNZ 2024 full set (advanced users) — sheet 'Fuels', row 103 (activity/type: Liquid fuels / Processed fuel oils - residual oil)"
SCOPE_1,ref_fuels,liquid_fuels_processed_fuel_oils_residual_oil_litres,STANDARD,UK,litres,3.17493,"DEFRA/DESNZ 2024 full set (advanced users) — sheet 'Fuels', row 104 (activity/type: Liquid fuels / Processed fuel oils - residual oil)"
SCOPE_1,ref_fuels,liquid_fuels_processed_fuel_oils_residual_oil_kwh_net_cv,STANDARD,UK,kWh (Net CV),0.28523,"DEFRA/DESNZ 2024 full set (advanced users) — sheet 'Fuels', row 105 (activity/type: Liquid fuels / Processed fuel oils - residual oil)"
SCOPE_1,ref_fuels,liquid_fuels_processed_fuel_oils_residual_oil_kwh_gross_cv,STANDARD,UK,kWh (Gross CV),0.26814,"DEFRA/DESNZ 2024 full set (advanced users) — sheet 'Fuels', row 106 (activity/type: Liquid fuels / Processed fuel oils - residual oil)"
SCOPE_1,ref_fuels,liquid_fuels_processed_fuel_oils_distillate_oil_tonnes,STANDARD,UK,tonnes,3226.57859,"DEFRA/DESNZ 2024 full set (advanced users) — sheet 'Fuels', row 107 (activity/type: Liquid fuels / Processed fuel oils - distillate oil)"
SCOPE_1,ref_fuels,liquid_fuels_processed_fuel_oils_distillate_oil_litres,STANDARD,UK,litres,2.75541,"DEFRA/DESNZ 2024 full set (advanced users) — sheet 'Fuels', row 108 (activity/type: Liquid fuels / Processed fuel oils - distillate oil)"
SCOPE_1,ref_fuels,liquid_fuels_processed_fuel_oils_distillate_oil_kwh_net_cv,STANDARD,UK,kWh (Net CV),0.27287,"DEFRA/DESNZ 2024 full set (advanced users) — sheet 'Fuels', row 109 (activity/type: Liquid fuels / Processed fuel oils - distillate oil)"
SCOPE_1,ref_fuels,liquid_fuels_processed_fuel_oils_distillate_oil_kwh_gross_cv,STANDARD,UK,kWh (Gross CV),0.25649,"DEFRA/DESNZ 2024 full set (advanced users) — sheet 'Fuels', row 110 (activity/type: Liquid fuels / Processed fuel oils - distillate oil)"
SCOPE_1,ref_fuels,liquid_fuels_refinery_miscellaneous_tonnes,STANDARD,UK,tonnes,2944.32093,"DEFRA/DESNZ 2024 full set (advanced users) — sheet 'Fuels', row 111 (activity/type: Liquid fuels / Refinery miscellaneous)"
SCOPE_1,ref_fuels,liquid_fuels_refinery_miscellaneous_kwh_net_cv,STANDARD,UK,kWh (Net CV),0.25961,"DEFRA/DESNZ 2024 full set (advanced users) — sheet 'Fuels', row 113 (activity/type: Liquid fuels / Refinery miscellaneous)"
SCOPE_1,ref_fuels,liquid_fuels_refinery_miscellaneous_kwh_gross_cv,STANDARD,UK,kWh (Gross CV),0.24662,"DEFRA/DESNZ 2024 full set (advanced users) — sheet 'Fuels', row 114 (activity/type: Liquid fuels / Refinery miscellaneous)"
SCOPE_1,ref_fuels,liquid_fuels_waste_oils_tonnes,STANDARD,UK,tonnes,3219.37916,"DEFRA/DESNZ 2024 full set (advanced users) — sheet 'Fuels', row 115 (activity/type: Liquid fuels / Waste oils)"
SCOPE_1,ref_fuels,liquid_fuels_waste_oils_litres,STANDARD,UK,litres,2.74923,"DEFRA/DESNZ 2024 full set (advanced users) — sheet 'Fuels', row 116 (activity/type: Liquid fuels / Waste oils)"
SCOPE_1,ref_fuels,liquid_fuels_waste_oils_kwh_net_cv,STANDARD,UK,kWh (Net CV),0.27458,"DEFRA/DESNZ 2024 full set (advanced users) — sheet 'Fuels', row 117 (activity/type: Liquid fuels / Waste oils)"
SCOPE_1,ref_fuels,liquid_fuels_waste_oils_kwh_gross_cv,STANDARD,UK,kWh (Gross CV),0.25641,"DEFRA/DESNZ 2024 full set (advanced users) — sheet 'Fuels', row 118 (activity/type: Liquid fuels / Waste oils)"
SCOPE_1,ref_fuels,liquid_fuels_marine_gas_oil_tonnes,STANDARD,UK,tonnes,3245.30441,"DEFRA/DESNZ 2024 full set (advanced users) — sheet 'Fuels', row 119 (activity/type: Liquid fuels / Marine gas oil)"
SCOPE_1,ref_fuels,liquid_fuels_marine_gas_oil_litres,STANDARD,UK,litres,2.77139,"DEFRA/DESNZ 2024 full set (advanced users) — sheet 'Fuels', row 120 (activity/type: Liquid fuels / Marine gas oil)"
SCOPE_1,ref_fuels,liquid_fuels_marine_gas_oil_kwh_net_cv,STANDARD,UK,kWh (Net CV),0.27446,"DEFRA/DESNZ 2024 full set (advanced users) — sheet 'Fuels', row 121 (activity/type: Liquid fuels / Marine gas oil)"
SCOPE_1,ref_fuels,liquid_fuels_marine_gas_oil_kwh_gross_cv,STANDARD,UK,kWh (Gross CV),0.25798,"DEFRA/DESNZ 2024 full set (advanced users) — sheet 'Fuels', row 122 (activity/type: Liquid fuels / Marine gas oil)"
SCOPE_1,ref_fuels,liquid_fuels_marine_fuel_oil_tonnes,STANDARD,UK,tonnes,3154.75334,"DEFRA/DESNZ 2024 full set (advanced users) — sheet 'Fuels', row 123 (activity/type: Liquid fuels / Marine fuel oil)"
SCOPE_1,ref_fuels,liquid_fuels_marine_fuel_oil_litres,STANDARD,UK,litres,3.10202,"DEFRA/DESNZ 2024 full set (advanced users) — sheet 'Fuels', row 124 (activity/type: Liquid fuels / Marine fuel oil)"
SCOPE_1,ref_fuels,liquid_fuels_marine_fuel_oil_kwh_net_cv,STANDARD,UK,kWh (Net CV),0.27869,"DEFRA/DESNZ 2024 full set (advanced users) — sheet 'Fuels', row 125 (activity/type: Liquid fuels / Marine fuel oil)"
SCOPE_1,ref_fuels,liquid_fuels_marine_fuel_oil_kwh_gross_cv,STANDARD,UK,kWh (Gross CV),0.26196,"DEFRA/DESNZ 2024 full set (advanced users) — sheet 'Fuels', row 126 (activity/type: Liquid fuels / Marine fuel oil)"
SCOPE_1,ref_fuels,solid_fuels_coal_industrial_tonnes,STANDARD,UK,tonnes,2399.43994,"DEFRA/DESNZ 2024 full set (advanced users) — sheet 'Fuels', row 131 (activity/type: Solid fuels / Coal (industrial))"
SCOPE_1,ref_fuels,solid_fuels_coal_industrial_kwh_net_cv,STANDARD,UK,kWh (Net CV),0.34002,"DEFRA/DESNZ 2024 full set (advanced users) — sheet 'Fuels', row 132 (activity/type: Solid fuels / Coal (industrial))"
SCOPE_1,ref_fuels,solid_fuels_coal_industrial_kwh_gross_cv,STANDARD,UK,kWh (Gross CV),0.32302,"DEFRA/DESNZ 2024 full set (advanced users) — sheet 'Fuels', row 133 (activity/type: Solid fuels / Coal (industrial))"
SCOPE_1,ref_fuels,solid_fuels_coal_electricity_generation_tonnes,STANDARD,UK,tonnes,2262.11448,"DEFRA/DESNZ 2024 full set (advanced users) — sheet 'Fuels', row 134 (activity/type: Solid fuels / Coal (electricity generation))"
SCOPE_1,ref_fuels,solid_fuels_coal_electricity_generation_kwh_net_cv,STANDARD,UK,kWh (Net CV),0.33368,"DEFRA/DESNZ 2024 full set (advanced users) — sheet 'Fuels', row 135 (activity/type: Solid fuels / Coal (electricity generation))"
SCOPE_1,ref_fuels,solid_fuels_coal_electricity_generation_kwh_gross_cv,STANDARD,UK,kWh (Gross CV),0.31699,"DEFRA/DESNZ 2024 full set (advanced users) — sheet 'Fuels', row 136 (activity/type: Solid fuels / Coal (electricity generation))"
SCOPE_1,ref_fuels,solid_fuels_coal_domestic_tonnes,STANDARD,UK,tonnes,2904.95234,"DEFRA/DESNZ 2024 full set (advanced users) — sheet 'Fuels', row 137 (activity/type: Solid fuels / Coal (domestic))"
SCOPE_1,ref_fuels,solid_fuels_coal_domestic_kwh_net_cv,STANDARD,UK,kWh (Net CV),0.36549,"DEFRA/DESNZ 2024 full set (advanced users) — sheet 'Fuels', row 138 (activity/type: Solid fuels / Coal (domestic))"
SCOPE_1,ref_fuels,solid_fuels_coal_domestic_kwh_gross_cv,STANDARD,UK,kWh (Gross CV),0.34721,"DEFRA/DESNZ 2024 full set (advanced users) — sheet 'Fuels', row 139 (activity/type: Solid fuels / Coal (domestic))"
SCOPE_1,ref_fuels,solid_fuels_coking_coal_tonnes,STANDARD,UK,tonnes,3164.65002,"DEFRA/DESNZ 2024 full set (advanced users) — sheet 'Fuels', row 140 (activity/type: Solid fuels / Coking coal)"
SCOPE_1,ref_fuels,solid_fuels_coking_coal_kwh_net_cv,STANDARD,UK,kWh (Net CV),0.37675,"DEFRA/DESNZ 2024 full set (advanced users) — sheet 'Fuels', row 141 (activity/type: Solid fuels / Coking coal)"
SCOPE_1,ref_fuels,solid_fuels_coking_coal_kwh_gross_cv,STANDARD,UK,kWh (Gross CV),0.3579,"DEFRA/DESNZ 2024 full set (advanced users) — sheet 'Fuels', row 142 (activity/type: Solid fuels / Coking coal)"
SCOPE_1,ref_fuels,solid_fuels_petroleum_coke_tonnes,STANDARD,UK,tonnes,3386.57168,"DEFRA/DESNZ 2024 full set (advanced users) — sheet 'Fuels', row 143 (activity/type: Solid fuels / Petroleum coke)"
SCOPE_1,ref_fuels,solid_fuels_petroleum_coke_kwh_net_cv,STANDARD,UK,kWh (Net CV),0.35886,"DEFRA/DESNZ 2024 full set (advanced users) — sheet 'Fuels', row 144 (activity/type: Solid fuels / Petroleum coke)"
SCOPE_1,ref_fuels,solid_fuels_petroleum_coke_kwh_gross_cv,STANDARD,UK,kWh (Gross CV),0.34092,"DEFRA/DESNZ 2024 full set (advanced users) — sheet 'Fuels', row 145 (activity/type: Solid fuels / Petroleum coke)"
SCOPE_1,ref_fuels,solid_fuels_coal_electricity_generation_home_produced_coal_only_tonnes,STANDARD,UK,tonnes,2258.5867,"DEFRA/DESNZ 2024 full set (advanced users) — sheet 'Fuels', row 146 (activity/type: Solid fuels / Coal (electricity generation - home produced coal only))"
SCOPE_1,ref_fuels,solid_fuels_coal_electricity_generation_home_produced_coal_only_kwh_net_cv,STANDARD,UK,kWh (Net CV),0.33368,"DEFRA/DESNZ 2024 full set (advanced users) — sheet 'Fuels', row 147 (activity/type: Solid fuels / Coal (electricity generation - home produced coal only))"
SCOPE_1,ref_fuels,solid_fuels_coal_electricity_generation_home_produced_coal_only_kwh_gross_cv,STANDARD,UK,kWh (Gross CV),0.31699,"DEFRA/DESNZ 2024 full set (advanced users) — sheet 'Fuels', row 148 (activity/type: Solid fuels / Coal (electricity generation - home produced coal only))"
SCOPE_1,ref_bioenergy,biofuel_bioethanol_litres,STANDARD,UK,litres,0.00901,"DEFRA/DESNZ 2024 full set (advanced users) — sheet 'Bioenergy', row 20 (activity/type: Biofuel / Bioethanol)"
SCOPE_1,ref_bioenergy,biofuel_bioethanol_gj,STANDARD,UK,GJ,0.42339,"DEFRA/DESNZ 2024 full set (advanced users) — sheet 'Bioenergy', row 21 (activity/type: Biofuel / Bioethanol)"
SCOPE_1,ref_bioenergy,biofuel_bioethanol_kg,STANDARD,UK,kg,0.01135,"DEFRA/DESNZ 2024 full set (advanced users) — sheet 'Bioenergy', row 22 (activity/type: Biofuel / Bioethanol)"
SCOPE_1,ref_bioenergy,biofuel_biodiesel_me_litres,STANDARD,UK,litres,0.16751,"DEFRA/DESNZ 2024 full set (advanced users) — sheet 'Bioenergy', row 23 (activity/type: Biofuel / Biodiesel ME)"
SCOPE_1,ref_bioenergy,biofuel_biodiesel_me_gj,STANDARD,UK,GJ,5.05961,"DEFRA/DESNZ 2024 full set (advanced users) — sheet 'Bioenergy', row 24 (activity/type: Biofuel / Biodiesel ME)"
SCOPE_1,ref_bioenergy,biofuel_biodiesel_me_kg,STANDARD,UK,kg,0.18822,"DEFRA/DESNZ 2024 full set (advanced users) — sheet 'Bioenergy', row 25 (activity/type: Biofuel / Biodiesel ME)"
SCOPE_1,ref_bioenergy,biofuel_biomethane_compressed_gj,STANDARD,UK,GJ,0.10625,"DEFRA/DESNZ 2024 full set (advanced users) — sheet 'Bioenergy', row 27 (activity/type: Biofuel / Biomethane (compressed))"
SCOPE_1,ref_bioenergy,biofuel_biomethane_compressed_kg,STANDARD,UK,kg,0.00521,"DEFRA/DESNZ 2024 full set (advanced users) — sheet 'Bioenergy', row 28 (activity/type: Biofuel / Biomethane (compressed))"
SCOPE_1,ref_bioenergy,biofuel_biodiesel_me_from_used_cooking_oil_litres,STANDARD,UK,litres,0.16751,"DEFRA/DESNZ 2024 full set (advanced users) — sheet 'Bioenergy', row 29 (activity/type: Biofuel / Biodiesel ME (from used cooking oil))"
SCOPE_1,ref_bioenergy,biofuel_biodiesel_me_from_used_cooking_oil_gj,STANDARD,UK,GJ,5.05961,"DEFRA/DESNZ 2024 full set (advanced users) — sheet 'Bioenergy', row 30 (activity/type: Biofuel / Biodiesel ME (from used cooking oil))"
SCOPE_1,ref_bioenergy,biofuel_biodiesel_me_from_used_cooking_oil_kg,STANDARD,UK,kg,0.18822,"DEFRA/DESNZ 2024 full set (advanced users) — sheet 'Bioenergy', row 31 (activity/type: Biofuel / Biodiesel ME (from used cooking oil))"
SCOPE_1,ref_bioenergy,biofuel_biodiesel_me_from_tallow_litres,STANDARD,UK,litres,0.16751,"DEFRA/DESNZ 2024 full set (advanced users) — sheet 'Bioenergy', row 32 (activity/type: Biofuel / Biodiesel ME (from tallow))"
SCOPE_1,ref_bioenergy,biofuel_biodiesel_me_from_tallow_gj,STANDARD,UK,GJ,5.05961,"DEFRA/DESNZ 2024 full set (advanced users) — sheet 'Bioenergy', row 33 (activity/type: Biofuel / Biodiesel ME (from tallow))"
SCOPE_1,ref_bioenergy,biofuel_biodiesel_me_from_tallow_kg,STANDARD,UK,kg,0.18822,"DEFRA/DESNZ 2024 full set (advanced users) — sheet 'Bioenergy', row 34 (activity/type: Biofuel / Biodiesel ME (from tallow))"
SCOPE_1,ref_bioenergy,biofuel_biodiesel_hvo_litres,STANDARD,UK,litres,0.03558,"DEFRA/DESNZ 2024 full set (advanced users) — sheet 'Bioenergy', row 35 (activity/type: Biofuel / Biodiesel HVO)"
SCOPE_1,ref_bioenergy,biofuel_biodiesel_hvo_gj,STANDARD,UK,GJ,1.03677,"DEFRA/DESNZ 2024 full set (advanced users) — sheet 'Bioenergy', row 36 (activity/type: Biofuel / Biodiesel HVO)"
SCOPE_1,ref_bioenergy,biofuel_biodiesel_hvo_kg,STANDARD,UK,kg,0.04562,"DEFRA/DESNZ 2024 full set (advanced users) — sheet 'Bioenergy', row 37 (activity/type: Biofuel / Biodiesel HVO)"
SCOPE_1,ref_bioenergy,biofuel_biopropane_litres,STANDARD,UK,litres,0.00214,"DEFRA/DESNZ 2024 full set (advanced users) — sheet 'Bioenergy', row 38 (activity/type: Biofuel / Biopropane)"
SCOPE_1,ref_bioenergy,biofuel_biopropane_gj,STANDARD,UK,GJ,0.08952,"DEFRA/DESNZ 2024 full set (advanced users) — sheet 'Bioenergy', row 39 (activity/type: Biofuel / Biopropane)"
SCOPE_1,ref_bioenergy,biofuel_biopropane_kg,STANDARD,UK,kg,0.00415,"DEFRA/DESNZ 2024 full set (advanced users) — sheet 'Bioenergy', row 40 (activity/type: Biofuel / Biopropane)"
SCOPE_1,ref_bioenergy,biofuel_development_diesel_litres,STANDARD,UK,litres,0.03705,"DEFRA/DESNZ 2024 full set (advanced users) — sheet 'Bioenergy', row 41 (activity/type: Biofuel / Development diesel)"
SCOPE_1,ref_bioenergy,biofuel_development_diesel_gj,STANDARD,UK,GJ,1.03677,"DEFRA/DESNZ 2024 full set (advanced users) — sheet 'Bioenergy', row 42 (activity/type: Biofuel / Development diesel)"
SCOPE_1,ref_bioenergy,biofuel_development_diesel_kg,STANDARD,UK,kg,0.04461,"DEFRA/DESNZ 2024 full set (advanced users) — sheet 'Bioenergy', row 43 (activity/type: Biofuel / Development diesel)"
SCOPE_1,ref_bioenergy,biofuel_development_petrol_litres,STANDARD,UK,litres,0.01409,"DEFRA/DESNZ 2024 full set (advanced users) — sheet 'Bioenergy', row 44 (activity/type: Biofuel / Development petrol)"
SCOPE_1,ref_bioenergy,biofuel_development_petrol_gj,STANDARD,UK,GJ,0.42339,"DEFRA/DESNZ 2024 full set (advanced users) — sheet 'Bioenergy', row 45 (activity/type: Biofuel / Development petrol)"
SCOPE_1,ref_bioenergy,biofuel_development_petrol_kg,STANDARD,UK,kg,0.01888,"DEFRA/DESNZ 2024 full set (advanced users) — sheet 'Bioenergy', row 46 (activity/type: Biofuel / Development petrol)"
SCOPE_1,ref_bioenergy,biofuel_off_road_biodiesel_litres,STANDARD,UK,litres,0.16751,"DEFRA/DESNZ 2024 full set (advanced users) — sheet 'Bioenergy', row 47 (activity/type: Biofuel / Off road biodiesel)"
SCOPE_1,ref_bioenergy,biofuel_off_road_biodiesel_gj,STANDARD,UK,GJ,5.05961,"DEFRA/DESNZ 2024 full set (advanced users) — sheet 'Bioenergy', row 48 (activity/type: Biofuel / Off road biodiesel)"
SCOPE_1,ref_bioenergy,biofuel_off_road_biodiesel_kg,STANDARD,UK,kg,0.18822,"DEFRA/DESNZ 2024 full set (advanced users) — sheet 'Bioenergy', row 49 (activity/type: Biofuel / Off road biodiesel)"
SCOPE_1,ref_bioenergy,biofuel_biomethane_liquified_gj,STANDARD,UK,GJ,0.10625,"DEFRA/DESNZ 2024 full set (advanced users) — sheet 'Bioenergy', row 51 (activity/type: Biofuel / Biomethane (liquified))"
SCOPE_1,ref_bioenergy,biofuel_biomethane_liquified_kg,STANDARD,UK,kg,0.00521,"DEFRA/DESNZ 2024 full set (advanced users) — sheet 'Bioenergy', row 52 (activity/type: Biofuel / Biomethane (liquified))"
SCOPE_1,ref_bioenergy,biofuel_methanol_bio_litres,STANDARD,UK,litres,0.00669,"DEFRA/DESNZ 2024 full set (advanced users) — sheet 'Bioenergy', row 53 (activity/type: Biofuel / Methanol (bio))"
SCOPE_1,ref_bioenergy,biofuel_methanol_bio_gj,STANDARD,UK,GJ,0.42339,"DEFRA/DESNZ 2024 full set (advanced users) — sheet 'Bioenergy', row 54 (activity/type: Biofuel / Methanol (bio))"
SCOPE_1,ref_bioenergy,biofuel_methanol_bio_kg,STANDARD,UK,kg,0.00844,"DEFRA/DESNZ 2024 full set (advanced users) — sheet 'Bioenergy', row 55 (activity/type: Biofuel / Methanol (bio))"
SCOPE_1,ref_bioenergy,biofuel_avtur_renewable_litres,STANDARD,UK,litres,0.02518,"DEFRA/DESNZ 2024 full set (advanced users) — sheet 'Bioenergy', row 56 (activity/type: Biofuel / Avtur (renewable))"
SCOPE_1,ref_bioenergy,biofuel_avtur_renewable_gj,STANDARD,UK,GJ,0.7234,"DEFRA/DESNZ 2024 full set (advanced users) — sheet 'Bioenergy', row 57 (activity/type: Biofuel / Avtur (renewable))"
SCOPE_1,ref_bioenergy,biofuel_avtur_renewable_kg,STANDARD,UK,kg,0.03185,"DEFRA/DESNZ 2024 full set (advanced users) — sheet 'Bioenergy', row 58 (activity/type: Biofuel / Avtur (renewable))"
SCOPE_1,ref_bioenergy,biomass_wood_logs_tonnes,STANDARD,UK,tonnes,46.25524,"DEFRA/DESNZ 2024 full set (advanced users) — sheet 'Bioenergy', row 63 (activity/type: Biomass / Wood logs)"
SCOPE_1,ref_bioenergy,biomass_wood_logs_kwh,STANDARD,UK,kWh,0.01132,"DEFRA/DESNZ 2024 full set (advanced users) — sheet 'Bioenergy', row 64 (activity/type: Biomass / Wood logs)"
SCOPE_1,ref_bioenergy,biomass_wood_chips_tonnes,STANDARD,UK,tonnes,42.76487,"DEFRA/DESNZ 2024 full set (advanced users) — sheet 'Bioenergy', row 65 (activity/type: Biomass / Wood chips)"
SCOPE_1,ref_bioenergy,biomass_wood_chips_kwh,STANDARD,UK,kWh,0.01132,"DEFRA/DESNZ 2024 full set (advanced users) — sheet 'Bioenergy', row 66 (activity/type: Biomass / Wood chips)"
SCOPE_1,ref_bioenergy,biomass_wood_pellets_tonnes,STANDARD,UK,tonnes,54.33654,"DEFRA/DESNZ 2024 full set (advanced users) — sheet 'Bioenergy', row 67 (activity/type: Biomass / Wood pellets)"
SCOPE_1,ref_bioenergy,biomass_wood_pellets_kwh,STANDARD,UK,kWh,0.01132,"DEFRA/DESNZ 2024 full set (advanced users) — sheet 'Bioenergy', row 68 (activity/type: Biomass / Wood pellets)"
SCOPE_1,ref_bioenergy,biomass_grass_straw_tonnes,STANDARD,UK,tonnes,54.08777,"DEFRA/DESNZ 2024 full set (advanced users) — sheet 'Bioenergy', row 69 (activity/type: Biomass / Grass/straw)"
SCOPE_1,ref_bioenergy,biomass_grass_straw_kwh,STANDARD,UK,kWh,0.01454,"DEFRA/DESNZ 2024 full set (advanced users) — sheet 'Bioenergy', row 70 (activity/type: Biomass / Grass/straw)"
SCOPE_1,ref_bioenergy,biogas_biogas_tonnes,STANDARD,UK,tonnes,1.26431,"DEFRA/DESNZ 2024 full set (advanced users) — sheet 'Bioenergy', row 75 (activity/type: Biogas / Biogas)"
SCOPE_1,ref_bioenergy,biogas_biogas_kwh,STANDARD,UK,kWh,0.00023,"DEFRA/DESNZ 2024 full set (advanced users) — sheet 'Bioenergy', row 76 (activity/type: Biogas / Biogas)"
SCOPE_1,ref_bioenergy,biogas_landfill_gas_tonnes,STANDARD,UK,tonnes,0.69619,"DEFRA/DESNZ 2024 full set (advanced users) — sheet 'Bioenergy', row 77 (activity/type: Biogas / Landfill gas)"
SCOPE_1,ref_bioenergy,biogas_landfill_gas_kwh,STANDARD,UK,kWh,0.0002,"DEFRA/DESNZ 2024 full set (advanced users) — sheet 'Bioenergy', row 78 (activity/type: Biogas / Landfill gas)"
SCOPE_1,ref_refrigerant_other,kyoto_protocol_products_carbon_dioxide_emissions_including_only_kyoto_products_kg,STANDARD,UK,kg,1,"DEFRA/DESNZ 2024 full set (advanced users) — sheet 'Refrigerant & other', row 20 (group: Emissions including only Kyoto products; activity/type: Kyoto protocol products / Carbon dioxide)"
SCOPE_1,ref_refrigerant_other,kyoto_protocol_products_carbon_dioxide_total_emissions_including_non_kyoto_products_kg,STANDARD,UK,kg,1,"DEFRA/DESNZ 2024 full set (advanced users) — sheet 'Refrigerant & other', row 20 (group: Total emissions including non-Kyoto products; activity/type: Kyoto protocol products / Carbon dioxide)"
SCOPE_1,ref_refrigerant_other,kyoto_protocol_products_methane_emissions_including_only_kyoto_products_kg,STANDARD,UK,kg,28,"DEFRA/DESNZ 2024 full set (advanced users) — sheet 'Refrigerant & other', row 21 (group: Emissions including only Kyoto products; activity/type: Kyoto protocol products / Methane)"
SCOPE_1,ref_refrigerant_other,kyoto_protocol_products_methane_total_emissions_including_non_kyoto_products_kg,STANDARD,UK,kg,28,"DEFRA/DESNZ 2024 full set (advanced users) — sheet 'Refrigerant & other', row 21 (group: Total emissions including non-Kyoto products; activity/type: Kyoto protocol products / Methane)"
SCOPE_1,ref_refrigerant_other,kyoto_protocol_products_nitrous_oxide_emissions_including_only_kyoto_products_kg,STANDARD,UK,kg,265,"DEFRA/DESNZ 2024 full set (advanced users) — sheet 'Refrigerant & other', row 22 (group: Emissions including only Kyoto products; activity/type: Kyoto protocol products / Nitrous oxide)"
SCOPE_1,ref_refrigerant_other,kyoto_protocol_products_nitrous_oxide_total_emissions_including_non_kyoto_products_kg,STANDARD,UK,kg,265,"DEFRA/DESNZ 2024 full set (advanced users) — sheet 'Refrigerant & other', row 22 (group: Total emissions including non-Kyoto products; activity/type: Kyoto protocol products / Nitrous oxide)"
SCOPE_1,ref_refrigerant_other,kyoto_protocol_products_hfc_23_emissions_including_only_kyoto_products_kg,STANDARD,UK,kg,12400,"DEFRA/DESNZ 2024 full set (advanced users) — sheet 'Refrigerant & other', row 23 (group: Emissions including only Kyoto products; activity/type: Kyoto protocol products / HFC-23)"
SCOPE_1,ref_refrigerant_other,kyoto_protocol_products_hfc_23_total_emissions_including_non_kyoto_products_kg,STANDARD,UK,kg,12400,"DEFRA/DESNZ 2024 full set (advanced users) — sheet 'Refrigerant & other', row 23 (group: Total emissions including non-Kyoto products; activity/type: Kyoto protocol products / HFC-23)"
SCOPE_1,ref_refrigerant_other,kyoto_protocol_products_hfc_32_emissions_including_only_kyoto_products_kg,STANDARD,UK,kg,677,"DEFRA/DESNZ 2024 full set (advanced users) — sheet 'Refrigerant & other', row 24 (group: Emissions including only Kyoto products; activity/type: Kyoto protocol products / HFC-32)"
SCOPE_1,ref_refrigerant_other,kyoto_protocol_products_hfc_32_total_emissions_including_non_kyoto_products_kg,STANDARD,UK,kg,677,"DEFRA/DESNZ 2024 full set (advanced users) — sheet 'Refrigerant & other', row 24 (group: Total emissions including non-Kyoto products; activity/type: Kyoto protocol products / HFC-32)"
SCOPE_1,ref_refrigerant_other,kyoto_protocol_products_hfc_41_emissions_including_only_kyoto_products_kg,STANDARD,UK,kg,116,"DEFRA/DESNZ 2024 full set (advanced users) — sheet 'Refrigerant & other', row 25 (group: Emissions including only Kyoto products; activity/type: Kyoto protocol products / HFC-41)"
SCOPE_1,ref_refrigerant_other,kyoto_protocol_products_hfc_41_total_emissions_including_non_kyoto_products_kg,STANDARD,UK,kg,116,"DEFRA/DESNZ 2024 full set (advanced users) — sheet 'Refrigerant & other', row 25 (group: Total emissions including non-Kyoto products; activity/type: Kyoto protocol products / HFC-41)"
SCOPE_1,ref_refrigerant_other,kyoto_protocol_products_hfc_125_emissions_including_only_kyoto_products_kg,STANDARD,UK,kg,3170,"DEFRA/DESNZ 2024 full set (advanced users) — sheet 'Refrigerant & other', row 26 (group: Emissions including only Kyoto products; activity/type: Kyoto protocol products / HFC-125)"
SCOPE_1,ref_refrigerant_other,kyoto_protocol_products_hfc_125_total_emissions_including_non_kyoto_products_kg,STANDARD,UK,kg,3170,"DEFRA/DESNZ 2024 full set (advanced users) — sheet 'Refrigerant & other', row 26 (group: Total emissions including non-Kyoto products; activity/type: Kyoto protocol products / HFC-125)"
SCOPE_1,ref_refrigerant_other,kyoto_protocol_products_hfc_134_emissions_including_only_kyoto_products_kg,STANDARD,UK,kg,1120,"DEFRA/DESNZ 2024 full set (advanced users) — sheet 'Refrigerant & other', row 27 (group: Emissions including only Kyoto products; activity/type: Kyoto protocol products / HFC-134)"
SCOPE_1,ref_refrigerant_other,kyoto_protocol_products_hfc_134_total_emissions_including_non_kyoto_products_kg,STANDARD,UK,kg,1120,"DEFRA/DESNZ 2024 full set (advanced users) — sheet 'Refrigerant & other', row 27 (group: Total emissions including non-Kyoto products; activity/type: Kyoto protocol products / HFC-134)"
SCOPE_1,ref_refrigerant_other,kyoto_protocol_products_hfc_134a_emissions_including_only_kyoto_products_kg,STANDARD,UK,kg,1300,"DEFRA/DESNZ 2024 full set (advanced users) — sheet 'Refrigerant & other', row 28 (group: Emissions including only Kyoto products; activity/type: Kyoto protocol products / HFC-134a)"
SCOPE_1,ref_refrigerant_other,kyoto_protocol_products_hfc_134a_total_emissions_including_non_kyoto_products_kg,STANDARD,UK,kg,1300,"DEFRA/DESNZ 2024 full set (advanced users) — sheet 'Refrigerant & other', row 28 (group: Total emissions including non-Kyoto products; activity/type: Kyoto protocol products / HFC-134a)"
SCOPE_1,ref_refrigerant_other,kyoto_protocol_products_hfc_143_emissions_including_only_kyoto_products_kg,STANDARD,UK,kg,328,"DEFRA/DESNZ 2024 full set (advanced users) — sheet 'Refrigerant & other', row 29 (group: Emissions including only Kyoto products; activity/type: Kyoto protocol products / HFC-143)"
SCOPE_1,ref_refrigerant_other,kyoto_protocol_products_hfc_143_total_emissions_including_non_kyoto_products_kg,STANDARD,UK,kg,328,"DEFRA/DESNZ 2024 full set (advanced users) — sheet 'Refrigerant & other', row 29 (group: Total emissions including non-Kyoto products; activity/type: Kyoto protocol products / HFC-143)"
SCOPE_1,ref_refrigerant_other,kyoto_protocol_products_hfc_143a_emissions_including_only_kyoto_products_kg,STANDARD,UK,kg,4800,"DEFRA/DESNZ 2024 full set (advanced users) — sheet 'Refrigerant & other', row 30 (group: Emissions including only Kyoto products; activity/type: Kyoto protocol products / HFC-143a)"
SCOPE_1,ref_refrigerant_other,kyoto_protocol_products_hfc_143a_total_emissions_including_non_kyoto_products_kg,STANDARD,UK,kg,4800,"DEFRA/DESNZ 2024 full set (advanced users) — sheet 'Refrigerant & other', row 30 (group: Total emissions including non-Kyoto products; activity/type: Kyoto protocol products / HFC-143a)"
SCOPE_1,ref_refrigerant_other,kyoto_protocol_products_hfc_152a_emissions_including_only_kyoto_products_kg,STANDARD,UK,kg,138,"DEFRA/DESNZ 2024 full set (advanced users) — sheet 'Refrigerant & other', row 31 (group: Emissions including only Kyoto products; activity/type: Kyoto protocol products / HFC-152a)"
SCOPE_1,ref_refrigerant_other,kyoto_protocol_products_hfc_152a_total_emissions_including_non_kyoto_products_kg,STANDARD,UK,kg,138,"DEFRA/DESNZ 2024 full set (advanced users) — sheet 'Refrigerant & other', row 31 (group: Total emissions including non-Kyoto products; activity/type: Kyoto protocol products / HFC-152a)"
SCOPE_1,ref_refrigerant_other,kyoto_protocol_products_hfc_227ea_emissions_including_only_kyoto_products_kg,STANDARD,UK,kg,3350,"DEFRA/DESNZ 2024 full set (advanced users) — sheet 'Refrigerant & other', row 32 (group: Emissions including only Kyoto products; activity/type: Kyoto protocol products / HFC-227ea)"
SCOPE_1,ref_refrigerant_other,kyoto_protocol_products_hfc_227ea_total_emissions_including_non_kyoto_products_kg,STANDARD,UK,kg,3350,"DEFRA/DESNZ 2024 full set (advanced users) — sheet 'Refrigerant & other', row 32 (group: Total emissions including non-Kyoto products; activity/type: Kyoto protocol products / HFC-227ea)"
SCOPE_1,ref_refrigerant_other,kyoto_protocol_products_hfc_236fa_emissions_including_only_kyoto_products_kg,STANDARD,UK,kg,8060,"DEFRA/DESNZ 2024 full set (advanced users) — sheet 'Refrigerant & other', row 33 (group: Emissions including only Kyoto products; activity/type: Kyoto protocol products / HFC-236fa)"
SCOPE_1,ref_refrigerant_other,kyoto_protocol_products_hfc_236fa_total_emissions_including_non_kyoto_products_kg,STANDARD,UK,kg,8060,"DEFRA/DESNZ 2024 full set (advanced users) — sheet 'Refrigerant & other', row 33 (group: Total emissions including non-Kyoto products; activity/type: Kyoto protocol products / HFC-236fa)"
SCOPE_1,ref_refrigerant_other,kyoto_protocol_products_hfc_245fa_emissions_including_only_kyoto_products_kg,STANDARD,UK,kg,858,"DEFRA/DESNZ 2024 full set (advanced users) — sheet 'Refrigerant & other', row 34 (group: Emissions including only Kyoto products; activity/type: Kyoto protocol products / HFC-245fa)"
SCOPE_1,ref_refrigerant_other,kyoto_protocol_products_hfc_245fa_total_emissions_including_non_kyoto_products_kg,STANDARD,UK,kg,858,"DEFRA/DESNZ 2024 full set (advanced users) — sheet 'Refrigerant & other', row 34 (group: Total emissions including non-Kyoto products; activity/type: Kyoto protocol products / HFC-245fa)"
SCOPE_1,ref_refrigerant_other,kyoto_protocol_products_hfc_43_i0mee_emissions_including_only_kyoto_products_kg,STANDARD,UK,kg,1650,"DEFRA/DESNZ 2024 full set (advanced users) — sheet 'Refrigerant & other', row 35 (group: Emissions including only Kyoto products; activity/type: Kyoto protocol products / HFC-43-I0mee)"
SCOPE_1,ref_refrigerant_other,kyoto_protocol_products_hfc_43_i0mee_total_emissions_including_non_kyoto_products_kg,STANDARD,UK,kg,1650,"DEFRA/DESNZ 2024 full set (advanced users) — sheet 'Refrigerant & other', row 35 (group: Total emissions including non-Kyoto products; activity/type: Kyoto protocol products / HFC-43-I0mee)"
SCOPE_1,ref_refrigerant_other,kyoto_protocol_products_perfluoromethane_pfc_14_emissions_including_only_kyoto_products_kg,STANDARD,UK,kg,6630,"DEFRA/DESNZ 2024 full set (advanced users) — sheet 'Refrigerant & other', row 36 (group: Emissions including only Kyoto products; activity/type: Kyoto protocol products / Perfluoromethane (PFC-14))"
SCOPE_1,ref_refrigerant_other,kyoto_protocol_products_perfluoromethane_pfc_14_total_emissions_including_non_kyoto_products_kg,STANDARD,UK,kg,6630,"DEFRA/DESNZ 2024 full set (advanced users) — sheet 'Refrigerant & other', row 36 (group: Total emissions including non-Kyoto products; activity/type: Kyoto protocol products / Perfluoromethane (PFC-14))"
SCOPE_1,ref_refrigerant_other,kyoto_protocol_products_perfluoroethane_pfc_116_emissions_including_only_kyoto_products_kg,STANDARD,UK,kg,11100,"DEFRA/DESNZ 2024 full set (advanced users) — sheet 'Refrigerant & other', row 37 (group: Emissions including only Kyoto products; activity/type: Kyoto protocol products / Perfluoroethane (PFC-116))"
SCOPE_1,ref_refrigerant_other,kyoto_protocol_products_perfluoroethane_pfc_116_total_emissions_including_non_kyoto_products_kg,STANDARD,UK,kg,11100,"DEFRA/DESNZ 2024 full set (advanced users) — sheet 'Refrigerant & other', row 37 (group: Total emissions including non-Kyoto products; activity/type: Kyoto protocol products / Perfluoroethane (PFC-116))"
SCOPE_1,ref_refrigerant_other,kyoto_protocol_products_perfluoropropane_pfc_218_emissions_including_only_kyoto_products_kg,STANDARD,UK,kg,8900,"DEFRA/DESNZ 2024 full set (advanced users) — sheet 'Refrigerant & other', row 38 (group: Emissions including only Kyoto products; activity/type: Kyoto protocol products / Perfluoropropane (PFC-218))"
SCOPE_1,ref_refrigerant_other,kyoto_protocol_products_perfluoropropane_pfc_218_total_emissions_including_non_kyoto_products_kg,STANDARD,UK,kg,8900,"DEFRA/DESNZ 2024 full set (advanced users) — sheet 'Refrigerant & other', row 38 (group: Total emissions including non-Kyoto products; activity/type: Kyoto protocol products / Perfluoropropane (PFC-218))"
SCOPE_1,ref_refrigerant_other,kyoto_protocol_products_perfluorocyclobutane_pfc_318_emissions_including_only_kyoto_products_kg,STANDARD,UK,kg,9540,"DEFRA/DESNZ 2024 full set (advanced users) — sheet 'Refrigerant & other', row 39 (group: Emissions including only Kyoto products; activity/type: Kyoto protocol products / Perfluorocyclobutane (PFC-318))"
SCOPE_1,ref_refrigerant_other,kyoto_protocol_products_perfluorocyclobutane_pfc_318_total_emissions_including_non_kyoto_products_kg,STANDARD,UK,kg,9540,"DEFRA/DESNZ 2024 full set (advanced users) — sheet 'Refrigerant & other', row 39 (group: Total emissions including non-Kyoto products; activity/type: Kyoto protocol products / Perfluorocyclobutane (PFC-318))"
SCOPE_1,ref_refrigerant_other,kyoto_protocol_products_perfluorobutane_pfc_3_1_10_emissions_including_only_kyoto_products_kg,STANDARD,UK,kg,9200,"DEFRA/DESNZ 2024 full set (advanced users) — sheet 'Refrigerant & other', row 40 (group: Emissions including only Kyoto products; activity/type: Kyoto protocol products / Perfluorobutane (PFC-3-1-10))"
SCOPE_1,ref_refrigerant_other,kyoto_protocol_products_perfluorobutane_pfc_3_1_10_total_emissions_including_non_kyoto_products_kg,STANDARD,UK,kg,9200,"DEFRA/DESNZ 2024 full set (advanced users) — sheet 'Refrigerant & other', row 40 (group: Total emissions including non-Kyoto products; activity/type: Kyoto protocol products / Perfluorobutane (PFC-3-1-10))"
SCOPE_1,ref_refrigerant_other,kyoto_protocol_products_perfluoropentane_pfc_4_1_12_emissions_including_only_kyoto_products_kg,STANDARD,UK,kg,8550,"DEFRA/DESNZ 2024 full set (advanced users) — sheet 'Refrigerant & other', row 41 (group: Emissions including only Kyoto products; activity/type: Kyoto protocol products / Perfluoropentane (PFC-4-1-12))"
SCOPE_1,ref_refrigerant_other,kyoto_protocol_products_perfluoropentane_pfc_4_1_12_total_emissions_including_non_kyoto_products_kg,STANDARD,UK,kg,8550,"DEFRA/DESNZ 2024 full set (advanced users) — sheet 'Refrigerant & other', row 41 (group: Total emissions including non-Kyoto products; activity/type: Kyoto protocol products / Perfluoropentane (PFC-4-1-12))"
SCOPE_1,ref_refrigerant_other,kyoto_protocol_products_perfluorohexane_pfc_5_1_14_emissions_including_only_kyoto_products_kg,STANDARD,UK,kg,7910,"DEFRA/DESNZ 2024 full set (advanced users) — sheet 'Refrigerant & other', row 42 (group: Emissions including only Kyoto products; activity/type: Kyoto protocol products / Perfluorohexane (PFC-5-1-14))"
SCOPE_1,ref_refrigerant_other,kyoto_protocol_products_perfluorohexane_pfc_5_1_14_total_emissions_including_non_kyoto_products_kg,STANDARD,UK,kg,7910,"DEFRA/DESNZ 2024 full set (advanced users) — sheet 'Refrigerant & other', row 42 (group: Total emissions including non-Kyoto products; activity/type: Kyoto protocol products / Perfluorohexane (PFC-5-1-14))"
SCOPE_1,ref_refrigerant_other,kyoto_protocol_products_pfc_9_1_18_emissions_including_only_kyoto_products_kg,STANDARD,UK,kg,7190,"DEFRA/DESNZ 2024 full set (advanced users) — sheet 'Refrigerant & other', row 43 (group: Emissions including only Kyoto products; activity/type: Kyoto protocol products / PFC-9-1-18)"
SCOPE_1,ref_refrigerant_other,kyoto_protocol_products_pfc_9_1_18_total_emissions_including_non_kyoto_products_kg,STANDARD,UK,kg,7190,"DEFRA/DESNZ 2024 full set (advanced users) — sheet 'Refrigerant & other', row 43 (group: Total emissions including non-Kyoto products; activity/type: Kyoto protocol products / PFC-9-1-18)"
SCOPE_1,ref_refrigerant_other,kyoto_protocol_products_perfluorocyclopropane_emissions_including_only_kyoto_products_kg,STANDARD,UK,kg,9200,"DEFRA/DESNZ 2024 full set (advanced users) — sheet 'Refrigerant & other', row 44 (group: Emissions including only Kyoto products; activity/type: Kyoto protocol products / Perfluorocyclopropane)"
SCOPE_1,ref_refrigerant_other,kyoto_protocol_products_perfluorocyclopropane_total_emissions_including_non_kyoto_products_kg,STANDARD,UK,kg,9200,"DEFRA/DESNZ 2024 full set (advanced users) — sheet 'Refrigerant & other', row 44 (group: Total emissions including non-Kyoto products; activity/type: Kyoto protocol products / Perfluorocyclopropane)"
SCOPE_1,ref_refrigerant_other,kyoto_protocol_products_sulphur_hexafluoride_sf6_emissions_including_only_kyoto_products_kg,STANDARD,UK,kg,23500,"DEFRA/DESNZ 2024 full set (advanced users) — sheet 'Refrigerant & other', row 45 (group: Emissions including only Kyoto products; activity/type: Kyoto protocol products / Sulphur hexafluoride (SF6))"
SCOPE_1,ref_refrigerant_other,kyoto_protocol_products_sulphur_hexafluoride_sf6_total_emissions_including_non_kyoto_products_kg,STANDARD,UK,kg,23500,"DEFRA/DESNZ 2024 full set (advanced users) — sheet 'Refrigerant & other', row 45 (group: Total emissions including non-Kyoto products; activity/type: Kyoto protocol products / Sulphur hexafluoride (SF6))"
SCOPE_1,ref_refrigerant_other,kyoto_protocol_products_hfc_152_emissions_including_only_kyoto_products_kg,STANDARD,UK,kg,16,"DEFRA/DESNZ 2024 full set (advanced users) — sheet 'Refrigerant & other', row 46 (group: Emissions including only Kyoto products; activity/type: Kyoto protocol products / HFC-152)"
SCOPE_1,ref_refrigerant_other,kyoto_protocol_products_hfc_152_total_emissions_including_non_kyoto_products_kg,STANDARD,UK,kg,16,"DEFRA/DESNZ 2024 full set (advanced users) — sheet 'Refrigerant & other', row 46 (group: Total emissions including non-Kyoto products; activity/type: Kyoto protocol products / HFC-152)"
SCOPE_1,ref_refrigerant_other,kyoto_protocol_products_hfc_161_emissions_including_only_kyoto_products_kg,STANDARD,UK,kg,4,"DEFRA/DESNZ 2024 full set (advanced users) — sheet 'Refrigerant & other', row 47 (group: Emissions including only Kyoto products; activity/type: Kyoto protocol products / HFC-161)"
SCOPE_1,ref_refrigerant_other,kyoto_protocol_products_hfc_161_total_emissions_including_non_kyoto_products_kg,STANDARD,UK,kg,4,"DEFRA/DESNZ 2024 full set (advanced users) — sheet 'Refrigerant & other', row 47 (group: Total emissions including non-Kyoto products; activity/type: Kyoto protocol products / HFC-161)"
SCOPE_1,ref_refrigerant_other,kyoto_protocol_products_hfc_236cb_emissions_including_only_kyoto_products_kg,STANDARD,UK,kg,1210,"DEFRA/DESNZ 2024 full set (advanced users) — sheet 'Refrigerant & other', row 48 (group: Emissions including only Kyoto products; activity/type: Kyoto protocol products / HFC-236cb)"
SCOPE_1,ref_refrigerant_other,kyoto_protocol_products_hfc_236cb_total_emissions_including_non_kyoto_products_kg,STANDARD,UK,kg,1210,"DEFRA/DESNZ 2024 full set (advanced users) — sheet 'Refrigerant & other', row 48 (group: Total emissions including non-Kyoto products; activity/type: Kyoto protocol products / HFC-236cb)"
SCOPE_1,ref_refrigerant_other,kyoto_protocol_products_hfc_236ea_emissions_including_only_kyoto_products_kg,STANDARD,UK,kg,1330,"DEFRA/DESNZ 2024 full set (advanced users) — sheet 'Refrigerant & other', row 49 (group: Emissions including only Kyoto products; activity/type: Kyoto protocol products / HFC-236ea)"
SCOPE_1,ref_refrigerant_other,kyoto_protocol_products_hfc_236ea_total_emissions_including_non_kyoto_products_kg,STANDARD,UK,kg,1330,"DEFRA/DESNZ 2024 full set (advanced users) — sheet 'Refrigerant & other', row 49 (group: Total emissions including non-Kyoto products; activity/type: Kyoto protocol products / HFC-236ea)"
SCOPE_1,ref_refrigerant_other,kyoto_protocol_products_hfc_245ca_emissions_including_only_kyoto_products_kg,STANDARD,UK,kg,716,"DEFRA/DESNZ 2024 full set (advanced users) — sheet 'Refrigerant & other', row 50 (group: Emissions including only Kyoto products; activity/type: Kyoto protocol products / HFC-245ca)"
SCOPE_1,ref_refrigerant_other,kyoto_protocol_products_hfc_245ca_total_emissions_including_non_kyoto_products_kg,STANDARD,UK,kg,716,"DEFRA/DESNZ 2024 full set (advanced users) — sheet 'Refrigerant & other', row 50 (group: Total emissions including non-Kyoto products; activity/type: Kyoto protocol products / HFC-245ca)"
SCOPE_1,ref_refrigerant_other,kyoto_protocol_products_hfc_365mfc_emissions_including_only_kyoto_products_kg,STANDARD,UK,kg,804,"DEFRA/DESNZ 2024 full set (advanced users) — sheet 'Refrigerant & other', row 51 (group: Emissions including only Kyoto products; activity/type: Kyoto protocol products / HFC-365mfc)"
SCOPE_1,ref_refrigerant_other,kyoto_protocol_products_hfc_365mfc_total_emissions_including_non_kyoto_products_kg,STANDARD,UK,kg,804,"DEFRA/DESNZ 2024 full set (advanced users) — sheet 'Refrigerant & other', row 51 (group: Total emissions including non-Kyoto products; activity/type: Kyoto protocol products / HFC-365mfc)"
SCOPE_1,ref_refrigerant_other,kyoto_protocol_products_nitrogen_trifluoride_emissions_including_only_kyoto_products_kg,STANDARD,UK,kg,16100,"DEFRA/DESNZ 2024 full set (advanced users) — sheet 'Refrigerant & other', row 52 (group: Emissions including only Kyoto products; activity/type: Kyoto protocol products / Nitrogen trifluoride)"
SCOPE_1,ref_refrigerant_other,kyoto_protocol_products_nitrogen_trifluoride_total_emissions_including_non_kyoto_products_kg,STANDARD,UK,kg,16100,"DEFRA/DESNZ 2024 full set (advanced users) — sheet 'Refrigerant & other', row 52 (group: Total emissions including non-Kyoto products; activity/type: Kyoto protocol products / Nitrogen trifluoride)"
SCOPE_1,ref_refrigerant_other,blends_r401a_emissions_including_only_kyoto_products_kg,STANDARD,UK,kg,18,"DEFRA/DESNZ 2024 full set (advanced users) — sheet 'Refrigerant & other', row 57 (group: Emissions including only Kyoto products; activity/type: Blends / R401A)"
SCOPE_1,ref_refrigerant_other,blends_r401a_emissions_including_only_non_kyoto_products_kg,STANDARD,UK,kg,1112,"DEFRA/DESNZ 2024 full set (advanced users) — sheet 'Refrigerant & other', row 57 (group: Emissions including only non-Kyoto products; activity/type: Blends / R401A)"
SCOPE_1,ref_refrigerant_other,blends_r401a_total_emissions_including_non_kyoto_products_kg,STANDARD,UK,kg,1130,"DEFRA/DESNZ 2024 full set (advanced users) — sheet 'Refrigerant & other', row 57 (group: Total emissions including non-Kyoto products; activity/type: Blends / R401A)"
SCOPE_1,ref_refrigerant_other,blends_r401b_emissions_including_only_kyoto_products_kg,STANDARD,UK,kg,15,"DEFRA/DESNZ 2024 full set (advanced users) — sheet 'Refrigerant & other', row 58 (group: Emissions including only Kyoto products; activity/type: Blends / R401B)"
SCOPE_1,ref_refrigerant_other,blends_r401b_emissions_including_only_non_kyoto_products_kg,STANDARD,UK,kg,1221,"DEFRA/DESNZ 2024 full set (advanced users) — sheet 'Refrigerant & other', row 58 (group: Emissions including only non-Kyoto products; activity/type: Blends / R401B)"
SCOPE_1,ref_refrigerant_other,blends_r401b_total_emissions_including_non_kyoto_products_kg,STANDARD,UK,kg,1236,"DEFRA/DESNZ 2024 full set (advanced users) — sheet 'Refrigerant & other', row 58 (group: Total emissions including non-Kyoto products; activity/type: Blends / R401B)"
SCOPE_1,ref_refrigerant_other,blends_r401c_emissions_including_only_kyoto_products_kg,STANDARD,UK,kg,21,"DEFRA/DESNZ 2024 full set (advanced users) — sheet 'Refrigerant & other', row 59 (group: Emissions including only Kyoto products; activity/type: Blends / R401C)"
SCOPE_1,ref_refrigerant_other,blends_r401c_emissions_including_only_non_kyoto_products_kg,STANDARD,UK,kg,855,"DEFRA/DESNZ 2024 full set (advanced users) — sheet 'Refrigerant & other', row 59 (group: Emissions including only non-Kyoto products; activity/type: Blends / R401C)"
SCOPE_1,ref_refrigerant_other,blends_r401c_total_emissions_including_non_kyoto_products_kg,STANDARD,UK,kg,876,"DEFRA/DESNZ 2024 full set (advanced users) — sheet 'Refrigerant & other', row 59 (group: Total emissions including non-Kyoto products; activity/type: Blends / R401C)"
SCOPE_1,ref_refrigerant_other,blends_r402a_emissions_including_only_kyoto_products_kg,STANDARD,UK,kg,1902,"DEFRA/DESNZ 2024 full set (advanced users) — sheet 'Refrigerant & other', row 60 (group: Emissions including only Kyoto products; activity/type: Blends / R402A)"
SCOPE_1,ref_refrigerant_other,blends_r402a_emissions_including_only_non_kyoto_products_kg,STANDARD,UK,kg,669,"DEFRA/DESNZ 2024 full set (advanced users) — sheet 'Refrigerant & other', row 60 (group: Emissions including only non-Kyoto products; activity/type: Blends / R402A)"
SCOPE_1,ref_refrigerant_other,blends_r402a_total_emissions_including_non_kyoto_products_kg,STANDARD,UK,kg,2571,"DEFRA/DESNZ 2024 full set (advanced users) — sheet 'Refrigerant & other', row 60 (group: Total emissions including non-Kyoto products; activity/type: Blends / R402A)"
SCOPE_1,ref_refrigerant_other,blends_r402b_emissions_including_only_kyoto_products_kg,STANDARD,UK,kg,1205,"DEFRA/DESNZ 2024 full set (advanced users) — sheet 'Refrigerant & other', row 61 (group: Emissions including only Kyoto products; activity/type: Blends / R402B)"
SCOPE_1,ref_refrigerant_other,blends_r402b_emissions_including_only_non_kyoto_products_kg,STANDARD,UK,kg,1056,"DEFRA/DESNZ 2024 full set (advanced users) — sheet 'Refrigerant & other', row 61 (group: Emissions including only non-Kyoto products; activity/type: Blends / R402B)"
SCOPE_1,ref_refrigerant_other,blends_r402b_total_emissions_including_non_kyoto_products_kg,STANDARD,UK,kg,2261,"DEFRA/DESNZ 2024 full set (advanced users) — sheet 'Refrigerant & other', row 61 (group: Total emissions including non-Kyoto products; activity/type: Blends / R402B)"
SCOPE_1,ref_refrigerant_other,blends_r403a_emissions_including_only_kyoto_products_kg,STANDARD,UK,kg,1780,"DEFRA/DESNZ 2024 full set (advanced users) — sheet 'Refrigerant & other', row 62 (group: Emissions including only Kyoto products; activity/type: Blends / R403A)"
SCOPE_1,ref_refrigerant_other,blends_r403a_emissions_including_only_non_kyoto_products_kg,STANDARD,UK,kg,1320,"DEFRA/DESNZ 2024 full set (advanced users) — sheet 'Refrigerant & other', row 62 (group: Emissions including only non-Kyoto products; activity/type: Blends / R403A)"
SCOPE_1,ref_refrigerant_other,blends_r403a_total_emissions_including_non_kyoto_products_kg,STANDARD,UK,kg,3100,"DEFRA/DESNZ 2024 full set (advanced users) — sheet 'Refrigerant & other', row 62 (group: Total emissions including non-Kyoto products; activity/type: Blends / R403A)"
SCOPE_1,ref_refrigerant_other,blends_r403b_emissions_including_only_kyoto_products_kg,STANDARD,UK,kg,3471,"DEFRA/DESNZ 2024 full set (advanced users) — sheet 'Refrigerant & other', row 63 (group: Emissions including only Kyoto products; activity/type: Blends / R403B)"
SCOPE_1,ref_refrigerant_other,blends_r403b_emissions_including_only_non_kyoto_products_kg,STANDARD,UK,kg,986,"DEFRA/DESNZ 2024 full set (advanced users) — sheet 'Refrigerant & other', row 63 (group: Emissions including only non-Kyoto products; activity/type: Blends / R403B)"
SCOPE_1,ref_refrigerant_other,blends_r403b_total_emissions_including_non_kyoto_products_kg,STANDARD,UK,kg,4457,"DEFRA/DESNZ 2024 full set (advanced users) — sheet 'Refrigerant & other', row 63 (group: Total emissions including non-Kyoto products; activity/type: Blends / R403B)"
SCOPE_1,ref_refrigerant_other,blends_r404a_emissions_including_only_kyoto_products_kg,STANDARD,UK,kg,3943,"DEFRA/DESNZ 2024 full set (advanced users) — sheet 'Refrigerant & other', row 64 (group: Emissions including only Kyoto products; activity/type: Blends / R404A)"
SCOPE_1,ref_refrigerant_other,blends_r404a_total_emissions_including_non_kyoto_products_kg,STANDARD,UK,kg,3943,"DEFRA/DESNZ 2024 full set (advanced users) — sheet 'Refrigerant & other', row 64 (group: Total emissions including non-Kyoto products; activity/type: Blends / R404A)"
SCOPE_1,ref_refrigerant_other,blends_r405a_emissions_including_only_kyoto_products_kg,STANDARD,UK,kg,3920,"DEFRA/DESNZ 2024 full set (advanced users) — sheet 'Refrigerant & other', row 65 (group: Emissions including only Kyoto products; activity/type: Blends / R405A)"
SCOPE_1,ref_refrigerant_other,blends_r405a_emissions_including_only_non_kyoto_products_kg,STANDARD,UK,kg,901,"DEFRA/DESNZ 2024 full set (advanced users) — sheet 'Refrigerant & other', row 65 (group: Emissions including only non-Kyoto products; activity/type: Blends / R405A)"
SCOPE_1,ref_refrigerant_other,blends_r405a_total_emissions_including_non_kyoto_products_kg,STANDARD,UK,kg,4821,"DEFRA/DESNZ 2024 full set (advanced users) — sheet 'Refrigerant & other', row 65 (group: Total emissions including non-Kyoto products; activity/type: Blends / R405A)"
SCOPE_1,ref_refrigerant_other,blends_r406a_emissions_including_only_non_kyoto_products_kg,STANDARD,UK,kg,1780,"DEFRA/DESNZ 2024 full set (advanced users) — sheet 'Refrigerant & other', row 66 (group: Emissions including only non-Kyoto products; activity/type: Blends / R406A)"
SCOPE_1,ref_refrigerant_other,blends_r406a_total_emissions_including_non_kyoto_products_kg,STANDARD,UK,kg,1780,"DEFRA/DESNZ 2024 full set (advanced users) — sheet 'Refrigerant & other', row 66 (group: Total emissions including non-Kyoto products; activity/type: Blends / R406A)"
SCOPE_1,ref_refrigerant_other,blends_r407a_emissions_including_only_kyoto_products_kg,STANDARD,UK,kg,1923,"DEFRA/DESNZ 2024 full set (advanced users) — sheet 'Refrigerant & other', row 67 (group: Emissions including only Kyoto products; activity/type: Blends / R407A)"
SCOPE_1,ref_refrigerant_other,blends_r407a_total_emissions_including_non_kyoto_products_kg,STANDARD,UK,kg,1923,"DEFRA/DESNZ 2024 full set (advanced users) — sheet 'Refrigerant & other', row 67 (group: Total emissions including non-Kyoto products; activity/type: Blends / R407A)"
SCOPE_1,ref_refrigerant_other,blends_r407b_emissions_including_only_kyoto_products_kg,STANDARD,UK,kg,2547,"DEFRA/DESNZ 2024 full set (advanced users) — sheet 'Refrigerant & other', row 68 (group: Emissions including only Kyoto products; activity/type: Blends / R407B)"
SCOPE_1,ref_refrigerant_other,blends_r407b_total_emissions_including_non_kyoto_products_kg,STANDARD,UK,kg,2547,"DEFRA/DESNZ 2024 full set (advanced users) — sheet 'Refrigerant & other', row 68 (group: Total emissions including non-Kyoto products; activity/type: Blends / R407B)"
SCOPE_1,ref_refrigerant_other,blends_r407c_emissions_including_only_kyoto_products_kg,STANDARD,UK,kg,1624,"DEFRA/DESNZ 2024 full set (advanced users) — sheet 'Refrigerant & other', row 69 (group: Emissions including only Kyoto products; activity/type: Blends / R407C)"
SCOPE_1,ref_refrigerant_other,blends_r407c_total_emissions_including_non_kyoto_products_kg,STANDARD,UK,kg,1624,"DEFRA/DESNZ 2024 full set (advanced users) — sheet 'Refrigerant & other', row 69 (group: Total emissions including non-Kyoto products; activity/type: Blends / R407C)"
SCOPE_1,ref_refrigerant_other,blends_r407d_emissions_including_only_kyoto_products_kg,STANDARD,UK,kg,1487,"DEFRA/DESNZ 2024 full set (advanced users) — sheet 'Refrigerant & other', row 70 (group: Emissions including only Kyoto products; activity/type: Blends / R407D)"
SCOPE_1,ref_refrigerant_other,blends_r407d_total_emissions_including_non_kyoto_products_kg,STANDARD,UK,kg,1487,"DEFRA/DESNZ 2024 full set (advanced users) — sheet 'Refrigerant & other', row 70 (group: Total emissions including non-Kyoto products; activity/type: Blends / R407D)"
SCOPE_1,ref_refrigerant_other,blends_r407e_emissions_including_only_kyoto_products_kg,STANDARD,UK,kg,1425,"DEFRA/DESNZ 2024 full set (advanced users) — sheet 'Refrigerant & other', row 71 (group: Emissions including only Kyoto products; activity/type: Blends / R407E)"
SCOPE_1,ref_refrigerant_other,blends_r407e_total_emissions_including_non_kyoto_products_kg,STANDARD,UK,kg,1425,"DEFRA/DESNZ 2024 full set (advanced users) — sheet 'Refrigerant & other', row 71 (group: Total emissions including non-Kyoto products; activity/type: Blends / R407E)"
SCOPE_1,ref_refrigerant_other,blends_r407f_emissions_including_only_kyoto_products_kg,STANDARD,UK,kg,1674,"DEFRA/DESNZ 2024 full set (advanced users) — sheet 'Refrigerant & other', row 72 (group: Emissions including only Kyoto products; activity/type: Blends / R407F)"
SCOPE_1,ref_refrigerant_other,blends_r407f_total_emissions_including_non_kyoto_products_kg,STANDARD,UK,kg,1674,"DEFRA/DESNZ 2024 full set (advanced users) — sheet 'Refrigerant & other', row 72 (group: Total emissions including non-Kyoto products; activity/type: Blends / R407F)"
SCOPE_1,ref_refrigerant_other,blends_r408a_emissions_including_only_kyoto_products_kg,STANDARD,UK,kg,2430,"DEFRA/DESNZ 2024 full set (advanced users) — sheet 'Refrigerant & other', row 73 (group: Emissions including only Kyoto products; activity/type: Blends / R408A)"
SCOPE_1,ref_refrigerant_other,blends_r408a_emissions_including_only_non_kyoto_products_kg,STANDARD,UK,kg,827,"DEFRA/DESNZ 2024 full set (advanced users) — sheet 'Refrigerant & other', row 73 (group: Emissions including only non-Kyoto products; activity/type: Blends / R408A)"
SCOPE_1,ref_refrigerant_other,blends_r408a_total_emissions_including_non_kyoto_products_kg,STANDARD,UK,kg,3257,"DEFRA/DESNZ 2024 full set (advanced users) — sheet 'Refrigerant & other', row 73 (group: Total emissions including non-Kyoto products; activity/type: Blends / R408A)"
SCOPE_1,ref_refrigerant_other,blends_r409a_emissions_including_only_non_kyoto_products_kg,STANDARD,UK,kg,1485,"DEFRA/DESNZ 2024 full set (advanced users) — sheet 'Refrigerant & other', row 74 (group: Emissions including only non-Kyoto products; activity/type: Blends / R409A)"
SCOPE_1,ref_refrigerant_other,blends_r409a_total_emissions_including_non_kyoto_products_kg,STANDARD,UK,kg,1485,"DEFRA/DESNZ 2024 full set (advanced users) — sheet 'Refrigerant & other', row 74 (group: Total emissions including non-Kyoto products; activity/type: Blends / R409A)"
SCOPE_1,ref_refrigerant_other,blends_r409b_emissions_including_only_non_kyoto_products_kg,STANDARD,UK,kg,1474,"DEFRA/DESNZ 2024 full set (advanced users) — sheet 'Refrigerant & other', row 75 (group: Emissions including only non-Kyoto products; activity/type: Blends / R409B)"
SCOPE_1,ref_refrigerant_other,blends_r409b_total_emissions_including_non_kyoto_products_kg,STANDARD,UK,kg,1474,"DEFRA/DESNZ 2024 full set (advanced users) — sheet 'Refrigerant & other', row 75 (group: Total emissions including non-Kyoto products; activity/type: Blends / R409B)"
SCOPE_1,ref_refrigerant_other,blends_r410a_emissions_including_only_kyoto_products_kg,STANDARD,UK,kg,1924,"DEFRA/DESNZ 2024 full set (advanced users) — sheet 'Refrigerant & other', row 76 (group: Emissions including only Kyoto products; activity/type: Blends / R410A)"
SCOPE_1,ref_refrigerant_other,blends_r410a_total_emissions_including_non_kyoto_products_kg,STANDARD,UK,kg,1924,"DEFRA/DESNZ 2024 full set (advanced users) — sheet 'Refrigerant & other', row 76 (group: Total emissions including non-Kyoto products; activity/type: Blends / R410A)"
SCOPE_1,ref_refrigerant_other,blends_r410b_emissions_including_only_kyoto_products_kg,STANDARD,UK,kg,2048,"DEFRA/DESNZ 2024 full set (advanced users) — sheet 'Refrigerant & other', row 77 (group: Emissions including only Kyoto products; activity/type: Blends / R410B)"
SCOPE_1,ref_refrigerant_other,blends_r410b_total_emissions_including_non_kyoto_products_kg,STANDARD,UK,kg,2048,"DEFRA/DESNZ 2024 full set (advanced users) — sheet 'Refrigerant & other', row 77 (group: Total emissions including non-Kyoto products; activity/type: Blends / R410B)"
SCOPE_1,ref_refrigerant_other,blends_r411a_emissions_including_only_kyoto_products_kg,STANDARD,UK,kg,15,"DEFRA/DESNZ 2024 full set (advanced users) — sheet 'Refrigerant & other', row 78 (group: Emissions including only Kyoto products; activity/type: Blends / R411A)"
SCOPE_1,ref_refrigerant_other,blends_r411a_emissions_including_only_non_kyoto_products_kg,STANDARD,UK,kg,1540,"DEFRA/DESNZ 2024 full set (advanced users) — sheet 'Refrigerant & other', row 78 (group: Emissions including only non-Kyoto products; activity/type: Blends / R411A)"
SCOPE_1,ref_refrigerant_other,blends_r411a_total_emissions_including_non_kyoto_products_kg,STANDARD,UK,kg,1555,"DEFRA/DESNZ 2024 full set (advanced users) — sheet 'Refrigerant & other', row 78 (group: Total emissions including non-Kyoto products; activity/type: Blends / R411A)"
SCOPE_1,ref_refrigerant_other,blends_r411b_emissions_including_only_kyoto_products_kg,STANDARD,UK,kg,4,"DEFRA/DESNZ 2024 full set (advanced users) — sheet 'Refrigerant & other', row 79 (group: Emissions including only Kyoto products; activity/type: Blends / R411B)"
SCOPE_1,ref_refrigerant_other,blends_r411b_emissions_including_only_non_kyoto_products_kg,STANDARD,UK,kg,1654,"DEFRA/DESNZ 2024 full set (advanced users) — sheet 'Refrigerant & other', row 79 (group: Emissions including only non-Kyoto products; activity/type: Blends / R411B)"
SCOPE_1,ref_refrigerant_other,blends_r411b_total_emissions_including_non_kyoto_products_kg,STANDARD,UK,kg,1659,"DEFRA/DESNZ 2024 full set (advanced users) — sheet 'Refrigerant & other', row 79 (group: Total emissions including non-Kyoto products; activity/type: Blends / R411B)"
SCOPE_1,ref_refrigerant_other,blends_r412a_emissions_including_only_kyoto_products_kg,STANDARD,UK,kg,445,"DEFRA/DESNZ 2024 full set (advanced users) — sheet 'Refrigerant & other', row 80 (group: Emissions including only Kyoto products; activity/type: Blends / R412A)"
SCOPE_1,ref_refrigerant_other,blends_r412a_emissions_including_only_non_kyoto_products_kg,STANDARD,UK,kg,1727,"DEFRA/DESNZ 2024 full set (advanced users) — sheet 'Refrigerant & other', row 80 (group: Emissions including only non-Kyoto products; activity/type: Blends / R412A)"
SCOPE_1,ref_refrigerant_other,blends_r412a_total_emissions_including_non_kyoto_products_kg,STANDARD,UK,kg,2172,"DEFRA/DESNZ 2024 full set (advanced users) — sheet 'Refrigerant & other', row 80 (group: Total emissions including non-Kyoto products; activity/type: Blends / R412A)"
SCOPE_1,ref_refrigerant_other,blends_r413a_emissions_including_only_kyoto_products_kg,STANDARD,UK,kg,1945,"DEFRA/DESNZ 2024 full set (advanced users) — sheet 'Refrigerant & other', row 81 (group: Emissions including only Kyoto products; activity/type: Blends / R413A)"
SCOPE_1,ref_refrigerant_other,blends_r413a_total_emissions_including_non_kyoto_products_kg,STANDARD,UK,kg,1945,"DEFRA/DESNZ 2024 full set (advanced users) — sheet 'Refrigerant & other', row 81 (group: Total emissions including non-Kyoto products; activity/type: Blends / R413A)"
SCOPE_1,ref_refrigerant_other,blends_r414a_emissions_including_only_non_kyoto_products_kg,STANDARD,UK,kg,1375,"DEFRA/DESNZ 2024 full set (advanced users) — sheet 'Refrigerant & other', row 82 (group: Emissions including only non-Kyoto products; activity/type: Blends / R414A)"
SCOPE_1,ref_refrigerant_other,blends_r414a_total_emissions_including_non_kyoto_products_kg,STANDARD,UK,kg,1375,"DEFRA/DESNZ 2024 full set (advanced users) — sheet 'Refrigerant & other', row 82 (group: Total emissions including non-Kyoto products; activity/type: Blends / R414A)"
SCOPE_1,ref_refrigerant_other,blends_r414b_emissions_including_only_non_kyoto_products_kg,STANDARD,UK,kg,1274,"DEFRA/DESNZ 2024 full set (advanced users) — sheet 'Refrigerant & other', row 83 (group: Emissions including only non-Kyoto products; activity/type: Blends / R414B)"
SCOPE_1,ref_refrigerant_other,blends_r414b_total_emissions_including_non_kyoto_products_kg,STANDARD,UK,kg,1274,"DEFRA/DESNZ 2024 full set (advanced users) — sheet 'Refrigerant & other', row 83 (group: Total emissions including non-Kyoto products; activity/type: Blends / R414B)"
SCOPE_1,ref_refrigerant_other,blends_r415a_emissions_including_only_kyoto_products_kg,STANDARD,UK,kg,25,"DEFRA/DESNZ 2024 full set (advanced users) — sheet 'Refrigerant & other', row 84 (group: Emissions including only Kyoto products; activity/type: Blends / R415A)"
SCOPE_1,ref_refrigerant_other,blends_r415a_emissions_including_only_non_kyoto_products_kg,STANDARD,UK,kg,1443,"DEFRA/DESNZ 2024 full set (advanced users) — sheet 'Refrigerant & other', row 84 (group: Emissions including only non-Kyoto products; activity/type: Blends / R415A)"
SCOPE_1,ref_refrigerant_other,blends_r415a_total_emissions_including_non_kyoto_products_kg,STANDARD,UK,kg,1468,"DEFRA/DESNZ 2024 full set (advanced users) — sheet 'Refrigerant & other', row 84 (group: Total emissions including non-Kyoto products; activity/type: Blends / R415A)"
SCOPE_1,ref_refrigerant_other,blends_r415b_emissions_including_only_kyoto_products_kg,STANDARD,UK,kg,104,"DEFRA/DESNZ 2024 full set (advanced users) — sheet 'Refrigerant & other', row 85 (group: Emissions including only Kyoto products; activity/type: Blends / R415B)"
SCOPE_1,ref_refrigerant_other,blends_r415b_emissions_including_only_non_kyoto_products_kg,STANDARD,UK,kg,440,"DEFRA/DESNZ 2024 full set (advanced users) — sheet 'Refrigerant & other', row 85 (group: Emissions including only non-Kyoto products; activity/type: Blends / R415B)"
SCOPE_1,ref_refrigerant_other,blends_r415b_total_emissions_including_non_kyoto_products_kg,STANDARD,UK,kg,544,"DEFRA/DESNZ 2024 full set (advanced users) — sheet 'Refrigerant & other', row 85 (group: Total emissions including non-Kyoto products; activity/type: Blends / R415B)"
SCOPE_1,ref_refrigerant_other,blends_r416a_emissions_including_only_kyoto_products_kg,STANDARD,UK,kg,767,"DEFRA/DESNZ 2024 full set (advanced users) — sheet 'Refrigerant & other', row 86 (group: Emissions including only Kyoto products; activity/type: Blends / R416A)"
SCOPE_1,ref_refrigerant_other,blends_r416a_emissions_including_only_non_kyoto_products_kg,STANDARD,UK,kg,208,"DEFRA/DESNZ 2024 full set (advanced users) — sheet 'Refrigerant & other', row 86 (group: Emissions including only non-Kyoto products; activity/type: Blends / R416A)"
SCOPE_1,ref_refrigerant_other,blends_r416a_total_emissions_including_non_kyoto_products_kg,STANDARD,UK,kg,975,"DEFRA/DESNZ 2024 full set (advanced users) — sheet 'Refrigerant & other', row 86 (group: Total emissions including non-Kyoto products; activity/type: Blends / R416A)"
SCOPE_1,ref_refrigerant_other,blends_r417a_emissions_including_only_kyoto_products_kg,STANDARD,UK,kg,2127,"DEFRA/DESNZ 2024 full set (advanced users) — sheet 'Refrigerant & other', row 87 (group: Emissions including only Kyoto products; activity/type: Blends / R417A)"
SCOPE_1,ref_refrigerant_other,blends_r417a_total_emissions_including_non_kyoto_products_kg,STANDARD,UK,kg,2127,"DEFRA/DESNZ 2024 full set (advanced users) — sheet 'Refrigerant & other', row 87 (group: Total emissions including non-Kyoto products; activity/type: Blends / R417A)"
SCOPE_1,ref_refrigerant_other,blends_r417b_emissions_including_only_kyoto_products_kg,STANDARD,UK,kg,2742,"DEFRA/DESNZ 2024 full set (advanced users) — sheet 'Refrigerant & other', row 88 (group: Emissions including only Kyoto products; activity/type: Blends / R417B)"
SCOPE_1,ref_refrigerant_other,blends_r417b_total_emissions_including_non_kyoto_products_kg,STANDARD,UK,kg,2742,"DEFRA/DESNZ 2024 full set (advanced users) — sheet 'Refrigerant & other', row 88 (group: Total emissions including non-Kyoto products; activity/type: Blends / R417B)"
SCOPE_1,ref_refrigerant_other,blends_r417c_emissions_including_only_kyoto_products_kg,STANDARD,UK,kg,1643,"DEFRA/DESNZ 2024 full set (advanced users) — sheet 'Refrigerant & other', row 89 (group: Emissions including only Kyoto products; activity/type: Blends / R417C)"
SCOPE_1,ref_refrigerant_other,blends_r417c_total_emissions_including_non_kyoto_products_kg,STANDARD,UK,kg,1643,"DEFRA/DESNZ 2024 full set (advanced users) — sheet 'Refrigerant & other', row 89 (group: Total emissions including non-Kyoto products; activity/type: Blends / R417C)"
SCOPE_1,ref_refrigerant_other,blends_r418a_emissions_including_only_kyoto_products_kg,STANDARD,UK,kg,3,"DEFRA/DESNZ 2024 full set (advanced users) — sheet 'Refrigerant & other', row 90 (group: Emissions including only Kyoto products; activity/type: Blends / R418A)"
SCOPE_1,ref_refrigerant_other,blends_r418a_emissions_including_only_non_kyoto_products_kg,STANDARD,UK,kg,1690,"DEFRA/DESNZ 2024 full set (advanced users) — sheet 'Refrigerant & other', row 90 (group: Emissions including only non-Kyoto products; activity/type: Blends / R418A)"
SCOPE_1,ref_refrigerant_other,blends_r418a_total_emissions_including_non_kyoto_products_kg,STANDARD,UK,kg,1693,"DEFRA/DESNZ 2024 full set (advanced users) — sheet 'Refrigerant & other', row 90 (group: Total emissions including non-Kyoto products; activity/type: Blends / R418A)"
SCOPE_1,ref_refrigerant_other,blends_r419a_emissions_including_only_kyoto_products_kg,STANDARD,UK,kg,2688,"DEFRA/DESNZ 2024 full set (advanced users) — sheet 'Refrigerant & other', row 91 (group: Emissions including only Kyoto products; activity/type: Blends / R419A)"
SCOPE_1,ref_refrigerant_other,blends_r419a_total_emissions_including_non_kyoto_products_kg,STANDARD,UK,kg,2688,"DEFRA/DESNZ 2024 full set (advanced users) — sheet 'Refrigerant & other', row 91 (group: Total emissions including non-Kyoto products; activity/type: Blends / R419A)"
SCOPE_1,ref_refrigerant_other,blends_r419b_emissions_including_only_kyoto_products_kg,STANDARD,UK,kg,2161,"DEFRA/DESNZ 2024 full set (advanced users) — sheet 'Refrigerant & other', row 92 (group: Emissions including only Kyoto products; activity/type: Blends / R419B)"
SCOPE_1,ref_refrigerant_other,blends_r419b_total_emissions_including_non_kyoto_products_kg,STANDARD,UK,kg,2161,"DEFRA/DESNZ 2024 full set (advanced users) — sheet 'Refrigerant & other', row 92 (group: Total emissions including non-Kyoto products; activity/type: Blends / R419B)"
SCOPE_1,ref_refrigerant_other,blends_r420a_emissions_including_only_kyoto_products_kg,STANDARD,UK,kg,1144,"DEFRA/DESNZ 2024 full set (advanced users) — sheet 'Refrigerant & other', row 93 (group: Emissions including only Kyoto products; activity/type: Blends / R420A)"
SCOPE_1,ref_refrigerant_other,blends_r420a_emissions_including_only_non_kyoto_products_kg,STANDARD,UK,kg,238,"DEFRA/DESNZ 2024 full set (advanced users) — sheet 'Refrigerant & other', row 93 (group: Emissions including only non-Kyoto products; activity/type: Blends / R420A)"
SCOPE_1,ref_refrigerant_other,blends_r420a_total_emissions_including_non_kyoto_products_kg,STANDARD,UK,kg,1382,"DEFRA/DESNZ 2024 full set (advanced users) — sheet 'Refrigerant & other', row 93 (group: Total emissions including non-Kyoto products; activity/type: Blends / R420A)"
SCOPE_1,ref_refrigerant_other,blends_r421a_emissions_including_only_kyoto_products_kg,STANDARD,UK,kg,2385,"DEFRA/DESNZ 2024 full set (advanced users) — sheet 'Refrigerant & other', row 94 (group: Emissions including only Kyoto products; activity/type: Blends / R421A)"
SCOPE_1,ref_refrigerant_other,blends_r421a_total_emissions_including_non_kyoto_products_kg,STANDARD,UK,kg,2385,"DEFRA/DESNZ 2024 full set (advanced users) — sheet 'Refrigerant & other', row 94 (group: Total emissions including non-Kyoto products; activity/type: Blends / R421A)"
SCOPE_1,ref_refrigerant_other,blends_r421b_emissions_including_only_kyoto_products_kg,STANDARD,UK,kg,2890,"DEFRA/DESNZ 2024 full set (advanced users) — sheet 'Refrigerant & other', row 95 (group: Emissions including only Kyoto products; activity/type: Blends / R421B)"
SCOPE_1,ref_refrigerant_other,blends_r421b_total_emissions_including_non_kyoto_products_kg,STANDARD,UK,kg,2890,"DEFRA/DESNZ 2024 full set (advanced users) — sheet 'Refrigerant & other', row 95 (group: Total emissions including non-Kyoto products; activity/type: Blends / R421B)"
SCOPE_1,ref_refrigerant_other,blends_r422a_emissions_including_only_kyoto_products_kg,STANDARD,UK,kg,2847,"DEFRA/DESNZ 2024 full set (advanced users) — sheet 'Refrigerant & other', row 96 (group: Emissions including only Kyoto products; activity/type: Blends / R422A)"
SCOPE_1,ref_refrigerant_other,blends_r422a_total_emissions_including_non_kyoto_products_kg,STANDARD,UK,kg,2847,"DEFRA/DESNZ 2024 full set (advanced users) — sheet 'Refrigerant & other', row 96 (group: Total emissions including non-Kyoto products; activity/type: Blends / R422A)"
SCOPE_1,ref_refrigerant_other,blends_r422b_emissions_including_only_kyoto_products_kg,STANDARD,UK,kg,2290,"DEFRA/DESNZ 2024 full set (advanced users) — sheet 'Refrigerant & other', row 97 (group: Emissions including only Kyoto products; activity/type: Blends / R422B)"
SCOPE_1,ref_refrigerant_other,blends_r422b_total_emissions_including_non_kyoto_products_kg,STANDARD,UK,kg,2290,"DEFRA/DESNZ 2024 full set (advanced users) — sheet 'Refrigerant & other', row 97 (group: Total emissions including non-Kyoto products; activity/type: Blends / R422B)"
SCOPE_1,ref_refrigerant_other,blends_r422c_emissions_including_only_kyoto_products_kg,STANDARD,UK,kg,2794,"DEFRA/DESNZ 2024 full set (advanced users) — sheet 'Refrigerant & other', row 98 (group: Emissions including only Kyoto products; activity/type: Blends / R422C)"
SCOPE_1,ref_refrigerant_other,blends_r422c_total_emissions_including_non_kyoto_products_kg,STANDARD,UK,kg,2794,"DEFRA/DESNZ 2024 full set (advanced users) — sheet 'Refrigerant & other', row 98 (group: Total emissions including non-Kyoto products; activity/type: Blends / R422C)"
SCOPE_1,ref_refrigerant_other,blends_r422d_emissions_including_only_kyoto_products_kg,STANDARD,UK,kg,2473,"DEFRA/DESNZ 2024 full set (advanced users) — sheet 'Refrigerant & other', row 99 (group: Emissions including only Kyoto products; activity/type: Blends / R422D)"
SCOPE_1,ref_refrigerant_other,blends_r422d_total_emissions_including_non_kyoto_products_kg,STANDARD,UK,kg,2473,"DEFRA/DESNZ 2024 full set (advanced users) — sheet 'Refrigerant & other', row 99 (group: Total emissions including non-Kyoto products; activity/type: Blends / R422D)"
SCOPE_1,ref_refrigerant_other,blends_r422e_emissions_including_only_kyoto_products_kg,STANDARD,UK,kg,2350,"DEFRA/DESNZ 2024 full set (advanced users) — sheet 'Refrigerant & other', row 100 (group: Emissions including only Kyoto products; activity/type: Blends / R422E)"
SCOPE_1,ref_refrigerant_other,blends_r422e_total_emissions_including_non_kyoto_products_kg,STANDARD,UK,kg,2350,"DEFRA/DESNZ 2024 full set (advanced users) — sheet 'Refrigerant & other', row 100 (group: Total emissions including non-Kyoto products; activity/type: Blends / R422E)"
SCOPE_1,ref_refrigerant_other,blends_r423a_emissions_including_only_kyoto_products_kg,STANDARD,UK,kg,2274,"DEFRA/DESNZ 2024 full set (advanced users) — sheet 'Refrigerant & other', row 101 (group: Emissions including only Kyoto products; activity/type: Blends / R423A)"
SCOPE_1,ref_refrigerant_other,blends_r423a_total_emissions_including_non_kyoto_products_kg,STANDARD,UK,kg,2274,"DEFRA/DESNZ 2024 full set (advanced users) — sheet 'Refrigerant & other', row 101 (group: Total emissions including non-Kyoto products; activity/type: Blends / R423A)"
SCOPE_1,ref_refrigerant_other,blends_r424a_emissions_including_only_kyoto_products_kg,STANDARD,UK,kg,2212,"DEFRA/DESNZ 2024 full set (advanced users) — sheet 'Refrigerant & other', row 102 (group: Emissions including only Kyoto products; activity/type: Blends / R424A)"
SCOPE_1,ref_refrigerant_other,blends_r424a_total_emissions_including_non_kyoto_products_kg,STANDARD,UK,kg,2212,"DEFRA/DESNZ 2024 full set (advanced users) — sheet 'Refrigerant & other', row 102 (group: Total emissions including non-Kyoto products; activity/type: Blends / R424A)"
SCOPE_1,ref_refrigerant_other,blends_r425a_emissions_including_only_kyoto_products_kg,STANDARD,UK,kg,1431,"DEFRA/DESNZ 2024 full set (advanced users) — sheet 'Refrigerant & other', row 103 (group: Emissions including only Kyoto products; activity/type: Blends / R425A)"
SCOPE_1,ref_refrigerant_other,blends_r425a_total_emissions_including_non_kyoto_products_kg,STANDARD,UK,kg,1431,"DEFRA/DESNZ 2024 full set (advanced users) — sheet 'Refrigerant & other', row 103 (group: Total emissions including non-Kyoto products; activity/type: Blends / R425A)"
SCOPE_1,ref_refrigerant_other,blends_r426a_emissions_including_only_kyoto_products_kg,STANDARD,UK,kg,1371,"DEFRA/DESNZ 2024 full set (advanced users) — sheet 'Refrigerant & other', row 104 (group: Emissions including only Kyoto products; activity/type: Blends / R426A)"
SCOPE_1,ref_refrigerant_other,blends_r426a_total_emissions_including_non_kyoto_products_kg,STANDARD,UK,kg,1371,"DEFRA/DESNZ 2024 full set (advanced users) — sheet 'Refrigerant & other', row 104 (group: Total emissions including non-Kyoto products; activity/type: Blends / R426A)"
SCOPE_1,ref_refrigerant_other,blends_r427a_emissions_including_only_kyoto_products_kg,STANDARD,UK,kg,2024,"DEFRA/DESNZ 2024 full set (advanced users) — sheet 'Refrigerant & other', row 105 (group: Emissions including only Kyoto products; activity/type: Blends / R427A)"
SCOPE_1,ref_refrigerant_other,blends_r427a_total_emissions_including_non_kyoto_products_kg,STANDARD,UK,kg,2024,"DEFRA/DESNZ 2024 full set (advanced users) — sheet 'Refrigerant & other', row 105 (group: Total emissions including non-Kyoto products; activity/type: Blends / R427A)"
SCOPE_1,ref_refrigerant_other,blends_r428a_emissions_including_only_kyoto_products_kg,STANDARD,UK,kg,3417,"DEFRA/DESNZ 2024 full set (advanced users) — sheet 'Refrigerant & other', row 106 (group: Emissions including only Kyoto products; activity/type: Blends / R428A)"
SCOPE_1,ref_refrigerant_other,blends_r428a_total_emissions_including_non_kyoto_products_kg,STANDARD,UK,kg,3417,"DEFRA/DESNZ 2024 full set (advanced users) — sheet 'Refrigerant & other', row 106 (group: Total emissions including non-Kyoto products; activity/type: Blends / R428A)"
SCOPE_1,ref_refrigerant_other,blends_r429a_emissions_including_only_kyoto_products_kg,STANDARD,UK,kg,13.8,"DEFRA/DESNZ 2024 full set (advanced users) — sheet 'Refrigerant & other', row 107 (group: Emissions including only Kyoto products; activity/type: Blends / R429A)"
SCOPE_1,ref_refrigerant_other,blends_r429a_emissions_including_only_non_kyoto_products_kg,STANDARD,UK,kg,1.5,"DEFRA/DESNZ 2024 full set (advanced users) — sheet 'Refrigerant & other', row 107 (group: Emissions including only non-Kyoto products; activity/type: Blends / R429A)"
SCOPE_1,ref_refrigerant_other,blends_r429a_total_emissions_including_non_kyoto_products_kg,STANDARD,UK,kg,15.3,"DEFRA/DESNZ 2024 full set (advanced users) — sheet 'Refrigerant & other', row 107 (group: Total emissions including non-Kyoto products; activity/type: Blends / R429A)"
SCOPE_1,ref_refrigerant_other,blends_r430a_emissions_including_only_kyoto_products_kg,STANDARD,UK,kg,105,"DEFRA/DESNZ 2024 full set (advanced users) — sheet 'Refrigerant & other', row 108 (group: Emissions including only Kyoto products; activity/type: Blends / R430A)"
SCOPE_1,ref_refrigerant_other,blends_r430a_emissions_including_only_non_kyoto_products_kg,STANDARD,UK,kg,1,"DEFRA/DESNZ 2024 full set (advanced users) — sheet 'Refrigerant & other', row 108 (group: Emissions including only non-Kyoto products; activity/type: Blends / R430A)"
SCOPE_1,ref_refrigerant_other,blends_r430a_total_emissions_including_non_kyoto_products_kg,STANDARD,UK,kg,106,"DEFRA/DESNZ 2024 full set (advanced users) — sheet 'Refrigerant & other', row 108 (group: Total emissions including non-Kyoto products; activity/type: Blends / R430A)"
SCOPE_1,ref_refrigerant_other,blends_r431a_emissions_including_only_kyoto_products_kg,STANDARD,UK,kg,40,"DEFRA/DESNZ 2024 full set (advanced users) — sheet 'Refrigerant & other', row 109 (group: Emissions including only Kyoto products; activity/type: Blends / R431A)"
SCOPE_1,ref_refrigerant_other,blends_r431a_total_emissions_including_non_kyoto_products_kg,STANDARD,UK,kg,40,"DEFRA/DESNZ 2024 full set (advanced users) — sheet 'Refrigerant & other', row 109 (group: Total emissions including non-Kyoto products; activity/type: Blends / R431A)"
SCOPE_1,ref_refrigerant_other,blends_r432a_emissions_including_only_non_kyoto_products_kg,STANDARD,UK,kg,1.8,"DEFRA/DESNZ 2024 full set (advanced users) — sheet 'Refrigerant & other', row 110 (group: Emissions including only non-Kyoto products; activity/type: Blends / R432A)"
SCOPE_1,ref_refrigerant_other,blends_r432a_total_emissions_including_non_kyoto_products_kg,STANDARD,UK,kg,1.8,"DEFRA/DESNZ 2024 full set (advanced users) — sheet 'Refrigerant & other', row 110 (group: Total emissions including non-Kyoto products; activity/type: Blends / R432A)"
SCOPE_1,ref_refrigerant_other,blends_r433a_emissions_including_only_non_kyoto_products_kg,STANDARD,UK,kg,0.64,"DEFRA/DESNZ 2024 full set (advanced users) — sheet 'Refrigerant & other', row 111 (group: Emissions including only non-Kyoto products; activity/type: Blends / R433A)"
SCOPE_1,ref_refrigerant_other,blends_r433a_total_emissions_including_non_kyoto_products_kg,STANDARD,UK,kg,0.64,"DEFRA/DESNZ 2024 full set (advanced users) — sheet 'Refrigerant & other', row 111 (group: Total emissions including non-Kyoto products; activity/type: Blends / R433A)"
SCOPE_1,ref_refrigerant_other,blends_r433b_emissions_including_only_non_kyoto_products_kg,STANDARD,UK,kg,0.16,"DEFRA/DESNZ 2024 full set (advanced users) — sheet 'Refrigerant & other', row 112 (group: Emissions including only non-Kyoto products; activity/type: Blends / R433B)"
SCOPE_1,ref_refrigerant_other,blends_r433b_total_emissions_including_non_kyoto_products_kg,STANDARD,UK,kg,0.16,"DEFRA/DESNZ 2024 full set (advanced users) — sheet 'Refrigerant & other', row 112 (group: Total emissions including non-Kyoto products; activity/type: Blends / R433B)"
SCOPE_1,ref_refrigerant_other,blends_r433c_emissions_including_only_non_kyoto_products_kg,STANDARD,UK,kg,0.55,"DEFRA/DESNZ 2024 full set (advanced users) — sheet 'Refrigerant & other', row 113 (group: Emissions including only non-Kyoto products; activity/type: Blends / R433C)"
SCOPE_1,ref_refrigerant_other,blends_r433c_total_emissions_including_non_kyoto_products_kg,STANDARD,UK,kg,0.55,"DEFRA/DESNZ 2024 full set (advanced users) — sheet 'Refrigerant & other', row 113 (group: Total emissions including non-Kyoto products; activity/type: Blends / R433C)"
SCOPE_1,ref_refrigerant_other,blends_r434a_emissions_including_only_kyoto_products_kg,STANDARD,UK,kg,3075,"DEFRA/DESNZ 2024 full set (advanced users) — sheet 'Refrigerant & other', row 114 (group: Emissions including only Kyoto products; activity/type: Blends / R434A)"
SCOPE_1,ref_refrigerant_other,blends_r434a_total_emissions_including_non_kyoto_products_kg,STANDARD,UK,kg,3076,"DEFRA/DESNZ 2024 full set (advanced users) — sheet 'Refrigerant & other', row 114 (group: Total emissions including non-Kyoto products; activity/type: Blends / R434A)"
SCOPE_1,ref_refrigerant_other,blends_r435a_emissions_including_only_kyoto_products_kg,STANDARD,UK,kg,27.6,"DEFRA/DESNZ 2024 full set (advanced users) — sheet 'Refrigerant & other', row 115 (group: Emissions including only Kyoto products; activity/type: Blends / R435A)"
SCOPE_1,ref_refrigerant_other,blends_r435a_emissions_including_only_non_kyoto_products_kg,STANDARD,UK,kg,0.8,"DEFRA/DESNZ 2024 full set (advanced users) — sheet 'Refrigerant & other', row 115 (group: Emissions including only non-Kyoto products; activity/type: Blends / R435A)"
SCOPE_1,ref_refrigerant_other,blends_r435a_total_emissions_including_non_kyoto_products_kg,STANDARD,UK,kg,28.4,"DEFRA/DESNZ 2024 full set (advanced users) — sheet 'Refrigerant & other', row 115 (group: Total emissions including non-Kyoto products; activity/type: Blends / R435A)"
SCOPE_1,ref_refrigerant_other,blends_r436a_emissions_including_only_non_kyoto_products_kg,STANDARD,UK,kg,1.35,"DEFRA/DESNZ 2024 full set (advanced users) — sheet 'Refrigerant & other', row 116 (group: Emissions including only non-Kyoto products; activity/type: Blends / R436A)"
SCOPE_1,ref_refrigerant_other,blends_r436a_total_emissions_including_non_kyoto_products_kg,STANDARD,UK,kg,1.35,"DEFRA/DESNZ 2024 full set (advanced users) — sheet 'Refrigerant & other', row 116 (group: Total emissions including non-Kyoto products; activity/type: Blends / R436A)"
SCOPE_1,ref_refrigerant_other,blends_r436b_emissions_including_only_non_kyoto_products_kg,STANDARD,UK,kg,1.47,"DEFRA/DESNZ 2024 full set (advanced users) — sheet 'Refrigerant & other', row 117 (group: Emissions including only non-Kyoto products; activity/type: Blends / R436B)"
SCOPE_1,ref_refrigerant_other,blends_r436b_total_emissions_including_non_kyoto_products_kg,STANDARD,UK,kg,1.47,"DEFRA/DESNZ 2024 full set (advanced users) — sheet 'Refrigerant & other', row 117 (group: Total emissions including non-Kyoto products; activity/type: Blends / R436B)"
SCOPE_1,ref_refrigerant_other,blends_r437a_emissions_including_only_kyoto_products_kg,STANDARD,UK,kg,1639,"DEFRA/DESNZ 2024 full set (advanced users) — sheet 'Refrigerant & other', row 118 (group: Emissions including only Kyoto products; activity/type: Blends / R437A)"
SCOPE_1,ref_refrigerant_other,blends_r437a_total_emissions_including_non_kyoto_products_kg,STANDARD,UK,kg,1639,"DEFRA/DESNZ 2024 full set (advanced users) — sheet 'Refrigerant & other', row 118 (group: Total emissions including non-Kyoto products; activity/type: Blends / R437A)"
SCOPE_1,ref_refrigerant_other,blends_r438a_emissions_including_only_kyoto_products_kg,STANDARD,UK,kg,2059,"DEFRA/DESNZ 2024 full set (advanced users) — sheet 'Refrigerant & other', row 119 (group: Emissions including only Kyoto products; activity/type: Blends / R438A)"
SCOPE_1,ref_refrigerant_other,blends_r438a_total_emissions_including_non_kyoto_products_kg,STANDARD,UK,kg,2059,"DEFRA/DESNZ 2024 full set (advanced users) — sheet 'Refrigerant & other', row 119 (group: Total emissions including non-Kyoto products; activity/type: Blends / R438A)"
SCOPE_1,ref_refrigerant_other,blends_r439a_emissions_including_only_kyoto_products_kg,STANDARD,UK,kg,1828,"DEFRA/DESNZ 2024 full set (advanced users) — sheet 'Refrigerant & other', row 120 (group: Emissions including only Kyoto products; activity/type: Blends / R439A)"
SCOPE_1,ref_refrigerant_other,blends_r439a_total_emissions_including_non_kyoto_products_kg,STANDARD,UK,kg,1828,"DEFRA/DESNZ 2024 full set (advanced users) — sheet 'Refrigerant & other', row 120 (group: Total emissions including non-Kyoto products; activity/type: Blends / R439A)"
SCOPE_1,ref_refrigerant_other,blends_r440a_emissions_including_only_kyoto_products_kg,STANDARD,UK,kg,156,"DEFRA/DESNZ 2024 full set (advanced users) — sheet 'Refrigerant & other', row 121 (group: Emissions including only Kyoto products; activity/type: Blends / R440A)"
SCOPE_1,ref_refrigerant_other,blends_r440a_total_emissions_including_non_kyoto_products_kg,STANDARD,UK,kg,156,"DEFRA/DESNZ 2024 full set (advanced users) — sheet 'Refrigerant & other', row 121 (group: Total emissions including non-Kyoto products; activity/type: Blends / R440A)"
SCOPE_1,ref_refrigerant_other,blends_r441a_emissions_including_only_non_kyoto_products_kg,STANDARD,UK,kg,0.23,"DEFRA/DESNZ 2024 full set (advanced users) — sheet 'Refrigerant & other', row 122 (group: Emissions including only non-Kyoto products; activity/type: Blends / R441A)"
SCOPE_1,ref_refrigerant_other,blends_r441a_total_emissions_including_non_kyoto_products_kg,STANDARD,UK,kg,0.23,"DEFRA/DESNZ 2024 full set (advanced users) — sheet 'Refrigerant & other', row 122 (group: Total emissions including non-Kyoto products; activity/type: Blends / R441A)"
SCOPE_1,ref_refrigerant_other,blends_r442a_emissions_including_only_kyoto_products_kg,STANDARD,UK,kg,1754,"DEFRA/DESNZ 2024 full set (advanced users) — sheet 'Refrigerant & other', row 123 (group: Emissions including only Kyoto products; activity/type: Blends / R442A)"
SCOPE_1,ref_refrigerant_other,blends_r442a_total_emissions_including_non_kyoto_products_kg,STANDARD,UK,kg,1754,"DEFRA/DESNZ 2024 full set (advanced users) — sheet 'Refrigerant & other', row 123 (group: Total emissions including non-Kyoto products; activity/type: Blends / R442A)"
SCOPE_1,ref_refrigerant_other,blends_r443a_emissions_including_only_non_kyoto_products_kg,STANDARD,UK,kg,1,"DEFRA/DESNZ 2024 full set (advanced users) — sheet 'Refrigerant & other', row 124 (group: Emissions including only non-Kyoto products; activity/type: Blends / R443A)"
SCOPE_1,ref_refrigerant_other,blends_r443a_total_emissions_including_non_kyoto_products_kg,STANDARD,UK,kg,1,"DEFRA/DESNZ 2024 full set (advanced users) — sheet 'Refrigerant & other', row 124 (group: Total emissions including non-Kyoto products; activity/type: Blends / R443A)"
SCOPE_1,ref_refrigerant_other,blends_r444a_emissions_including_only_kyoto_products_kg,STANDARD,UK,kg,88,"DEFRA/DESNZ 2024 full set (advanced users) — sheet 'Refrigerant & other', row 125 (group: Emissions including only Kyoto products; activity/type: Blends / R444A)"
SCOPE_1,ref_refrigerant_other,blends_r444a_emissions_including_only_non_kyoto_products_kg,STANDARD,UK,kg,1,"DEFRA/DESNZ 2024 full set (advanced users) — sheet 'Refrigerant & other', row 125 (group: Emissions including only non-Kyoto products; activity/type: Blends / R444A)"
SCOPE_1,ref_refrigerant_other,blends_r444a_total_emissions_including_non_kyoto_products_kg,STANDARD,UK,kg,89,"DEFRA/DESNZ 2024 full set (advanced users) — sheet 'Refrigerant & other', row 125 (group: Total emissions including non-Kyoto products; activity/type: Blends / R444A)"
SCOPE_1,ref_refrigerant_other,blends_r445a_emissions_including_only_kyoto_products_kg,STANDARD,UK,kg,117,"DEFRA/DESNZ 2024 full set (advanced users) — sheet 'Refrigerant & other', row 126 (group: Emissions including only Kyoto products; activity/type: Blends / R445A)"
SCOPE_1,ref_refrigerant_other,blends_r445a_emissions_including_only_non_kyoto_products_kg,STANDARD,UK,kg,1,"DEFRA/DESNZ 2024 full set (advanced users) — sheet 'Refrigerant & other', row 126 (group: Emissions including only non-Kyoto products; activity/type: Blends / R445A)"
SCOPE_1,ref_refrigerant_other,blends_r445a_total_emissions_including_non_kyoto_products_kg,STANDARD,UK,kg,118,"DEFRA/DESNZ 2024 full set (advanced users) — sheet 'Refrigerant & other', row 126 (group: Total emissions including non-Kyoto products; activity/type: Blends / R445A)"
SCOPE_1,ref_refrigerant_other,blends_r500_emissions_including_only_kyoto_products_kg,STANDARD,UK,kg,36,"DEFRA/DESNZ 2024 full set (advanced users) — sheet 'Refrigerant & other', row 127 (group: Emissions including only Kyoto products; activity/type: Blends / R500)"
SCOPE_1,ref_refrigerant_other,blends_r500_emissions_including_only_non_kyoto_products_kg,STANDARD,UK,kg,7528,"DEFRA/DESNZ 2024 full set (advanced users) — sheet 'Refrigerant & other', row 127 (group: Emissions including only non-Kyoto products; activity/type: Blends / R500)"
SCOPE_1,ref_refrigerant_other,blends_r500_total_emissions_including_non_kyoto_products_kg,STANDARD,UK,kg,7564,"DEFRA/DESNZ 2024 full set (advanced users) — sheet 'Refrigerant & other', row 127 (group: Total emissions including non-Kyoto products; activity/type: Blends / R500)"
SCOPE_1,ref_refrigerant_other,blends_r501_emissions_including_only_non_kyoto_products_kg,STANDARD,UK,kg,3870,"DEFRA/DESNZ 2024 full set (advanced users) — sheet 'Refrigerant & other', row 128 (group: Emissions including only non-Kyoto products; activity/type: Blends / R501)"
SCOPE_1,ref_refrigerant_other,blends_r501_total_emissions_including_non_kyoto_products_kg,STANDARD,UK,kg,3870,"DEFRA/DESNZ 2024 full set (advanced users) — sheet 'Refrigerant & other', row 128 (group: Total emissions including non-Kyoto products; activity/type: Blends / R501)"
SCOPE_1,ref_refrigerant_other,blends_r502_emissions_including_only_non_kyoto_products_kg,STANDARD,UK,kg,4786,"DEFRA/DESNZ 2024 full set (advanced users) — sheet 'Refrigerant & other', row 129 (group: Emissions including only non-Kyoto products; activity/type: Blends / R502)"
SCOPE_1,ref_refrigerant_other,blends_r502_total_emissions_including_non_kyoto_products_kg,STANDARD,UK,kg,4786,"DEFRA/DESNZ 2024 full set (advanced users) — sheet 'Refrigerant & other', row 129 (group: Total emissions including non-Kyoto products; activity/type: Blends / R502)"
SCOPE_1,ref_refrigerant_other,blends_r503_emissions_including_only_kyoto_products_kg,STANDARD,UK,kg,4972,"DEFRA/DESNZ 2024 full set (advanced users) — sheet 'Refrigerant & other', row 130 (group: Emissions including only Kyoto products; activity/type: Blends / R503)"
SCOPE_1,ref_refrigerant_other,blends_r503_emissions_including_only_non_kyoto_products_kg,STANDARD,UK,kg,8326,"DEFRA/DESNZ 2024 full set (advanced users) — sheet 'Refrigerant & other', row 130 (group: Emissions including only non-Kyoto products; activity/type: Blends / R503)"
SCOPE_1,ref_refrigerant_other,blends_r503_total_emissions_including_non_kyoto_products_kg,STANDARD,UK,kg,13299,"DEFRA/DESNZ 2024 full set (advanced users) — sheet 'Refrigerant & other', row 130 (group: Total emissions including non-Kyoto products; activity/type: Blends / R503)"
SCOPE_1,ref_refrigerant_other,blends_r504_emissions_including_only_kyoto_products_kg,STANDARD,UK,kg,326,"DEFRA/DESNZ 2024 full set (advanced users) — sheet 'Refrigerant & other', row 131 (group: Emissions including only Kyoto products; activity/type: Blends / R504)"
SCOPE_1,ref_refrigerant_other,blends_r504_emissions_including_only_non_kyoto_products_kg,STANDARD,UK,kg,3973,"DEFRA/DESNZ 2024 full set (advanced users) — sheet 'Refrigerant & other', row 131 (group: Emissions including only non-Kyoto products; activity/type: Blends / R504)"
SCOPE_1,ref_refrigerant_other,blends_r504_total_emissions_including_non_kyoto_products_kg,STANDARD,UK,kg,4299,"DEFRA/DESNZ 2024 full set (advanced users) — sheet 'Refrigerant & other', row 131 (group: Total emissions including non-Kyoto products; activity/type: Blends / R504)"
SCOPE_1,ref_refrigerant_other,blends_r505_emissions_including_only_non_kyoto_products_kg,STANDARD,UK,kg,7956,"DEFRA/DESNZ 2024 full set (advanced users) — sheet 'Refrigerant & other', row 132 (group: Emissions including only non-Kyoto products; activity/type: Blends / R505)"
SCOPE_1,ref_refrigerant_other,blends_r505_total_emissions_including_non_kyoto_products_kg,STANDARD,UK,kg,7956,"DEFRA/DESNZ 2024 full set (advanced users) — sheet 'Refrigerant & other', row 132 (group: Total emissions including non-Kyoto products; activity/type: Blends / R505)"
SCOPE_1,ref_refrigerant_other,blends_r506_emissions_including_only_non_kyoto_products_kg,STANDARD,UK,kg,3857,"DEFRA/DESNZ 2024 full set (advanced users) — sheet 'Refrigerant & other', row 133 (group: Emissions including only non-Kyoto products; activity/type: Blends / R506)"
SCOPE_1,ref_refrigerant_other,blends_r506_total_emissions_including_non_kyoto_products_kg,STANDARD,UK,kg,3857,"DEFRA/DESNZ 2024 full set (advanced users) — sheet 'Refrigerant & other', row 133 (group: Total emissions including non-Kyoto products; activity/type: Blends / R506)"
SCOPE_1,ref_refrigerant_other,blends_r507a_emissions_including_only_kyoto_products_kg,STANDARD,UK,kg,3985,"DEFRA/DESNZ 2024 full set (advanced users) — sheet 'Refrigerant & other', row 134 (group: Emissions including only Kyoto products; activity/type: Blends / R507A)"
SCOPE_1,ref_refrigerant_other,blends_r507a_total_emissions_including_non_kyoto_products_kg,STANDARD,UK,kg,3985,"DEFRA/DESNZ 2024 full set (advanced users) — sheet 'Refrigerant & other', row 134 (group: Total emissions including non-Kyoto products; activity/type: Blends / R507A)"
SCOPE_1,ref_refrigerant_other,blends_r508a_emissions_including_only_kyoto_products_kg,STANDARD,UK,kg,11607,"DEFRA/DESNZ 2024 full set (advanced users) — sheet 'Refrigerant & other', row 135 (group: Emissions including only Kyoto products; activity/type: Blends / R508A)"
SCOPE_1,ref_refrigerant_other,blends_r508a_total_emissions_including_non_kyoto_products_kg,STANDARD,UK,kg,11607,"DEFRA/DESNZ 2024 full set (advanced users) — sheet 'Refrigerant & other', row 135 (group: Total emissions including non-Kyoto products; activity/type: Blends / R508A)"
SCOPE_1,ref_refrigerant_other,blends_r508b_emissions_including_only_kyoto_products_kg,STANDARD,UK,kg,11698,"DEFRA/DESNZ 2024 full set (advanced users) — sheet 'Refrigerant & other', row 136 (group: Emissions including only Kyoto products; activity/type: Blends / R508B)"
SCOPE_1,ref_refrigerant_other,blends_r508b_total_emissions_including_non_kyoto_products_kg,STANDARD,UK,kg,11698,"DEFRA/DESNZ 2024 full set (advanced users) — sheet 'Refrigerant & other', row 136 (group: Total emissions including non-Kyoto products; activity/type: Blends / R508B)"
SCOPE_1,ref_refrigerant_other,blends_r509a_emissions_including_only_kyoto_products_kg,STANDARD,UK,kg,4984,"DEFRA/DESNZ 2024 full set (advanced users) — sheet 'Refrigerant & other', row 137 (group: Emissions including only Kyoto products; activity/type: Blends / R509A)"
SCOPE_1,ref_refrigerant_other,blends_r509a_emissions_including_only_non_kyoto_products_kg,STANDARD,UK,kg,774,"DEFRA/DESNZ 2024 full set (advanced users) — sheet 'Refrigerant & other', row 137 (group: Emissions including only non-Kyoto products; activity/type: Blends / R509A)"
SCOPE_1,ref_refrigerant_other,blends_r509a_total_emissions_including_non_kyoto_products_kg,STANDARD,UK,kg,5758,"DEFRA/DESNZ 2024 full set (advanced users) — sheet 'Refrigerant & other', row 137 (group: Total emissions including non-Kyoto products; activity/type: Blends / R509A)"
SCOPE_1,ref_refrigerant_other,blends_r510a_emissions_including_only_non_kyoto_products_kg,STANDARD,UK,kg,1.24,"DEFRA/DESNZ 2024 full set (advanced users) — sheet 'Refrigerant & other', row 138 (group: Emissions including only non-Kyoto products; activity/type: Blends / R510A)"
SCOPE_1,ref_refrigerant_other,blends_r510a_total_emissions_including_non_kyoto_products_kg,STANDARD,UK,kg,1.24,"DEFRA/DESNZ 2024 full set (advanced users) — sheet 'Refrigerant & other', row 138 (group: Total emissions including non-Kyoto products; activity/type: Blends / R510A)"
SCOPE_1,ref_refrigerant_other,blends_r511a_emissions_including_only_kyoto_products_kg,STANDARD,UK,kg,6.9,"DEFRA/DESNZ 2024 full set (advanced users) — sheet 'Refrigerant & other', row 139 (group: Emissions including only Kyoto products; activity/type: Blends / R511A)"
SCOPE_1,ref_refrigerant_other,blends_r511a_emissions_including_only_non_kyoto_products_kg,STANDARD,UK,kg,0.1,"DEFRA/DESNZ 2024 full set (advanced users) — sheet 'Refrigerant & other', row 139 (group: Emissions including only non-Kyoto products; activity/type: Blends / R511A)"
SCOPE_1,ref_refrigerant_other,blends_r511a_total_emissions_including_non_kyoto_products_kg,STANDARD,UK,kg,7,"DEFRA/DESNZ 2024 full set (advanced users) — sheet 'Refrigerant & other', row 139 (group: Total emissions including non-Kyoto products; activity/type: Blends / R511A)"
SCOPE_1,ref_refrigerant_other,blends_r512a_emissions_including_only_kyoto_products_kg,STANDARD,UK,kg,196,"DEFRA/DESNZ 2024 full set (advanced users) — sheet 'Refrigerant & other', row 140 (group: Emissions including only Kyoto products; activity/type: Blends / R512A)"
SCOPE_1,ref_refrigerant_other,blends_r512a_total_emissions_including_non_kyoto_products_kg,STANDARD,UK,kg,196,"DEFRA/DESNZ 2024 full set (advanced users) — sheet 'Refrigerant & other', row 140 (group: Total emissions including non-Kyoto products; activity/type: Blends / R512A)"
SCOPE_1,ref_refrigerant_other,montreal_protocol_products_cfc_11_r11_trichlorofluoromethane_emissions_including_only_non_kyoto_products_kg,STANDARD,UK,kg,4660,"DEFRA/DESNZ 2024 full set (advanced users) — sheet 'Refrigerant & other', row 145 (group: Emissions including only non-Kyoto products; activity/type: Montreal protocol products / CFC-11/R11 = trichlorofluoromethane)"
SCOPE_1,ref_refrigerant_other,montreal_protocol_products_cfc_11_r11_trichlorofluoromethane_total_emissions_including_non_kyoto_products_kg,STANDARD,UK,kg,4660,"DEFRA/DESNZ 2024 full set (advanced users) — sheet 'Refrigerant & other', row 145 (group: Total emissions including non-Kyoto products; activity/type: Montreal protocol products / CFC-11/R11 = trichlorofluoromethane)"
SCOPE_1,ref_refrigerant_other,montreal_protocol_products_cfc_12_r12_dichlorodifluoromethane_emissions_including_only_non_kyoto_products_kg,STANDARD,UK,kg,10200,"DEFRA/DESNZ 2024 full set (advanced users) — sheet 'Refrigerant & other', row 146 (group: Emissions including only non-Kyoto products; activity/type: Montreal protocol products / CFC-12/R12 = dichlorodifluoromethane)"
SCOPE_1,ref_refrigerant_other,montreal_protocol_products_cfc_12_r12_dichlorodifluoromethane_total_emissions_including_non_kyoto_products_kg,STANDARD,UK,kg,10200,"DEFRA/DESNZ 2024 full set (advanced users) — sheet 'Refrigerant & other', row 146 (group: Total emissions including non-Kyoto products; activity/type: Montreal protocol products / CFC-12/R12 = dichlorodifluoromethane)"
SCOPE_1,ref_refrigerant_other,montreal_protocol_products_cfc_13_emissions_including_only_non_kyoto_products_kg,STANDARD,UK,kg,13900,"DEFRA/DESNZ 2024 full set (advanced users) — sheet 'Refrigerant & other', row 147 (group: Emissions including only non-Kyoto products; activity/type: Montreal protocol products / CFC-13)"
SCOPE_1,ref_refrigerant_other,montreal_protocol_products_cfc_13_total_emissions_including_non_kyoto_products_kg,STANDARD,UK,kg,13900,"DEFRA/DESNZ 2024 full set (advanced users) — sheet 'Refrigerant & other', row 147 (group: Total emissions including non-Kyoto products; activity/type: Montreal protocol products / CFC-13)"
SCOPE_1,ref_refrigerant_other,montreal_protocol_products_cfc_113_emissions_including_only_non_kyoto_products_kg,STANDARD,UK,kg,5820,"DEFRA/DESNZ 2024 full set (advanced users) — sheet 'Refrigerant & other', row 148 (group: Emissions including only non-Kyoto products; activity/type: Montreal protocol products / CFC-113)"
SCOPE_1,ref_refrigerant_other,montreal_protocol_products_cfc_113_total_emissions_including_non_kyoto_products_kg,STANDARD,UK,kg,5820,"DEFRA/DESNZ 2024 full set (advanced users) — sheet 'Refrigerant & other', row 148 (group: Total emissions including non-Kyoto products; activity/type: Montreal protocol products / CFC-113)"
SCOPE_1,ref_refrigerant_other,montreal_protocol_products_cfc_114_emissions_including_only_non_kyoto_products_kg,STANDARD,UK,kg,8590,"DEFRA/DESNZ 2024 full set (advanced users) — sheet 'Refrigerant & other', row 149 (group: Emissions including only non-Kyoto products; activity/type: Montreal protocol products / CFC-114)"
SCOPE_1,ref_refrigerant_other,montreal_protocol_products_cfc_114_total_emissions_including_non_kyoto_products_kg,STANDARD,UK,kg,8590,"DEFRA/DESNZ 2024 full set (advanced users) — sheet 'Refrigerant & other', row 149 (group: Total emissions including non-Kyoto products; activity/type: Montreal protocol products / CFC-114)"
SCOPE_1,ref_refrigerant_other,montreal_protocol_products_cfc_115_emissions_including_only_non_kyoto_products_kg,STANDARD,UK,kg,7670,"DEFRA/DESNZ 2024 full set (advanced users) — sheet 'Refrigerant & other', row 150 (group: Emissions including only non-Kyoto products; activity/type: Montreal protocol products / CFC-115)"
SCOPE_1,ref_refrigerant_other,montreal_protocol_products_cfc_115_total_emissions_including_non_kyoto_products_kg,STANDARD,UK,kg,7670,"DEFRA/DESNZ 2024 full set (advanced users) — sheet 'Refrigerant & other', row 150 (group: Total emissions including non-Kyoto products; activity/type: Montreal protocol products / CFC-115)"
SCOPE_1,ref_refrigerant_other,montreal_protocol_products_halon_1211_emissions_including_only_non_kyoto_products_kg,STANDARD,UK,kg,1750,"DEFRA/DESNZ 2024 full set (advanced users) — sheet 'Refrigerant & other', row 151 (group: Emissions including only non-Kyoto products; activity/type: Montreal protocol products / Halon-1211)"
SCOPE_1,ref_refrigerant_other,montreal_protocol_products_halon_1211_total_emissions_including_non_kyoto_products_kg,STANDARD,UK,kg,1750,"DEFRA/DESNZ 2024 full set (advanced users) — sheet 'Refrigerant & other', row 151 (group: Total emissions including non-Kyoto products; activity/type: Montreal protocol products / Halon-1211)"
SCOPE_1,ref_refrigerant_other,montreal_protocol_products_halon_1301_emissions_including_only_non_kyoto_products_kg,STANDARD,UK,kg,6290,"DEFRA/DESNZ 2024 full set (advanced users) — sheet 'Refrigerant & other', row 152 (group: Emissions including only non-Kyoto products; activity/type: Montreal protocol products / Halon-1301)"
SCOPE_1,ref_refrigerant_other,montreal_protocol_products_halon_1301_total_emissions_including_non_kyoto_products_kg,STANDARD,UK,kg,6290,"DEFRA/DESNZ 2024 full set (advanced users) — sheet 'Refrigerant & other', row 152 (group: Total emissions including non-Kyoto products; activity/type: Montreal protocol products / Halon-1301)"
SCOPE_1,ref_refrigerant_other,montreal_protocol_products_halon_2402_emissions_including_only_non_kyoto_products_kg,STANDARD,UK,kg,1470,"DEFRA/DESNZ 2024 full set (advanced users) — sheet 'Refrigerant & other', row 153 (group: Emissions including only non-Kyoto products; activity/type: Montreal protocol products / Halon-2402)"
SCOPE_1,ref_refrigerant_other,montreal_protocol_products_halon_2402_total_emissions_including_non_kyoto_products_kg,STANDARD,UK,kg,1470,"DEFRA/DESNZ 2024 full set (advanced users) — sheet 'Refrigerant & other', row 153 (group: Total emissions including non-Kyoto products; activity/type: Montreal protocol products / Halon-2402)"
SCOPE_1,ref_refrigerant_other,montreal_protocol_products_carbon_tetrachloride_emissions_including_only_non_kyoto_products_kg,STANDARD,UK,kg,1730,"DEFRA/DESNZ 2024 full set (advanced users) — sheet 'Refrigerant & other', row 154 (group: Emissions including only non-Kyoto products; activity/type: Montreal protocol products / Carbon tetrachloride)"
SCOPE_1,ref_refrigerant_other,montreal_protocol_products_carbon_tetrachloride_total_emissions_including_non_kyoto_products_kg,STANDARD,UK,kg,1730,"DEFRA/DESNZ 2024 full set (advanced users) — sheet 'Refrigerant & other', row 154 (group: Total emissions including non-Kyoto products; activity/type: Montreal protocol products / Carbon tetrachloride)"
SCOPE_1,ref_refrigerant_other,montreal_protocol_products_methyl_bromide_emissions_including_only_non_kyoto_products_kg,STANDARD,UK,kg,2,"DEFRA/DESNZ 2024 full set (advanced users) — sheet 'Refrigerant & other', row 155 (group: Emissions including only non-Kyoto products; activity/type: Montreal protocol products / Methyl bromide)"
SCOPE_1,ref_refrigerant_other,montreal_protocol_products_methyl_bromide_total_emissions_including_non_kyoto_products_kg,STANDARD,UK,kg,2,"DEFRA/DESNZ 2024 full set (advanced users) — sheet 'Refrigerant & other', row 155 (group: Total emissions including non-Kyoto products; activity/type: Montreal protocol products / Methyl bromide)"
SCOPE_1,ref_refrigerant_other,montreal_protocol_products_methyl_chloroform_emissions_including_only_non_kyoto_products_kg,STANDARD,UK,kg,160,"DEFRA/DESNZ 2024 full set (advanced users) — sheet 'Refrigerant & other', row 156 (group: Emissions including only non-Kyoto products; activity/type: Montreal protocol products / Methyl chloroform)"
SCOPE_1,ref_refrigerant_other,montreal_protocol_products_methyl_chloroform_total_emissions_including_non_kyoto_products_kg,STANDARD,UK,kg,160,"DEFRA/DESNZ 2024 full set (advanced users) — sheet 'Refrigerant & other', row 156 (group: Total emissions including non-Kyoto products; activity/type: Montreal protocol products / Methyl chloroform)"
SCOPE_1,ref_refrigerant_other,montreal_protocol_products_hcfc_22_r22_chlorodifluoromethane_emissions_including_only_non_kyoto_products_kg,STANDARD,UK,kg,1760,"DEFRA/DESNZ 2024 full set (advanced users) — sheet 'Refrigerant & other', row 157 (group: Emissions including only non-Kyoto products; activity/type: Montreal protocol products / HCFC-22/R22 = chlorodifluoromethane)"
SCOPE_1,ref_refrigerant_other,montreal_protocol_products_hcfc_22_r22_chlorodifluoromethane_total_emissions_including_non_kyoto_products_kg,STANDARD,UK,kg,1760,"DEFRA/DESNZ 2024 full set (advanced users) — sheet 'Refrigerant & other', row 157 (group: Total emissions including non-Kyoto products; activity/type: Montreal protocol products / HCFC-22/R22 = chlorodifluoromethane)"
SCOPE_1,ref_refrigerant_other,montreal_protocol_products_hcfc_123_emissions_including_only_non_kyoto_products_kg,STANDARD,UK,kg,79,"DEFRA/DESNZ 2024 full set (advanced users) — sheet 'Refrigerant & other', row 158 (group: Emissions including only non-Kyoto products; activity/type: Montreal protocol products / HCFC-123)"
SCOPE_1,ref_refrigerant_other,montreal_protocol_products_hcfc_123_total_emissions_including_non_kyoto_products_kg,STANDARD,UK,kg,79,"DEFRA/DESNZ 2024 full set (advanced users) — sheet 'Refrigerant & other', row 158 (group: Total emissions including non-Kyoto products; activity/type: Montreal protocol products / HCFC-123)"
SCOPE_1,ref_refrigerant_other,montreal_protocol_products_hcfc_124_emissions_including_only_non_kyoto_products_kg,STANDARD,UK,kg,527,"DEFRA/DESNZ 2024 full set (advanced users) — sheet 'Refrigerant & other', row 159 (group: Emissions including only non-Kyoto products; activity/type: Montreal protocol products / HCFC-124)"
SCOPE_1,ref_refrigerant_other,montreal_protocol_products_hcfc_124_total_emissions_including_non_kyoto_products_kg,STANDARD,UK,kg,527,"DEFRA/DESNZ 2024 full set (advanced users) — sheet 'Refrigerant & other', row 159 (group: Total emissions including non-Kyoto products; activity/type: Montreal protocol products / HCFC-124)"
SCOPE_1,ref_refrigerant_other,montreal_protocol_products_hcfc_141b_emissions_including_only_non_kyoto_products_kg,STANDARD,UK,kg,782,"DEFRA/DESNZ 2024 full set (advanced users) — sheet 'Refrigerant & other', row 160 (group: Emissions including only non-Kyoto products; activity/type: Montreal protocol products / HCFC-141b)"
SCOPE_1,ref_refrigerant_other,montreal_protocol_products_hcfc_141b_total_emissions_including_non_kyoto_products_kg,STANDARD,UK,kg,782,"DEFRA/DESNZ 2024 full set (advanced users) — sheet 'Refrigerant & other', row 160 (group: Total emissions including non-Kyoto products; activity/type: Montreal protocol products / HCFC-141b)"
SCOPE_1,ref_refrigerant_other,montreal_protocol_products_hcfc_142b_emissions_including_only_non_kyoto_products_kg,STANDARD,UK,kg,1980,"DEFRA/DESNZ 2024 full set (advanced users) — sheet 'Refrigerant & other', row 161 (group: Emissions including only non-Kyoto products; activity/type: Montreal protocol products / HCFC-142b)"
SCOPE_1,ref_refrigerant_other,montreal_protocol_products_hcfc_142b_total_emissions_including_non_kyoto_products_kg,STANDARD,UK,kg,1980,"DEFRA/DESNZ 2024 full set (advanced users) — sheet 'Refrigerant & other', row 161 (group: Total emissions including non-Kyoto products; activity/type: Montreal protocol products / HCFC-142b)"
SCOPE_1,ref_refrigerant_other,montreal_protocol_products_hcfc_225ca_emissions_including_only_non_kyoto_products_kg,STANDARD,UK,kg,127,"DEFRA/DESNZ 2024 full set (advanced users) — sheet 'Refrigerant & other', row 162 (group: Emissions including only non-Kyoto products; activity/type: Montreal protocol products / HCFC-225ca)"
SCOPE_1,ref_refrigerant_other,montreal_protocol_products_hcfc_225ca_total_emissions_including_non_kyoto_products_kg,STANDARD,UK,kg,127,"DEFRA/DESNZ 2024 full set (advanced users) — sheet 'Refrigerant & other', row 162 (group: Total emissions including non-Kyoto products; activity/type: Montreal protocol products / HCFC-225ca)"
SCOPE_1,ref_refrigerant_other,montreal_protocol_products_hcfc_225cb_emissions_including_only_non_kyoto_products_kg,STANDARD,UK,kg,525,"DEFRA/DESNZ 2024 full set (advanced users) — sheet 'Refrigerant & other', row 163 (group: Emissions including only non-Kyoto products; activity/type: Montreal protocol products / HCFC-225cb)"
SCOPE_1,ref_refrigerant_other,montreal_protocol_products_hcfc_225cb_total_emissions_including_non_kyoto_products_kg,STANDARD,UK,kg,525,"DEFRA/DESNZ 2024 full set (advanced users) — sheet 'Refrigerant & other', row 163 (group: Total emissions including non-Kyoto products; activity/type: Montreal protocol products / HCFC-225cb)"
SCOPE_1,ref_refrigerant_other,montreal_protocol_products_hcfc_21_emissions_including_only_non_kyoto_products_kg,STANDARD,UK,kg,148,"DEFRA/DESNZ 2024 full set (advanced users) — sheet 'Refrigerant & other', row 164 (group: Emissions including only non-Kyoto products; activity/type: Montreal protocol products / HCFC-21)"
SCOPE_1,ref_refrigerant_other,montreal_protocol_products_hcfc_21_total_emissions_including_non_kyoto_products_kg,STANDARD,UK,kg,148,"DEFRA/DESNZ 2024 full set (advanced users) — sheet 'Refrigerant & other', row 164 (group: Total emissions including non-Kyoto products; activity/type: Montreal protocol products / HCFC-21)"
SCOPE_1,ref_refrigerant_other,fluorinated_ethers_hfe_125_emissions_including_only_non_kyoto_products_kg,STANDARD,UK,kg,12400,"DEFRA/DESNZ 2024 full set (advanced users) — sheet 'Refrigerant & other', row 169 (group: Emissions including only non-Kyoto products; activity/type: Fluorinated ethers / HFE-125)"
SCOPE_1,ref_refrigerant_other,fluorinated_ethers_hfe_125_total_emissions_including_non_kyoto_products_kg,STANDARD,UK,kg,12400,"DEFRA/DESNZ 2024 full set (advanced users) — sheet 'Refrigerant & other', row 169 (group: Total emissions including non-Kyoto products; activity/type: Fluorinated ethers / HFE-125)"
SCOPE_1,ref_refrigerant_other,fluorinated_ethers_hfe_134_emissions_including_only_non_kyoto_products_kg,STANDARD,UK,kg,5560,"DEFRA/DESNZ 2024 full set (advanced users) — sheet 'Refrigerant & other', row 170 (group: Emissions including only non-Kyoto products; activity/type: Fluorinated ethers / HFE-134)"
SCOPE_1,ref_refrigerant_other,fluorinated_ethers_hfe_134_total_emissions_including_non_kyoto_products_kg,STANDARD,UK,kg,5560,"DEFRA/DESNZ 2024 full set (advanced users) — sheet 'Refrigerant & other', row 170 (group: Total emissions including non-Kyoto products; activity/type: Fluorinated ethers / HFE-134)"
SCOPE_1,ref_refrigerant_other,fluorinated_ethers_hfe_143a_emissions_including_only_non_kyoto_products_kg,STANDARD,UK,kg,523,"DEFRA/DESNZ 2024 full set (advanced users) — sheet 'Refrigerant & other', row 171 (group: Emissions including only non-Kyoto products; activity/type: Fluorinated ethers / HFE-143a)"
SCOPE_1,ref_refrigerant_other,fluorinated_ethers_hfe_143a_total_emissions_including_non_kyoto_products_kg,STANDARD,UK,kg,523,"DEFRA/DESNZ 2024 full set (advanced users) — sheet 'Refrigerant & other', row 171 (group: Total emissions including non-Kyoto products; activity/type: Fluorinated ethers / HFE-143a)"
SCOPE_1,ref_refrigerant_other,fluorinated_ethers_hcfe_235da2_emissions_including_only_non_kyoto_products_kg,STANDARD,UK,kg,491,"DEFRA/DESNZ 2024 full set (advanced users) — sheet 'Refrigerant & other', row 172 (group: Emissions including only non-Kyoto products; activity/type: Fluorinated ethers / HCFE-235da2)"
SCOPE_1,ref_refrigerant_other,fluorinated_ethers_hcfe_235da2_total_emissions_including_non_kyoto_products_kg,STANDARD,UK,kg,491,"DEFRA/DESNZ 2024 full set (advanced users) — sheet 'Refrigerant & other', row 172 (group: Total emissions including non-Kyoto products; activity/type: Fluorinated ethers / HCFE-235da2)"
SCOPE_1,ref_refrigerant_other,fluorinated_ethers_hfe_245cb2_emissions_including_only_non_kyoto_products_kg,STANDARD,UK,kg,654,"DEFRA/DESNZ 2024 full set (advanced users) — sheet 'Refrigerant & other', row 173 (group: Emissions including only non-Kyoto products; activity/type: Fluorinated ethers / HFE-245cb2)"
SCOPE_1,ref_refrigerant_other,fluorinated_ethers_hfe_245cb2_total_emissions_including_non_kyoto_products_kg,STANDARD,UK,kg,654,"DEFRA/DESNZ 2024 full set (advanced users) — sheet 'Refrigerant & other', row 173 (group: Total emissions including non-Kyoto products; activity/type: Fluorinated ethers / HFE-245cb2)"
SCOPE_1,ref_refrigerant_other,fluorinated_ethers_hfe_245fa2_emissions_including_only_non_kyoto_products_kg,STANDARD,UK,kg,812,"DEFRA/DESNZ 2024 full set (advanced users) — sheet 'Refrigerant & other', row 174 (group: Emissions including only non-Kyoto products; activity/type: Fluorinated ethers / HFE-245fa2)"
SCOPE_1,ref_refrigerant_other,fluorinated_ethers_hfe_245fa2_total_emissions_including_non_kyoto_products_kg,STANDARD,UK,kg,812,"DEFRA/DESNZ 2024 full set (advanced users) — sheet 'Refrigerant & other', row 174 (group: Total emissions including non-Kyoto products; activity/type: Fluorinated ethers / HFE-245fa2)"
SCOPE_1,ref_refrigerant_other,fluorinated_ethers_hfe_254cb2_emissions_including_only_non_kyoto_products_kg,STANDARD,UK,kg,301,"DEFRA/DESNZ 2024 full set (advanced users) — sheet 'Refrigerant & other', row 175 (group: Emissions including only non-Kyoto products; activity/type: Fluorinated ethers / HFE-254cb2)"
SCOPE_1,ref_refrigerant_other,fluorinated_ethers_hfe_254cb2_total_emissions_including_non_kyoto_products_kg,STANDARD,UK,kg,301,"DEFRA/DESNZ 2024 full set (advanced users) — sheet 'Refrigerant & other', row 175 (group: Total emissions including non-Kyoto products; activity/type: Fluorinated ethers / HFE-254cb2)"
SCOPE_1,ref_refrigerant_other,fluorinated_ethers_hfe_347mcc3_emissions_including_only_non_kyoto_products_kg,STANDARD,UK,kg,530,"DEFRA/DESNZ 2024 full set (advanced users) — sheet 'Refrigerant & other', row 176 (group: Emissions including only non-Kyoto products; activity/type: Fluorinated ethers / HFE-347mcc3)"
SCOPE_1,ref_refrigerant_other,fluorinated_ethers_hfe_347mcc3_total_emissions_including_non_kyoto_products_kg,STANDARD,UK,kg,530,"DEFRA/DESNZ 2024 full set (advanced users) — sheet 'Refrigerant & other', row 176 (group: Total emissions including non-Kyoto products; activity/type: Fluorinated ethers / HFE-347mcc3)"
SCOPE_1,ref_refrigerant_other,fluorinated_ethers_hfe_347pcf2_emissions_including_only_non_kyoto_products_kg,STANDARD,UK,kg,889,"DEFRA/DESNZ 2024 full set (advanced users) — sheet 'Refrigerant & other', row 177 (group: Emissions including only non-Kyoto products; activity/type: Fluorinated ethers / HFE-347pcf2)"
SCOPE_1,ref_refrigerant_other,fluorinated_ethers_hfe_347pcf2_total_emissions_including_non_kyoto_products_kg,STANDARD,UK,kg,889,"DEFRA/DESNZ 2024 full set (advanced users) — sheet 'Refrigerant & other', row 177 (group: Total emissions including non-Kyoto products; activity/type: Fluorinated ethers / HFE-347pcf2)"
SCOPE_1,ref_refrigerant_other,fluorinated_ethers_hfe_356pcc3_emissions_including_only_non_kyoto_products_kg,STANDARD,UK,kg,413,"DEFRA/DESNZ 2024 full set (advanced users) — sheet 'Refrigerant & other', row 178 (group: Emissions including only non-Kyoto products; activity/type: Fluorinated ethers / HFE-356pcc3)"
SCOPE_1,ref_refrigerant_other,fluorinated_ethers_hfe_356pcc3_total_emissions_including_non_kyoto_products_kg,STANDARD,UK,kg,413,"DEFRA/DESNZ 2024 full set (advanced users) — sheet 'Refrigerant & other', row 178 (group: Total emissions including non-Kyoto products; activity/type: Fluorinated ethers / HFE-356pcc3)"
SCOPE_1,ref_refrigerant_other,fluorinated_ethers_hfe_449sl_hfe_7100_emissions_including_only_non_kyoto_products_kg,STANDARD,UK,kg,421,"DEFRA/DESNZ 2024 full set (advanced users) — sheet 'Refrigerant & other', row 179 (group: Emissions including only non-Kyoto products; activity/type: Fluorinated ethers / HFE-449sl (HFE-7100))"
SCOPE_1,ref_refrigerant_other,fluorinated_ethers_hfe_449sl_hfe_7100_total_emissions_including_non_kyoto_products_kg,STANDARD,UK,kg,421,"DEFRA/DESNZ 2024 full set (advanced users) — sheet 'Refrigerant & other', row 179 (group: Total emissions including non-Kyoto products; activity/type: Fluorinated ethers / HFE-449sl (HFE-7100))"
SCOPE_1,ref_refrigerant_other,fluorinated_ethers_hfe_569sf2_hfe_7200_emissions_including_only_non_kyoto_products_kg,STANDARD,UK,kg,57,"DEFRA/DESNZ 2024 full set (advanced users) — sheet 'Refrigerant & other', row 180 (group: Emissions including only non-Kyoto products; activity/type: Fluorinated ethers / HFE-569sf2 (HFE-7200))"
SCOPE_1,ref_refrigerant_other,fluorinated_ethers_hfe_569sf2_hfe_7200_total_emissions_including_non_kyoto_products_kg,STANDARD,UK,kg,57,"DEFRA/DESNZ 2024 full set (advanced users) — sheet 'Refrigerant & other', row 180 (group: Total emissions including non-Kyoto products; activity/type: Fluorinated ethers / HFE-569sf2 (HFE-7200))"
SCOPE_1,ref_refrigerant_other,fluorinated_ethers_hfe_43_10pccc124_h_galden1040x_emissions_including_only_non_kyoto_products_kg,STANDARD,UK,kg,2820,"DEFRA/DESNZ 2024 full set (advanced users) — sheet 'Refrigerant & other', row 181 (group: Emissions including only non-Kyoto products; activity/type: Fluorinated ethers / HFE-43-10pccc124 (H-Galden1040x))"
SCOPE_1,ref_refrigerant_other,fluorinated_ethers_hfe_43_10pccc124_h_galden1040x_total_emissions_including_non_kyoto_products_kg,STANDARD,UK,kg,2820,"DEFRA/DESNZ 2024 full set (advanced users) — sheet 'Refrigerant & other', row 181 (group: Total emissions including non-Kyoto products; activity/type: Fluorinated ethers / HFE-43-10pccc124 (H-Galden1040x))"
SCOPE_1,ref_refrigerant_other,fluorinated_ethers_hfe_236ca12_hg_10_emissions_including_only_non_kyoto_products_kg,STANDARD,UK,kg,5350,"DEFRA/DESNZ 2024 full set (advanced users) — sheet 'Refrigerant & other', row 182 (group: Emissions including only non-Kyoto products; activity/type: Fluorinated ethers / HFE-236ca12 (HG-10))"
SCOPE_1,ref_refrigerant_other,fluorinated_ethers_hfe_236ca12_hg_10_total_emissions_including_non_kyoto_products_kg,STANDARD,UK,kg,5350,"DEFRA/DESNZ 2024 full set (advanced users) — sheet 'Refrigerant & other', row 182 (group: Total emissions including non-Kyoto products; activity/type: Fluorinated ethers / HFE-236ca12 (HG-10))"
SCOPE_1,ref_refrigerant_other,fluorinated_ethers_hfe_338pcc13_hg_01_emissions_including_only_non_kyoto_products_kg,STANDARD,UK,kg,2910,"DEFRA/DESNZ 2024 full set (advanced users) — sheet 'Refrigerant & other', row 183 (group: Emissions including only non-Kyoto products; activity/type: Fluorinated ethers / HFE-338pcc13 (HG-01))"
SCOPE_1,ref_refrigerant_other,fluorinated_ethers_hfe_338pcc13_hg_01_total_emissions_including_non_kyoto_products_kg,STANDARD,UK,kg,2910,"DEFRA/DESNZ 2024 full set (advanced users) — sheet 'Refrigerant & other', row 183 (group: Total emissions including non-Kyoto products; activity/type: Fluorinated ethers / HFE-338pcc13 (HG-01))"
SCOPE_1,ref_refrigerant_other,other_products_trifluoromethyl_sulphur_pentafluoride_emissions_including_only_non_kyoto_products_kg,STANDARD,UK,kg,17400,"DEFRA/DESNZ 2024 full set (advanced users) — sheet 'Refrigerant & other', row 188 (group: Emissions including only non-Kyoto products; activity/type: Other products / Trifluoromethyl sulphur pentafluoride)"
SCOPE_1,ref_refrigerant_other,other_products_trifluoromethyl_sulphur_pentafluoride_total_emissions_including_non_kyoto_products_kg,STANDARD,UK,kg,17400,"DEFRA/DESNZ 2024 full set (advanced users) — sheet 'Refrigerant & other', row 188 (group: Total emissions including non-Kyoto products; activity/type: Other products / Trifluoromethyl sulphur pentafluoride)"
SCOPE_1,ref_refrigerant_other,other_products_pfpmie_emissions_including_only_non_kyoto_products_kg,STANDARD,UK,kg,9710,"DEFRA/DESNZ 2024 full set (advanced users) — sheet 'Refrigerant & other', row 189 (group: Emissions including only non-Kyoto products; activity/type: Other products / PFPMIE)"
SCOPE_1,ref_refrigerant_other,other_products_pfpmie_total_emissions_including_non_kyoto_products_kg,STANDARD,UK,kg,9710,"DEFRA/DESNZ 2024 full set (advanced users) — sheet 'Refrigerant & other', row 189 (group: Total emissions including non-Kyoto products; activity/type: Other products / PFPMIE)"
SCOPE_1,ref_refrigerant_other,other_products_dimethylether_emissions_including_only_non_kyoto_products_kg,STANDARD,UK,kg,1,"DEFRA/DESNZ 2024 full set (advanced users) — sheet 'Refrigerant & other', row 190 (group: Emissions including only non-Kyoto products; activity/type: Other products / Dimethylether)"
SCOPE_1,ref_refrigerant_other,other_products_dimethylether_total_emissions_including_non_kyoto_products_kg,STANDARD,UK,kg,1,"DEFRA/DESNZ 2024 full set (advanced users) — sheet 'Refrigerant & other', row 190 (group: Total emissions including non-Kyoto products; activity/type: Other products / Dimethylether)"
SCOPE_1,ref_refrigerant_other,other_products_methylene_chloride_emissions_including_only_non_kyoto_products_kg,STANDARD,UK,kg,9,"DEFRA/DESNZ 2024 full set (advanced users) — sheet 'Refrigerant & other', row 191 (group: Emissions including only non-Kyoto products; activity/type: Other products / Methylene chloride)"
SCOPE_1,ref_refrigerant_other,other_products_methylene_chloride_total_emissions_including_non_kyoto_products_kg,STANDARD,UK,kg,9,"DEFRA/DESNZ 2024 full set (advanced users) — sheet 'Refrigerant & other', row 191 (group: Total emissions including non-Kyoto products; activity/type: Other products / Methylene chloride)"
SCOPE_1,ref_refrigerant_other,other_products_methyl_chloride_emissions_including_only_non_kyoto_products_kg,STANDARD,UK,kg,12,"DEFRA/DESNZ 2024 full set (advanced users) — sheet 'Refrigerant & other', row 192 (group: Emissions including only non-Kyoto products; activity/type: Other products / Methyl chloride)"
SCOPE_1,ref_refrigerant_other,other_products_methyl_chloride_total_emissions_including_non_kyoto_products_kg,STANDARD,UK,kg,12,"DEFRA/DESNZ 2024 full set (advanced users) — sheet 'Refrigerant & other', row 192 (group: Total emissions including non-Kyoto products; activity/type: Other products / Methyl chloride)"
SCOPE_1,ref_refrigerant_other,other_products_r290_propane_emissions_including_only_non_kyoto_products_kg,STANDARD,UK,kg,0.06,"DEFRA/DESNZ 2024 full set (advanced users) — sheet 'Refrigerant & other', row 193 (group: Emissions including only non-Kyoto products; activity/type: Other products / R290 = propane)"
SCOPE_1,ref_refrigerant_other,other_products_r290_propane_total_emissions_including_non_kyoto_products_kg,STANDARD,UK,kg,0.06,"DEFRA/DESNZ 2024 full set (advanced users) — sheet 'Refrigerant & other', row 193 (group: Total emissions including non-Kyoto products; activity/type: Other products / R290 = propane)"
SCOPE_1,ref_refrigerant_other,other_products_r600a_isobutane_emissions_including_only_non_kyoto_products_kg,STANDARD,UK,kg,3,"DEFRA/DESNZ 2024 full set (advanced users) — sheet 'Refrigerant & other', row 194 (group: Emissions including only non-Kyoto products; activity/type: Other products / R600A = isobutane)"
SCOPE_1,ref_refrigerant_other,other_products_r600a_isobutane_total_emissions_including_non_kyoto_products_kg,STANDARD,UK,kg,3,"DEFRA/DESNZ 2024 full set (advanced users) — sheet 'Refrigerant & other', row 194 (group: Total emissions including non-Kyoto products; activity/type: Other products / R600A = isobutane)"
SCOPE_1,ref_refrigerant_other,other_products_r600_butane_emissions_including_only_non_kyoto_products_kg,STANDARD,UK,kg,0.006,"DEFRA/DESNZ 2024 full set (advanced users) — sheet 'Refrigerant & other', row 195 (group: Emissions including only non-Kyoto products; activity/type: Other products / R600 = butane)"
SCOPE_1,ref_refrigerant_other,other_products_r600_butane_total_emissions_including_non_kyoto_products_kg,STANDARD,UK,kg,0.006,"DEFRA/DESNZ 2024 full set (advanced users) — sheet 'Refrigerant & other', row 195 (group: Total emissions including non-Kyoto products; activity/type: Other products / R600 = butane)"
SCOPE_1,ref_refrigerant_other,other_products_r601_pentane_emissions_including_only_non_kyoto_products_kg,STANDARD,UK,kg,5,"DEFRA/DESNZ 2024 full set (advanced users) — sheet 'Refrigerant & other', row 196 (group: Emissions including only non-Kyoto products; activity/type: Other products / R601 = pentane)"
SCOPE_1,ref_refrigerant_other,other_products_r601_pentane_total_emissions_including_non_kyoto_products_kg,STANDARD,UK,kg,5,"DEFRA/DESNZ 2024 full set (advanced users) — sheet 'Refrigerant & other', row 196 (group: Total emissions including non-Kyoto products; activity/type: Other products / R601 = pentane)"
SCOPE_1,ref_refrigerant_other,other_products_r601a_isopentane_emissions_including_only_non_kyoto_products_kg,STANDARD,UK,kg,5,"DEFRA/DESNZ 2024 full set (advanced users) — sheet 'Refrigerant & other', row 197 (group: Emissions including only non-Kyoto products; activity/type: Other products / R601A = isopentane)"
SCOPE_1,ref_refrigerant_other,other_products_r601a_isopentane_total_emissions_including_non_kyoto_products_kg,STANDARD,UK,kg,5,"DEFRA/DESNZ 2024 full set (advanced users) — sheet 'Refrigerant & other', row 197 (group: Total emissions including non-Kyoto products; activity/type: Other products / R601A = isopentane)"
SCOPE_1,ref_refrigerant_other,other_products_r170_ethane_emissions_including_only_non_kyoto_products_kg,STANDARD,UK,kg,0.437,"DEFRA/DESNZ 2024 full set (advanced users) — sheet 'Refrigerant & other', row 198 (group: Emissions including only non-Kyoto products; activity/type: Other products / R170 = ethane)"
SCOPE_1,ref_refrigerant_other,other_products_r170_ethane_total_emissions_including_non_kyoto_products_kg,STANDARD,UK,kg,0.437,"DEFRA/DESNZ 2024 full set (advanced users) — sheet 'Refrigerant & other', row 198 (group: Total emissions including non-Kyoto products; activity/type: Other products / R170 = ethane)"
SCOPE_1,ref_refrigerant_other,other_products_r1270_propene_emissions_including_only_non_kyoto_products_kg,STANDARD,UK,kg,2,"DEFRA/DESNZ 2024 full set (advanced users) — sheet 'Refrigerant & other', row 199 (group: Emissions including only non-Kyoto products; activity/type: Other products / R1270 = propene)"
SCOPE_1,ref_refrigerant_other,other_products_r1270_propene_total_emissions_including_non_kyoto_products_kg,STANDARD,UK,kg,2,"DEFRA/DESNZ 2024 full set (advanced users) — sheet 'Refrigerant & other', row 199 (group: Total emissions including non-Kyoto products; activity/type: Other products / R1270 = propene)"
SCOPE_1,ref_refrigerant_other,other_products_r1234yf_emissions_including_only_non_kyoto_products_kg,STANDARD,UK,kg,1,"DEFRA/DESNZ 2024 full set (advanced users) — sheet 'Refrigerant & other', row 200 (group: Emissions including only non-Kyoto products; activity/type: Other products / R1234yf*)"
SCOPE_1,ref_refrigerant_other,other_products_r1234yf_total_emissions_including_non_kyoto_products_kg,STANDARD,UK,kg,1,"DEFRA/DESNZ 2024 full set (advanced users) — sheet 'Refrigerant & other', row 200 (group: Total emissions including non-Kyoto products; activity/type: Other products / R1234yf*)"
SCOPE_1,ref_refrigerant_other,other_products_r1234ze_emissions_including_only_non_kyoto_products_kg,STANDARD,UK,kg,1,"DEFRA/DESNZ 2024 full set (advanced users) — sheet 'Refrigerant & other', row 201 (group: Emissions including only non-Kyoto products; activity/type: Other products / R1234ze*)"
SCOPE_1,ref_refrigerant_other,other_products_r1234ze_total_emissions_including_non_kyoto_products_kg,STANDARD,UK,kg,1,"DEFRA/DESNZ 2024 full set (advanced users) — sheet 'Refrigerant & other', row 201 (group: Total emissions including non-Kyoto products; activity/type: Other products / R1234ze*)"
SCOPE_1,ref_passenger_vehicles,cars_by_market_segment_mini_diesel_km,STANDARD,UK,km,0.10764,"DEFRA/DESNZ 2024 full set (advanced users) — sheet 'Passenger vehicles', row 26 (group: Diesel; activity/type: Cars (by market segment) / Mini)"
SCOPE_1,ref_passenger_vehicles,cars_by_market_segment_mini_petrol_km,STANDARD,UK,km,0.13087,"DEFRA/DESNZ 2024 full set (advanced users) — sheet 'Passenger vehicles', row 26 (group: Petrol; activity/type: Cars (by market segment) / Mini)"
SCOPE_1,ref_passenger_vehicles,cars_by_market_segment_mini_unknown_km,STANDARD,UK,km,0.13073,"DEFRA/DESNZ 2024 full set (advanced users) — sheet 'Passenger vehicles', row 26 (group: Unknown; activity/type: Cars (by market segment) / Mini)"
SCOPE_1,ref_passenger_vehicles,cars_by_market_segment_mini_battery_electric_vehicle_km,STANDARD,UK,km,0,"DEFRA/DESNZ 2024 full set (advanced users) — sheet 'Passenger vehicles', row 26 (group: Battery Electric Vehicle; activity/type: Cars (by market segment) / Mini)"
SCOPE_1,ref_passenger_vehicles,cars_by_market_segment_mini_diesel_miles,STANDARD,UK,miles,0.17325,"DEFRA/DESNZ 2024 full set (advanced users) — sheet 'Passenger vehicles', row 27 (group: Diesel; activity/type: Cars (by market segment) / Mini)"
SCOPE_1,ref_passenger_vehicles,cars_by_market_segment_mini_petrol_miles,STANDARD,UK,miles,0.21061,"DEFRA/DESNZ 2024 full set (advanced users) — sheet 'Passenger vehicles', row 27 (group: Petrol; activity/type: Cars (by market segment) / Mini)"
SCOPE_1,ref_passenger_vehicles,cars_by_market_segment_mini_unknown_miles,STANDARD,UK,miles,0.21038,"DEFRA/DESNZ 2024 full set (advanced users) — sheet 'Passenger vehicles', row 27 (group: Unknown; activity/type: Cars (by market segment) / Mini)"
SCOPE_1,ref_passenger_vehicles,cars_by_market_segment_mini_battery_electric_vehicle_miles,STANDARD,UK,miles,0,"DEFRA/DESNZ 2024 full set (advanced users) — sheet 'Passenger vehicles', row 27 (group: Battery Electric Vehicle; activity/type: Cars (by market segment) / Mini)"
SCOPE_1,ref_passenger_vehicles,cars_by_market_segment_supermini_diesel_km,STANDARD,UK,km,0.13178,"DEFRA/DESNZ 2024 full set (advanced users) — sheet 'Passenger vehicles', row 28 (group: Diesel; activity/type: Cars (by market segment) / Supermini)"
SCOPE_1,ref_passenger_vehicles,cars_by_market_segment_supermini_petrol_km,STANDARD,UK,km,0.14387,"DEFRA/DESNZ 2024 full set (advanced users) — sheet 'Passenger vehicles', row 28 (group: Petrol; activity/type: Cars (by market segment) / Supermini)"
SCOPE_1,ref_passenger_vehicles,cars_by_market_segment_supermini_unknown_km,STANDARD,UK,km,0.14256,"DEFRA/DESNZ 2024 full set (advanced users) — sheet 'Passenger vehicles', row 28 (group: Unknown; activity/type: Cars (by market segment) / Supermini)"
SCOPE_1,ref_passenger_vehicles,cars_by_market_segment_supermini_plug_in_hybrid_electric_vehicle_km,STANDARD,UK,km,0.03012,"DEFRA/DESNZ 2024 full set (advanced users) — sheet 'Passenger vehicles', row 28 (group: Plug-in Hybrid Electric Vehicle; activity/type: Cars (by market segment) / Supermini)"
SCOPE_1,ref_passenger_vehicles,cars_by_market_segment_supermini_battery_electric_vehicle_km,STANDARD,UK,km,0,"DEFRA/DESNZ 2024 full set (advanced users) — sheet 'Passenger vehicles', row 28 (group: Battery Electric Vehicle; activity/type: Cars (by market segment) / Supermini)"
SCOPE_1,ref_passenger_vehicles,cars_by_market_segment_supermini_diesel_miles,STANDARD,UK,miles,0.21209,"DEFRA/DESNZ 2024 full set (advanced users) — sheet 'Passenger vehicles', row 29 (group: Diesel; activity/type: Cars (by market segment) / Supermini)"
SCOPE_1,ref_passenger_vehicles,cars_by_market_segment_supermini_petrol_miles,STANDARD,UK,miles,0.23153,"DEFRA/DESNZ 2024 full set (advanced users) — sheet 'Passenger vehicles', row 29 (group: Petrol; activity/type: Cars (by market segment) / Supermini)"
SCOPE_1,ref_passenger_vehicles,cars_by_market_segment_supermini_unknown_miles,STANDARD,UK,miles,0.22942,"DEFRA/DESNZ 2024 full set (advanced users) — sheet 'Passenger vehicles', row 29 (group: Unknown; activity/type: Cars (by market segment) / Supermini)"
SCOPE_1,ref_passenger_vehicles,cars_by_market_segment_supermini_plug_in_hybrid_electric_vehicle_miles,STANDARD,UK,miles,0.04848,"DEFRA/DESNZ 2024 full set (advanced users) — sheet 'Passenger vehicles', row 29 (group: Plug-in Hybrid Electric Vehicle; activity/type: Cars (by market segment) / Supermini)"
SCOPE_1,ref_passenger_vehicles,cars_by_market_segment_supermini_battery_electric_vehicle_miles,STANDARD,UK,miles,0,"DEFRA/DESNZ 2024 full set (advanced users) — sheet 'Passenger vehicles', row 29 (group: Battery Electric Vehicle; activity/type: Cars (by market segment) / Supermini)"
SCOPE_1,ref_passenger_vehicles,cars_by_market_segment_lower_medium_diesel_km,STANDARD,UK,km,0.14288,"DEFRA/DESNZ 2024 full set (advanced users) — sheet 'Passenger vehicles', row 30 (group: Diesel; activity/type: Cars (by market segment) / Lower medium)"
SCOPE_1,ref_passenger_vehicles,cars_by_market_segment_lower_medium_petrol_km,STANDARD,UK,km,0.16392,"DEFRA/DESNZ 2024 full set (advanced users) — sheet 'Passenger vehicles', row 30 (group: Petrol; activity/type: Cars (by market segment) / Lower medium)"
SCOPE_1,ref_passenger_vehicles,cars_by_market_segment_lower_medium_unknown_km,STANDARD,UK,km,0.15504,"DEFRA/DESNZ 2024 full set (advanced users) — sheet 'Passenger vehicles', row 30 (group: Unknown; activity/type: Cars (by market segment) / Lower medium)"
SCOPE_1,ref_passenger_vehicles,cars_by_market_segment_lower_medium_plug_in_hybrid_electric_vehicle_km,STANDARD,UK,km,0.07763,"DEFRA/DESNZ 2024 full set (advanced users) — sheet 'Passenger vehicles', row 30 (group: Plug-in Hybrid Electric Vehicle; activity/type: Cars (by market segment) / Lower medium)"
SCOPE_1,ref_passenger_vehicles,cars_by_market_segment_lower_medium_battery_electric_vehicle_km,STANDARD,UK,km,0,"DEFRA/DESNZ 2024 full set (advanced users) — sheet 'Passenger vehicles', row 30 (group: Battery Electric Vehicle; activity/type: Cars (by market segment) / Lower medium)"
SCOPE_1,ref_passenger_vehicles,cars_by_market_segment_lower_medium_diesel_miles,STANDARD,UK,miles,0.22996,"DEFRA/DESNZ 2024 full set (advanced users) — sheet 'Passenger vehicles', row 31 (group: Diesel; activity/type: Cars (by market segment) / Lower medium)"
SCOPE_1,ref_passenger_vehicles,cars_by_market_segment_lower_medium_petrol_miles,STANDARD,UK,miles,0.2638,"DEFRA/DESNZ 2024 full set (advanced users) — sheet 'Passenger vehicles', row 31 (group: Petrol; activity/type: Cars (by market segment) / Lower medium)"
SCOPE_1,ref_passenger_vehicles,cars_by_market_segment_lower_medium_unknown_miles,STANDARD,UK,miles,0.24951,"DEFRA/DESNZ 2024 full set (advanced users) — sheet 'Passenger vehicles', row 31 (group: Unknown; activity/type: Cars (by market segment) / Lower medium)"
SCOPE_1,ref_passenger_vehicles,cars_by_market_segment_lower_medium_plug_in_hybrid_electric_vehicle_miles,STANDARD,UK,miles,0.12493,"DEFRA/DESNZ 2024 full set (advanced users) — sheet 'Passenger vehicles', row 31 (group: Plug-in Hybrid Electric Vehicle; activity/type: Cars (by market segment) / Lower medium)"
SCOPE_1,ref_passenger_vehicles,cars_by_market_segment_lower_medium_battery_electric_vehicle_miles,STANDARD,UK,miles,0,"DEFRA/DESNZ 2024 full set (advanced users) — sheet 'Passenger vehicles', row 31 (group: Battery Electric Vehicle; activity/type: Cars (by market segment) / Lower medium)"
SCOPE_1,ref_passenger_vehicles,cars_by_market_segment_upper_medium_diesel_km,STANDARD,UK,km,0.16048,"DEFRA/DESNZ 2024 full set (advanced users) — sheet 'Passenger vehicles', row 32 (group: Diesel; activity/type: Cars (by market segment) / Upper medium)"
SCOPE_1,ref_passenger_vehicles,cars_by_market_segment_upper_medium_petrol_km,STANDARD,UK,km,0.18953,"DEFRA/DESNZ 2024 full set (advanced users) — sheet 'Passenger vehicles', row 32 (group: Petrol; activity/type: Cars (by market segment) / Upper medium)"
SCOPE_1,ref_passenger_vehicles,cars_by_market_segment_upper_medium_unknown_km,STANDARD,UK,km,0.16763,"DEFRA/DESNZ 2024 full set (advanced users) — sheet 'Passenger vehicles', row 32 (group: Unknown; activity/type: Cars (by market segment) / Upper medium)"
SCOPE_1,ref_passenger_vehicles,cars_by_market_segment_upper_medium_plug_in_hybrid_electric_vehicle_km,STANDARD,UK,km,0.08475,"DEFRA/DESNZ 2024 full set (advanced users) — sheet 'Passenger vehicles', row 32 (group: Plug-in Hybrid Electric Vehicle; activity/type: Cars (by market segment) / Upper medium)"
SCOPE_1,ref_passenger_vehicles,cars_by_market_segment_upper_medium_battery_electric_vehicle_km,STANDARD,UK,km,0,"DEFRA/DESNZ 2024 full set (advanced users) — sheet 'Passenger vehicles', row 32 (group: Battery Electric Vehicle; activity/type: Cars (by market segment) / Upper medium)"
SCOPE_1,ref_passenger_vehicles,cars_by_market_segment_upper_medium_diesel_miles,STANDARD,UK,miles,0.25827,"DEFRA/DESNZ 2024 full set (advanced users) — sheet 'Passenger vehicles', row 33 (group: Diesel; activity/type: Cars (by market segment) / Upper medium)"
SCOPE_1,ref_passenger_vehicles,cars_by_market_segment_upper_medium_petrol_miles,STANDARD,UK,miles,0.30501,"DEFRA/DESNZ 2024 full set (advanced users) — sheet 'Passenger vehicles', row 33 (group: Petrol; activity/type: Cars (by market segment) / Upper medium)"
SCOPE_1,ref_passenger_vehicles,cars_by_market_segment_upper_medium_unknown_miles,STANDARD,UK,miles,0.26975,"DEFRA/DESNZ 2024 full set (advanced users) — sheet 'Passenger vehicles', row 33 (group: Unknown; activity/type: Cars (by market segment) / Upper medium)"
SCOPE_1,ref_passenger_vehicles,cars_by_market_segment_upper_medium_plug_in_hybrid_electric_vehicle_miles,STANDARD,UK,miles,0.1364,"DEFRA/DESNZ 2024 full set (advanced users) — sheet 'Passenger vehicles', row 33 (group: Plug-in Hybrid Electric Vehicle; activity/type: Cars (by market segment) / Upper medium)"
SCOPE_1,ref_passenger_vehicles,cars_by_market_segment_upper_medium_battery_electric_vehicle_miles,STANDARD,UK,miles,0,"DEFRA/DESNZ 2024 full set (advanced users) — sheet 'Passenger vehicles', row 33 (group: Battery Electric Vehicle; activity/type: Cars (by market segment) / Upper medium)"
SCOPE_1,ref_passenger_vehicles,cars_by_market_segment_executive_diesel_km,STANDARD,UK,km,0.17001,"DEFRA/DESNZ 2024 full set (advanced users) — sheet 'Passenger vehicles', row 34 (group: Diesel; activity/type: Cars (by market segment) / Executive)"
SCOPE_1,ref_passenger_vehicles,cars_by_market_segment_executive_petrol_km,STANDARD,UK,km,0.20817,"DEFRA/DESNZ 2024 full set (advanced users) — sheet 'Passenger vehicles', row 34 (group: Petrol; activity/type: Cars (by market segment) / Executive)"
SCOPE_1,ref_passenger_vehicles,cars_by_market_segment_executive_unknown_km,STANDARD,UK,km,0.17929,"DEFRA/DESNZ 2024 full set (advanced users) — sheet 'Passenger vehicles', row 34 (group: Unknown; activity/type: Cars (by market segment) / Executive)"
SCOPE_1,ref_passenger_vehicles,cars_by_market_segment_executive_plug_in_hybrid_electric_vehicle_km,STANDARD,UK,km,0.08599,"DEFRA/DESNZ 2024 full set (advanced users) — sheet 'Passenger vehicles', row 34 (group: Plug-in Hybrid Electric Vehicle; activity/type: Cars (by market segment) / Executive)"
SCOPE_1,ref_passenger_vehicles,cars_by_market_segment_executive_battery_electric_vehicle_km,STANDARD,UK,km,0,"DEFRA/DESNZ 2024 full set (advanced users) — sheet 'Passenger vehicles', row 34 (group: Battery Electric Vehicle; activity/type: Cars (by market segment) / Executive)"
SCOPE_1,ref_passenger_vehicles,cars_by_market_segment_executive_diesel_miles,STANDARD,UK,miles,0.27362,"DEFRA/DESNZ 2024 full set (advanced users) — sheet 'Passenger vehicles', row 35 (group: Diesel; activity/type: Cars (by market segment) / Executive)"
SCOPE_1,ref_passenger_vehicles,cars_by_market_segment_executive_petrol_miles,STANDARD,UK,miles,0.33501,"DEFRA/DESNZ 2024 full set (advanced users) — sheet 'Passenger vehicles', row 35 (group: Petrol; activity/type: Cars (by market segment) / Executive)"
SCOPE_1,ref_passenger_vehicles,cars_by_market_segment_executive_unknown_miles,STANDARD,UK,miles,0.28855,"DEFRA/DESNZ 2024 full set (advanced users) — sheet 'Passenger vehicles', row 35 (group: Unknown; activity/type: Cars (by market segment) / Executive)"
SCOPE_1,ref_passenger_vehicles,cars_by_market_segment_executive_plug_in_hybrid_electric_vehicle_miles,STANDARD,UK,miles,0.13837,"DEFRA/DESNZ 2024 full set (advanced users) — sheet 'Passenger vehicles', row 35 (group: Plug-in Hybrid Electric Vehicle; activity/type: Cars (by market segment) / Executive)"
SCOPE_1,ref_passenger_vehicles,cars_by_market_segment_executive_battery_electric_vehicle_miles,STANDARD,UK,miles,0,"DEFRA/DESNZ 2024 full set (advanced users) — sheet 'Passenger vehicles', row 35 (group: Battery Electric Vehicle; activity/type: Cars (by market segment) / Executive)"
SCOPE_1,ref_passenger_vehicles,cars_by_market_segment_luxury_diesel_km,STANDARD,UK,km,0.20695,"DEFRA/DESNZ 2024 full set (advanced users) — sheet 'Passenger vehicles', row 36 (group: Diesel; activity/type: Cars (by market segment) / Luxury)"
SCOPE_1,ref_passenger_vehicles,cars_by_market_segment_luxury_petrol_km,STANDARD,UK,km,0.31949,"DEFRA/DESNZ 2024 full set (advanced users) — sheet 'Passenger vehicles', row 36 (group: Petrol; activity/type: Cars (by market segment) / Luxury)"
SCOPE_1,ref_passenger_vehicles,cars_by_market_segment_luxury_unknown_km,STANDARD,UK,km,0.25825,"DEFRA/DESNZ 2024 full set (advanced users) — sheet 'Passenger vehicles', row 36 (group: Unknown; activity/type: Cars (by market segment) / Luxury)"
SCOPE_1,ref_passenger_vehicles,cars_by_market_segment_luxury_plug_in_hybrid_electric_vehicle_km,STANDARD,UK,km,0.12075,"DEFRA/DESNZ 2024 full set (advanced users) — sheet 'Passenger vehicles', row 36 (group: Plug-in Hybrid Electric Vehicle; activity/type: Cars (by market segment) / Luxury)"
SCOPE_1,ref_passenger_vehicles,cars_by_market_segment_luxury_battery_electric_vehicle_km,STANDARD,UK,km,0,"DEFRA/DESNZ 2024 full set (advanced users) — sheet 'Passenger vehicles', row 36 (group: Battery Electric Vehicle; activity/type: Cars (by market segment) / Luxury)"
SCOPE_1,ref_passenger_vehicles,cars_by_market_segment_luxury_diesel_miles,STANDARD,UK,miles,0.33306,"DEFRA/DESNZ 2024 full set (advanced users) — sheet 'Passenger vehicles', row 37 (group: Diesel; activity/type: Cars (by market segment) / Luxury)"
SCOPE_1,ref_passenger_vehicles,cars_by_market_segment_luxury_petrol_miles,STANDARD,UK,miles,0.51417,"DEFRA/DESNZ 2024 full set (advanced users) — sheet 'Passenger vehicles', row 37 (group: Petrol; activity/type: Cars (by market segment) / Luxury)"
SCOPE_1,ref_passenger_vehicles,cars_by_market_segment_luxury_unknown_miles,STANDARD,UK,miles,0.41562,"DEFRA/DESNZ 2024 full set (advanced users) — sheet 'Passenger vehicles', row 37 (group: Unknown; activity/type: Cars (by market segment) / Luxury)"
SCOPE_1,ref_passenger_vehicles,cars_by_market_segment_luxury_plug_in_hybrid_electric_vehicle_miles,STANDARD,UK,miles,0.19431,"DEFRA/DESNZ 2024 full set (advanced users) — sheet 'Passenger vehicles', row 37 (group: Plug-in Hybrid Electric Vehicle; activity/type: Cars (by market segment) / Luxury)"
SCOPE_1,ref_passenger_vehicles,cars_by_market_segment_luxury_battery_electric_vehicle_miles,STANDARD,UK,miles,0,"DEFRA/DESNZ 2024 full set (advanced users) — sheet 'Passenger vehicles', row 37 (group: Battery Electric Vehicle; activity/type: Cars (by market segment) / Luxury)"
SCOPE_1,ref_passenger_vehicles,cars_by_market_segment_sports_diesel_km,STANDARD,UK,km,0.17016,"DEFRA/DESNZ 2024 full set (advanced users) — sheet 'Passenger vehicles', row 38 (group: Diesel; activity/type: Cars (by market segment) / Sports)"
SCOPE_1,ref_passenger_vehicles,cars_by_market_segment_sports_petrol_km,STANDARD,UK,km,0.23535,"DEFRA/DESNZ 2024 full set (advanced users) — sheet 'Passenger vehicles', row 38 (group: Petrol; activity/type: Cars (by market segment) / Sports)"
SCOPE_1,ref_passenger_vehicles,cars_by_market_segment_sports_unknown_km,STANDARD,UK,km,0.22519,"DEFRA/DESNZ 2024 full set (advanced users) — sheet 'Passenger vehicles', row 38 (group: Unknown; activity/type: Cars (by market segment) / Sports)"
SCOPE_1,ref_passenger_vehicles,cars_by_market_segment_sports_plug_in_hybrid_electric_vehicle_km,STANDARD,UK,km,0.12259,"DEFRA/DESNZ 2024 full set (advanced users) — sheet 'Passenger vehicles', row 38 (group: Plug-in Hybrid Electric Vehicle; activity/type: Cars (by market segment) / Sports)"
SCOPE_1,ref_passenger_vehicles,cars_by_market_segment_sports_battery_electric_vehicle_km,STANDARD,UK,km,0,"DEFRA/DESNZ 2024 full set (advanced users) — sheet 'Passenger vehicles', row 38 (group: Battery Electric Vehicle; activity/type: Cars (by market segment) / Sports)"
SCOPE_1,ref_passenger_vehicles,cars_by_market_segment_sports_diesel_miles,STANDARD,UK,miles,0.27387,"DEFRA/DESNZ 2024 full set (advanced users) — sheet 'Passenger vehicles', row 39 (group: Diesel; activity/type: Cars (by market segment) / Sports)"
SCOPE_1,ref_passenger_vehicles,cars_by_market_segment_sports_petrol_miles,STANDARD,UK,miles,0.37875,"DEFRA/DESNZ 2024 full set (advanced users) — sheet 'Passenger vehicles', row 39 (group: Petrol; activity/type: Cars (by market segment) / Sports)"
SCOPE_1,ref_passenger_vehicles,cars_by_market_segment_sports_unknown_miles,STANDARD,UK,miles,0.36241,"DEFRA/DESNZ 2024 full set (advanced users) — sheet 'Passenger vehicles', row 39 (group: Unknown; activity/type: Cars (by market segment) / Sports)"
SCOPE_1,ref_passenger_vehicles,cars_by_market_segment_sports_plug_in_hybrid_electric_vehicle_miles,STANDARD,UK,miles,0.19729,"DEFRA/DESNZ 2024 full set (advanced users) — sheet 'Passenger vehicles', row 39 (group: Plug-in Hybrid Electric Vehicle; activity/type: Cars (by market segment) / Sports)"
SCOPE_1,ref_passenger_vehicles,cars_by_market_segment_sports_battery_electric_vehicle_miles,STANDARD,UK,miles,0,"DEFRA/DESNZ 2024 full set (advanced users) — sheet 'Passenger vehicles', row 39 (group: Battery Electric Vehicle; activity/type: Cars (by market segment) / Sports)"
SCOPE_1,ref_passenger_vehicles,cars_by_market_segment_dual_purpose_4x4_diesel_km,STANDARD,UK,km,0.19757,"DEFRA/DESNZ 2024 full set (advanced users) — sheet 'Passenger vehicles', row 40 (group: Diesel; activity/type: Cars (by market segment) / Dual purpose 4X4)"
SCOPE_1,ref_passenger_vehicles,cars_by_market_segment_dual_purpose_4x4_petrol_km,STANDARD,UK,km,0.19626,"DEFRA/DESNZ 2024 full set (advanced users) — sheet 'Passenger vehicles', row 40 (group: Petrol; activity/type: Cars (by market segment) / Dual purpose 4X4)"
SCOPE_1,ref_passenger_vehicles,cars_by_market_segment_dual_purpose_4x4_unknown_km,STANDARD,UK,km,0.19721,"DEFRA/DESNZ 2024 full set (advanced users) — sheet 'Passenger vehicles', row 40 (group: Unknown; activity/type: Cars (by market segment) / Dual purpose 4X4)"
SCOPE_1,ref_passenger_vehicles,cars_by_market_segment_dual_purpose_4x4_plug_in_hybrid_electric_vehicle_km,STANDARD,UK,km,0.10533,"DEFRA/DESNZ 2024 full set (advanced users) — sheet 'Passenger vehicles', row 40 (group: Plug-in Hybrid Electric Vehicle; activity/type: Cars (by market segment) / Dual purpose 4X4)"
SCOPE_1,ref_passenger_vehicles,cars_by_market_segment_dual_purpose_4x4_battery_electric_vehicle_km,STANDARD,UK,km,0,"DEFRA/DESNZ 2024 full set (advanced users) — sheet 'Passenger vehicles', row 40 (group: Battery Electric Vehicle; activity/type: Cars (by market segment) / Dual purpose 4X4)"
SCOPE_1,ref_passenger_vehicles,cars_by_market_segment_dual_purpose_4x4_diesel_miles,STANDARD,UK,miles,0.31797,"DEFRA/DESNZ 2024 full set (advanced users) — sheet 'Passenger vehicles', row 41 (group: Diesel; activity/type: Cars (by market segment) / Dual purpose 4X4)"
SCOPE_1,ref_passenger_vehicles,cars_by_market_segment_dual_purpose_4x4_petrol_miles,STANDARD,UK,miles,0.31585,"DEFRA/DESNZ 2024 full set (advanced users) — sheet 'Passenger vehicles', row 41 (group: Petrol; activity/type: Cars (by market segment) / Dual purpose 4X4)"
SCOPE_1,ref_passenger_vehicles,cars_by_market_segment_dual_purpose_4x4_unknown_miles,STANDARD,UK,miles,0.31737,"DEFRA/DESNZ 2024 full set (advanced users) — sheet 'Passenger vehicles', row 41 (group: Unknown; activity/type: Cars (by market segment) / Dual purpose 4X4)"
SCOPE_1,ref_passenger_vehicles,cars_by_market_segment_dual_purpose_4x4_plug_in_hybrid_electric_vehicle_miles,STANDARD,UK,miles,0.16952,"DEFRA/DESNZ 2024 full set (advanced users) — sheet 'Passenger vehicles', row 41 (group: Plug-in Hybrid Electric Vehicle; activity/type: Cars (by market segment) / Dual purpose 4X4)"
SCOPE_1,ref_passenger_vehicles,cars_by_market_segment_dual_purpose_4x4_battery_electric_vehicle_miles,STANDARD,UK,miles,0,"DEFRA/DESNZ 2024 full set (advanced users) — sheet 'Passenger vehicles', row 41 (group: Battery Electric Vehicle; activity/type: Cars (by market segment) / Dual purpose 4X4)"
SCOPE_1,ref_passenger_vehicles,cars_by_market_segment_mpv_diesel_km,STANDARD,UK,km,0.17751,"DEFRA/DESNZ 2024 full set (advanced users) — sheet 'Passenger vehicles', row 42 (group: Diesel; activity/type: Cars (by market segment) / MPV)"
SCOPE_1,ref_passenger_vehicles,cars_by_market_segment_mpv_petrol_km,STANDARD,UK,km,0.18287,"DEFRA/DESNZ 2024 full set (advanced users) — sheet 'Passenger vehicles', row 42 (group: Petrol; activity/type: Cars (by market segment) / MPV)"
SCOPE_1,ref_passenger_vehicles,cars_by_market_segment_mpv_unknown_km,STANDARD,UK,km,0.17891,"DEFRA/DESNZ 2024 full set (advanced users) — sheet 'Passenger vehicles', row 42 (group: Unknown; activity/type: Cars (by market segment) / MPV)"
SCOPE_1,ref_passenger_vehicles,cars_by_market_segment_mpv_plug_in_hybrid_electric_vehicle_km,STANDARD,UK,km,0.08018,"DEFRA/DESNZ 2024 full set (advanced users) — sheet 'Passenger vehicles', row 42 (group: Plug-in Hybrid Electric Vehicle; activity/type: Cars (by market segment) / MPV)"
SCOPE_1,ref_passenger_vehicles,cars_by_market_segment_mpv_battery_electric_vehicle_km,STANDARD,UK,km,0,"DEFRA/DESNZ 2024 full set (advanced users) — sheet 'Passenger vehicles', row 42 (group: Battery Electric Vehicle; activity/type: Cars (by market segment) / MPV)"
SCOPE_1,ref_passenger_vehicles,cars_by_market_segment_mpv_diesel_miles,STANDARD,UK,miles,0.28569,"DEFRA/DESNZ 2024 full set (advanced users) — sheet 'Passenger vehicles', row 43 (group: Diesel; activity/type: Cars (by market segment) / MPV)"
SCOPE_1,ref_passenger_vehicles,cars_by_market_segment_mpv_petrol_miles,STANDARD,UK,miles,0.2943,"DEFRA/DESNZ 2024 full set (advanced users) — sheet 'Passenger vehicles', row 43 (group: Petrol; activity/type: Cars (by market segment) / MPV)"
SCOPE_1,ref_passenger_vehicles,cars_by_market_segment_mpv_unknown_miles,STANDARD,UK,miles,0.28793,"DEFRA/DESNZ 2024 full set (advanced users) — sheet 'Passenger vehicles', row 43 (group: Unknown; activity/type: Cars (by market segment) / MPV)"
SCOPE_1,ref_passenger_vehicles,cars_by_market_segment_mpv_plug_in_hybrid_electric_vehicle_miles,STANDARD,UK,miles,0.12904,"DEFRA/DESNZ 2024 full set (advanced users) — sheet 'Passenger vehicles', row 43 (group: Plug-in Hybrid Electric Vehicle; activity/type: Cars (by market segment) / MPV)"
SCOPE_1,ref_passenger_vehicles,cars_by_market_segment_mpv_battery_electric_vehicle_miles,STANDARD,UK,miles,0,"DEFRA/DESNZ 2024 full set (advanced users) — sheet 'Passenger vehicles', row 43 (group: Battery Electric Vehicle; activity/type: Cars (by market segment) / MPV)"
SCOPE_1,ref_passenger_vehicles,cars_by_size_small_car_diesel_km,STANDARD,UK,km,0.13994,"DEFRA/DESNZ 2024 full set (advanced users) — sheet 'Passenger vehicles', row 48 (group: Diesel; activity/type: Cars (by size) / Small car)"
SCOPE_1,ref_passenger_vehicles,cars_by_size_small_car_petrol_km,STANDARD,UK,km,0.1437,"DEFRA/DESNZ 2024 full set (advanced users) — sheet 'Passenger vehicles', row 48 (group: Petrol; activity/type: Cars (by size) / Small car)"
SCOPE_1,ref_passenger_vehicles,cars_by_size_small_car_hybrid_km,STANDARD,UK,km,0.11274,"DEFRA/DESNZ 2024 full set (advanced users) — sheet 'Passenger vehicles', row 48 (group: Hybrid; activity/type: Cars (by size) / Small car)"
SCOPE_1,ref_passenger_vehicles,cars_by_size_small_car_unknown_km,STANDARD,UK,km,0.14262,"DEFRA/DESNZ 2024 full set (advanced users) — sheet 'Passenger vehicles', row 48 (group: Unknown; activity/type: Cars (by size) / Small car)"
SCOPE_1,ref_passenger_vehicles,cars_by_size_small_car_plug_in_hybrid_electric_vehicle_km,STANDARD,UK,km,0.03012,"DEFRA/DESNZ 2024 full set (advanced users) — sheet 'Passenger vehicles', row 48 (group: Plug-in Hybrid Electric Vehicle; activity/type: Cars (by size) / Small car)"
SCOPE_1,ref_passenger_vehicles,cars_by_size_small_car_battery_electric_vehicle_km,STANDARD,UK,km,0,"DEFRA/DESNZ 2024 full set (advanced users) — sheet 'Passenger vehicles', row 48 (group: Battery Electric Vehicle; activity/type: Cars (by size) / Small car)"
SCOPE_1,ref_passenger_vehicles,cars_by_size_small_car_diesel_miles,STANDARD,UK,miles,0.22522,"DEFRA/DESNZ 2024 full set (advanced users) — sheet 'Passenger vehicles', row 49 (group: Diesel; activity/type: Cars (by size) / Small car)"
SCOPE_1,ref_passenger_vehicles,cars_by_size_small_car_petrol_miles,STANDARD,UK,miles,0.23126,"DEFRA/DESNZ 2024 full set (advanced users) — sheet 'Passenger vehicles', row 49 (group: Petrol; activity/type: Cars (by size) / Small car)"
SCOPE_1,ref_passenger_vehicles,cars_by_size_small_car_hybrid_miles,STANDARD,UK,miles,0.18143,"DEFRA/DESNZ 2024 full set (advanced users) — sheet 'Passenger vehicles', row 49 (group: Hybrid; activity/type: Cars (by size) / Small car)"
SCOPE_1,ref_passenger_vehicles,cars_by_size_small_car_unknown_miles,STANDARD,UK,miles,0.22953,"DEFRA/DESNZ 2024 full set (advanced users) — sheet 'Passenger vehicles', row 49 (group: Unknown; activity/type: Cars (by size) / Small car)"
SCOPE_1,ref_passenger_vehicles,cars_by_size_small_car_plug_in_hybrid_electric_vehicle_miles,STANDARD,UK,miles,0.04848,"DEFRA/DESNZ 2024 full set (advanced users) — sheet 'Passenger vehicles', row 49 (group: Plug-in Hybrid Electric Vehicle; activity/type: Cars (by size) / Small car)"
SCOPE_1,ref_passenger_vehicles,cars_by_size_small_car_battery_electric_vehicle_miles,STANDARD,UK,miles,0,"DEFRA/DESNZ 2024 full set (advanced users) — sheet 'Passenger vehicles', row 49 (group: Battery Electric Vehicle; activity/type: Cars (by size) / Small car)"
SCOPE_1,ref_passenger_vehicles,cars_by_size_medium_car_diesel_km,STANDARD,UK,km,0.16807,"DEFRA/DESNZ 2024 full set (advanced users) — sheet 'Passenger vehicles', row 50 (group: Diesel; activity/type: Cars (by size) / Medium car)"
SCOPE_1,ref_passenger_vehicles,cars_by_size_medium_car_petrol_km,STANDARD,UK,km,0.17726,"DEFRA/DESNZ 2024 full set (advanced users) — sheet 'Passenger vehicles', row 50 (group: Petrol; activity/type: Cars (by size) / Medium car)"
SCOPE_1,ref_passenger_vehicles,cars_by_size_medium_car_hybrid_km,STANDARD,UK,km,0.1149,"DEFRA/DESNZ 2024 full set (advanced users) — sheet 'Passenger vehicles', row 50 (group: Hybrid; activity/type: Cars (by size) / Medium car)"
SCOPE_1,ref_passenger_vehicles,cars_by_size_medium_car_cng_km,STANDARD,UK,km,0.15682,"DEFRA/DESNZ 2024 full set (advanced users) — sheet 'Passenger vehicles', row 50 (group: CNG; activity/type: Cars (by size) / Medium car)"
SCOPE_1,ref_passenger_vehicles,cars_by_size_medium_car_lpg_km,STANDARD,UK,km,0.17634,"DEFRA/DESNZ 2024 full set (advanced users) — sheet 'Passenger vehicles', row 50 (group: LPG; activity/type: Cars (by size) / Medium car)"
SCOPE_1,ref_passenger_vehicles,cars_by_size_medium_car_unknown_km,STANDARD,UK,km,0.17256,"DEFRA/DESNZ 2024 full set (advanced users) — sheet 'Passenger vehicles', row 50 (group: Unknown; activity/type: Cars (by size) / Medium car)"
SCOPE_1,ref_passenger_vehicles,cars_by_size_medium_car_plug_in_hybrid_electric_vehicle_km,STANDARD,UK,km,0.0812,"DEFRA/DESNZ 2024 full set (advanced users) — sheet 'Passenger vehicles', row 50 (group: Plug-in Hybrid Electric Vehicle; activity/type: Cars (by size) / Medium car)"
SCOPE_1,ref_passenger_vehicles,cars_by_size_medium_car_battery_electric_vehicle_km,STANDARD,UK,km,0,"DEFRA/DESNZ 2024 full set (advanced users) — sheet 'Passenger vehicles', row 50 (group: Battery Electric Vehicle; activity/type: Cars (by size) / Medium car)"
SCOPE_1,ref_passenger_vehicles,cars_by_size_medium_car_diesel_miles,STANDARD,UK,miles,0.2705,"DEFRA/DESNZ 2024 full set (advanced users) — sheet 'Passenger vehicles', row 51 (group: Diesel; activity/type: Cars (by size) / Medium car)"
SCOPE_1,ref_passenger_vehicles,cars_by_size_medium_car_petrol_miles,STANDARD,UK,miles,0.28526,"DEFRA/DESNZ 2024 full set (advanced users) — sheet 'Passenger vehicles', row 51 (group: Petrol; activity/type: Cars (by size) / Medium car)"
SCOPE_1,ref_passenger_vehicles,cars_by_size_medium_car_hybrid_miles,STANDARD,UK,miles,0.18492,"DEFRA/DESNZ 2024 full set (advanced users) — sheet 'Passenger vehicles', row 51 (group: Hybrid; activity/type: Cars (by size) / Medium car)"
SCOPE_1,ref_passenger_vehicles,cars_by_size_medium_car_cng_miles,STANDARD,UK,miles,0.25238,"DEFRA/DESNZ 2024 full set (advanced users) — sheet 'Passenger vehicles', row 51 (group: CNG; activity/type: Cars (by size) / Medium car)"
SCOPE_1,ref_passenger_vehicles,cars_by_size_medium_car_lpg_miles,STANDARD,UK,miles,0.28378,"DEFRA/DESNZ 2024 full set (advanced users) — sheet 'Passenger vehicles', row 51 (group: LPG; activity/type: Cars (by size) / Medium car)"
SCOPE_1,ref_passenger_vehicles,cars_by_size_medium_car_unknown_miles,STANDARD,UK,miles,0.27771,"DEFRA/DESNZ 2024 full set (advanced users) — sheet 'Passenger vehicles', row 51 (group: Unknown; activity/type: Cars (by size) / Medium car)"
SCOPE_1,ref_passenger_vehicles,cars_by_size_medium_car_plug_in_hybrid_electric_vehicle_miles,STANDARD,UK,miles,0.13066,"DEFRA/DESNZ 2024 full set (advanced users) — sheet 'Passenger vehicles', row 51 (group: Plug-in Hybrid Electric Vehicle; activity/type: Cars (by size) / Medium car)"
SCOPE_1,ref_passenger_vehicles,cars_by_size_medium_car_battery_electric_vehicle_miles,STANDARD,UK,miles,0,"DEFRA/DESNZ 2024 full set (advanced users) — sheet 'Passenger vehicles', row 51 (group: Battery Electric Vehicle; activity/type: Cars (by size) / Medium car)"
SCOPE_1,ref_passenger_vehicles,cars_by_size_large_car_diesel_km,STANDARD,UK,km,0.20729,"DEFRA/DESNZ 2024 full set (advanced users) — sheet 'Passenger vehicles', row 52 (group: Diesel; activity/type: Cars (by size) / Large car)"
SCOPE_1,ref_passenger_vehicles,cars_by_size_large_car_petrol_km,STANDARD,UK,km,0.26885,"DEFRA/DESNZ 2024 full set (advanced users) — sheet 'Passenger vehicles', row 52 (group: Petrol; activity/type: Cars (by size) / Large car)"
SCOPE_1,ref_passenger_vehicles,cars_by_size_large_car_hybrid_km,STANDARD,UK,km,0.15486,"DEFRA/DESNZ 2024 full set (advanced users) — sheet 'Passenger vehicles', row 52 (group: Hybrid; activity/type: Cars (by size) / Large car)"
SCOPE_1,ref_passenger_vehicles,cars_by_size_large_car_cng_km,STANDARD,UK,km,0.23705,"DEFRA/DESNZ 2024 full set (advanced users) — sheet 'Passenger vehicles', row 52 (group: CNG; activity/type: Cars (by size) / Large car)"
SCOPE_1,ref_passenger_vehicles,cars_by_size_large_car_lpg_km,STANDARD,UK,km,0.26759,"DEFRA/DESNZ 2024 full set (advanced users) — sheet 'Passenger vehicles', row 52 (group: LPG; activity/type: Cars (by size) / Large car)"
SCOPE_1,ref_passenger_vehicles,cars_by_size_large_car_unknown_km,STANDARD,UK,km,0.22472,"DEFRA/DESNZ 2024 full set (advanced users) — sheet 'Passenger vehicles', row 52 (group: Unknown; activity/type: Cars (by size) / Large car)"
SCOPE_1,ref_passenger_vehicles,cars_by_size_large_car_plug_in_hybrid_electric_vehicle_km,STANDARD,UK,km,0.10306,"DEFRA/DESNZ 2024 full set (advanced users) — sheet 'Passenger vehicles', row 52 (group: Plug-in Hybrid Electric Vehicle; activity/type: Cars (by size) / Large car)"
SCOPE_1,ref_passenger_vehicles,cars_by_size_large_car_battery_electric_vehicle_km,STANDARD,UK,km,0,"DEFRA/DESNZ 2024 full set (advanced users) — sheet 'Passenger vehicles', row 52 (group: Battery Electric Vehicle; activity/type: Cars (by size) / Large car)"
SCOPE_1,ref_passenger_vehicles,cars_by_size_large_car_diesel_miles,STANDARD,UK,miles,0.33362,"DEFRA/DESNZ 2024 full set (advanced users) — sheet 'Passenger vehicles', row 53 (group: Diesel; activity/type: Cars (by size) / Large car)"
SCOPE_1,ref_passenger_vehicles,cars_by_size_large_car_petrol_miles,STANDARD,UK,miles,0.43267,"DEFRA/DESNZ 2024 full set (advanced users) — sheet 'Passenger vehicles', row 53 (group: Petrol; activity/type: Cars (by size) / Large car)"
SCOPE_1,ref_passenger_vehicles,cars_by_size_large_car_hybrid_miles,STANDARD,UK,miles,0.24921,"DEFRA/DESNZ 2024 full set (advanced users) — sheet 'Passenger vehicles', row 53 (group: Hybrid; activity/type: Cars (by size) / Large car)"
SCOPE_1,ref_passenger_vehicles,cars_by_size_large_car_cng_miles,STANDARD,UK,miles,0.38151,"DEFRA/DESNZ 2024 full set (advanced users) — sheet 'Passenger vehicles', row 53 (group: CNG; activity/type: Cars (by size) / Large car)"
SCOPE_1,ref_passenger_vehicles,cars_by_size_large_car_lpg_miles,STANDARD,UK,miles,0.43064,"DEFRA/DESNZ 2024 full set (advanced users) — sheet 'Passenger vehicles', row 53 (group: LPG; activity/type: Cars (by size) / Large car)"
SCOPE_1,ref_passenger_vehicles,cars_by_size_large_car_unknown_miles,STANDARD,UK,miles,0.36164,"DEFRA/DESNZ 2024 full set (advanced users) — sheet 'Passenger vehicles', row 53 (group: Unknown; activity/type: Cars (by size) / Large car)"
SCOPE_1,ref_passenger_vehicles,cars_by_size_large_car_plug_in_hybrid_electric_vehicle_miles,STANDARD,UK,miles,0.16587,"DEFRA/DESNZ 2024 full set (advanced users) — sheet 'Passenger vehicles', row 53 (group: Plug-in Hybrid Electric Vehicle; activity/type: Cars (by size) / Large car)"
SCOPE_1,ref_passenger_vehicles,cars_by_size_large_car_battery_electric_vehicle_miles,STANDARD,UK,miles,0,"DEFRA/DESNZ 2024 full set (advanced users) — sheet 'Passenger vehicles', row 53 (group: Battery Electric Vehicle; activity/type: Cars (by size) / Large car)"
SCOPE_1,ref_passenger_vehicles,cars_by_size_average_car_diesel_km,STANDARD,UK,km,0.16984,"DEFRA/DESNZ 2024 full set (advanced users) — sheet 'Passenger vehicles', row 54 (group: Diesel; activity/type: Cars (by size) / Average car)"
SCOPE_1,ref_passenger_vehicles,cars_by_size_average_car_petrol_km,STANDARD,UK,km,0.1645,"DEFRA/DESNZ 2024 full set (advanced users) — sheet 'Passenger vehicles', row 54 (group: Petrol; activity/type: Cars (by size) / Average car)"
SCOPE_1,ref_passenger_vehicles,cars_by_size_average_car_hybrid_km,STANDARD,UK,km,0.12607,"DEFRA/DESNZ 2024 full set (advanced users) — sheet 'Passenger vehicles', row 54 (group: Hybrid; activity/type: Cars (by size) / Average car)"
SCOPE_1,ref_passenger_vehicles,cars_by_size_average_car_cng_km,STANDARD,UK,km,0.17514,"DEFRA/DESNZ 2024 full set (advanced users) — sheet 'Passenger vehicles', row 54 (group: CNG; activity/type: Cars (by size) / Average car)"
SCOPE_1,ref_passenger_vehicles,cars_by_size_average_car_lpg_km,STANDARD,UK,km,0.19718,"DEFRA/DESNZ 2024 full set (advanced users) — sheet 'Passenger vehicles', row 54 (group: LPG; activity/type: Cars (by size) / Average car)"
SCOPE_1,ref_passenger_vehicles,cars_by_size_average_car_unknown_km,STANDARD,UK,km,0.16691,"DEFRA/DESNZ 2024 full set (advanced users) — sheet 'Passenger vehicles', row 54 (group: Unknown; activity/type: Cars (by size) / Average car)"
SCOPE_1,ref_passenger_vehicles,cars_by_size_average_car_plug_in_hybrid_electric_vehicle_km,STANDARD,UK,km,0.0936,"DEFRA/DESNZ 2024 full set (advanced users) — sheet 'Passenger vehicles', row 54 (group: Plug-in Hybrid Electric Vehicle; activity/type: Cars (by size) / Average car)"
SCOPE_1,ref_passenger_vehicles,cars_by_size_average_car_battery_electric_vehicle_km,STANDARD,UK,km,0,"DEFRA/DESNZ 2024 full set (advanced users) — sheet 'Passenger vehicles', row 54 (group: Battery Electric Vehicle; activity/type: Cars (by size) / Average car)"
SCOPE_1,ref_passenger_vehicles,cars_by_size_average_car_diesel_miles,STANDARD,UK,miles,0.27334,"DEFRA/DESNZ 2024 full set (advanced users) — sheet 'Passenger vehicles', row 55 (group: Diesel; activity/type: Cars (by size) / Average car)"
SCOPE_1,ref_passenger_vehicles,cars_by_size_average_car_petrol_miles,STANDARD,UK,miles,0.26473,"DEFRA/DESNZ 2024 full set (advanced users) — sheet 'Passenger vehicles', row 55 (group: Petrol; activity/type: Cars (by size) / Average car)"
SCOPE_1,ref_passenger_vehicles,cars_by_size_average_car_hybrid_miles,STANDARD,UK,miles,0.20288,"DEFRA/DESNZ 2024 full set (advanced users) — sheet 'Passenger vehicles', row 55 (group: Hybrid; activity/type: Cars (by size) / Average car)"
SCOPE_1,ref_passenger_vehicles,cars_by_size_average_car_cng_miles,STANDARD,UK,miles,0.28187,"DEFRA/DESNZ 2024 full set (advanced users) — sheet 'Passenger vehicles', row 55 (group: CNG; activity/type: Cars (by size) / Average car)"
SCOPE_1,ref_passenger_vehicles,cars_by_size_average_car_lpg_miles,STANDARD,UK,miles,0.31732,"DEFRA/DESNZ 2024 full set (advanced users) — sheet 'Passenger vehicles', row 55 (group: LPG; activity/type: Cars (by size) / Average car)"
SCOPE_1,ref_passenger_vehicles,cars_by_size_average_car_unknown_miles,STANDARD,UK,miles,0.2686,"DEFRA/DESNZ 2024 full set (advanced users) — sheet 'Passenger vehicles', row 55 (group: Unknown; activity/type: Cars (by size) / Average car)"
SCOPE_1,ref_passenger_vehicles,cars_by_size_average_car_plug_in_hybrid_electric_vehicle_miles,STANDARD,UK,miles,0.15062,"DEFRA/DESNZ 2024 full set (advanced users) — sheet 'Passenger vehicles', row 55 (group: Plug-in Hybrid Electric Vehicle; activity/type: Cars (by size) / Average car)"
SCOPE_1,ref_passenger_vehicles,cars_by_size_average_car_battery_electric_vehicle_miles,STANDARD,UK,miles,0,"DEFRA/DESNZ 2024 full set (advanced users) — sheet 'Passenger vehicles', row 55 (group: Battery Electric Vehicle; activity/type: Cars (by size) / Average car)"
SCOPE_1,ref_passenger_vehicles,motorbike_small_km,STANDARD,UK,km,0.08319,"DEFRA/DESNZ 2024 full set (advanced users) — sheet 'Passenger vehicles', row 60 (activity/type: Motorbike / Small)"
SCOPE_1,ref_passenger_vehicles,motorbike_small_miles,STANDARD,UK,miles,0.13388999999999998,"DEFRA/DESNZ 2024 full set (advanced users) — sheet 'Passenger vehicles', row 61 (activity/type: Motorbike / Small)"
SCOPE_1,ref_passenger_vehicles,motorbike_medium_km,STANDARD,UK,km,0.10107000000000001,"DEFRA/DESNZ 2024 full set (advanced users) — sheet 'Passenger vehicles', row 62 (activity/type: Motorbike / Medium)"
SCOPE_1,ref_passenger_vehicles,motorbike_medium_miles,STANDARD,UK,miles,0.16265,"DEFRA/DESNZ 2024 full set (advanced users) — sheet 'Passenger vehicles', row 63 (activity/type: Motorbike / Medium)"
SCOPE_1,ref_passenger_vehicles,motorbike_large_km,STANDARD,UK,km,0.13252,"DEFRA/DESNZ 2024 full set (advanced users) — sheet 'Passenger vehicles', row 64 (activity/type: Motorbike / Large)"
SCOPE_1,ref_passenger_vehicles,motorbike_large_miles,STANDARD,UK,miles,0.21325999999999998,"DEFRA/DESNZ 2024 full set (advanced users) — sheet 'Passenger vehicles', row 65 (activity/type: Motorbike / Large)"
SCOPE_1,ref_passenger_vehicles,motorbike_average_km,STANDARD,UK,km,0.11367000000000001,"DEFRA/DESNZ 2024 full set (advanced users) — sheet 'Passenger vehicles', row 66 (activity/type: Motorbike / Average)"
SCOPE_1,ref_passenger_vehicles,motorbike_average_miles,STANDARD,UK,miles,0.18293,"DEFRA/DESNZ 2024 full set (advanced users) — sheet 'Passenger vehicles', row 67 (activity/type: Motorbike / Average)"
SCOPE_1,ref_delivery_vehicles,vans_class_i_up_to_1_305_tonnes_diesel_km,STANDARD,UK,km,0.15356,"DEFRA/DESNZ 2024 full set (advanced users) — sheet 'Delivery vehicles', row 26 (group: Diesel; activity/type: Vans / Class I (up to 1.305 tonnes))"
SCOPE_1,ref_delivery_vehicles,vans_class_i_up_to_1_305_tonnes_petrol_km,STANDARD,UK,km,0.20071,"DEFRA/DESNZ 2024 full set (advanced users) — sheet 'Delivery vehicles', row 26 (group: Petrol; activity/type: Vans / Class I (up to 1.305 tonnes))"
SCOPE_1,ref_delivery_vehicles,vans_class_i_up_to_1_305_tonnes_battery_electric_vehicle_km,STANDARD,UK,km,0,"DEFRA/DESNZ 2024 full set (advanced users) — sheet 'Delivery vehicles', row 26 (group: Battery Electric Vehicle; activity/type: Vans / Class I (up to 1.305 tonnes))"
SCOPE_1,ref_delivery_vehicles,vans_class_i_up_to_1_305_tonnes_diesel_miles,STANDARD,UK,miles,0.24716,"DEFRA/DESNZ 2024 full set (advanced users) — sheet 'Delivery vehicles', row 27 (group: Diesel; activity/type: Vans / Class I (up to 1.305 tonnes))"
SCOPE_1,ref_delivery_vehicles,vans_class_i_up_to_1_305_tonnes_petrol_miles,STANDARD,UK,miles,0.32299,"DEFRA/DESNZ 2024 full set (advanced users) — sheet 'Delivery vehicles', row 27 (group: Petrol; activity/type: Vans / Class I (up to 1.305 tonnes))"
SCOPE_1,ref_delivery_vehicles,vans_class_i_up_to_1_305_tonnes_battery_electric_vehicle_miles,STANDARD,UK,miles,0,"DEFRA/DESNZ 2024 full set (advanced users) — sheet 'Delivery vehicles', row 27 (group: Battery Electric Vehicle; activity/type: Vans / Class I (up to 1.305 tonnes))"
SCOPE_1,ref_delivery_vehicles,vans_class_ii_1_305_to_1_74_tonnes_diesel_km,STANDARD,UK,km,0.18832,"DEFRA/DESNZ 2024 full set (advanced users) — sheet 'Delivery vehicles', row 28 (group: Diesel; activity/type: Vans / Class II (1.305 to 1.74 tonnes))"
SCOPE_1,ref_delivery_vehicles,vans_class_ii_1_305_to_1_74_tonnes_petrol_km,STANDARD,UK,km,0.21709,"DEFRA/DESNZ 2024 full set (advanced users) — sheet 'Delivery vehicles', row 28 (group: Petrol; activity/type: Vans / Class II (1.305 to 1.74 tonnes))"
SCOPE_1,ref_delivery_vehicles,vans_class_ii_1_305_to_1_74_tonnes_battery_electric_vehicle_km,STANDARD,UK,km,0,"DEFRA/DESNZ 2024 full set (advanced users) — sheet 'Delivery vehicles', row 28 (group: Battery Electric Vehicle; activity/type: Vans / Class II (1.305 to 1.74 tonnes))"
SCOPE_1,ref_delivery_vehicles,vans_class_ii_1_305_to_1_74_tonnes_diesel_miles,STANDARD,UK,miles,0.30309,"DEFRA/DESNZ 2024 full set (advanced users) — sheet 'Delivery vehicles', row 29 (group: Diesel; activity/type: Vans / Class II (1.305 to 1.74 tonnes))"
SCOPE_1,ref_delivery_vehicles,vans_class_ii_1_305_to_1_74_tonnes_petrol_miles,STANDARD,UK,miles,0.34936,"DEFRA/DESNZ 2024 full set (advanced users) — sheet 'Delivery vehicles', row 29 (group: Petrol; activity/type: Vans / Class II (1.305 to 1.74 tonnes))"
SCOPE_1,ref_delivery_vehicles,vans_class_ii_1_305_to_1_74_tonnes_battery_electric_vehicle_miles,STANDARD,UK,miles,0,"DEFRA/DESNZ 2024 full set (advanced users) — sheet 'Delivery vehicles', row 29 (group: Battery Electric Vehicle; activity/type: Vans / Class II (1.305 to 1.74 tonnes))"
SCOPE_1,ref_delivery_vehicles,vans_class_iii_1_74_to_3_5_tonnes_diesel_km,STANDARD,UK,km,0.27365,"DEFRA/DESNZ 2024 full set (advanced users) — sheet 'Delivery vehicles', row 30 (group: Diesel; activity/type: Vans / Class III (1.74 to 3.5 tonnes))"
SCOPE_1,ref_delivery_vehicles,vans_class_iii_1_74_to_3_5_tonnes_petrol_km,STANDARD,UK,km,0.34923,"DEFRA/DESNZ 2024 full set (advanced users) — sheet 'Delivery vehicles', row 30 (group: Petrol; activity/type: Vans / Class III (1.74 to 3.5 tonnes))"
SCOPE_1,ref_delivery_vehicles,vans_class_iii_1_74_to_3_5_tonnes_plug_in_hybrid_electric_vehicle_km,STANDARD,UK,km,0.13292,"DEFRA/DESNZ 2024 full set (advanced users) — sheet 'Delivery vehicles', row 30 (group: Plug-in Hybrid Electric Vehicle; activity/type: Vans / Class III (1.74 to 3.5 tonnes))"
SCOPE_1,ref_delivery_vehicles,vans_class_iii_1_74_to_3_5_tonnes_battery_electric_vehicle_km,STANDARD,UK,km,0,"DEFRA/DESNZ 2024 full set (advanced users) — sheet 'Delivery vehicles', row 30 (group: Battery Electric Vehicle; activity/type: Vans / Class III (1.74 to 3.5 tonnes))"
SCOPE_1,ref_delivery_vehicles,vans_class_iii_1_74_to_3_5_tonnes_diesel_miles,STANDARD,UK,miles,0.44042,"DEFRA/DESNZ 2024 full set (advanced users) — sheet 'Delivery vehicles', row 31 (group: Diesel; activity/type: Vans / Class III (1.74 to 3.5 tonnes))"
SCOPE_1,ref_delivery_vehicles,vans_class_iii_1_74_to_3_5_tonnes_petrol_miles,STANDARD,UK,miles,0.56201,"DEFRA/DESNZ 2024 full set (advanced users) — sheet 'Delivery vehicles', row 31 (group: Petrol; activity/type: Vans / Class III (1.74 to 3.5 tonnes))"
SCOPE_1,ref_delivery_vehicles,vans_class_iii_1_74_to_3_5_tonnes_plug_in_hybrid_electric_vehicle_miles,STANDARD,UK,miles,0.21391,"DEFRA/DESNZ 2024 full set (advanced users) — sheet 'Delivery vehicles', row 31 (group: Plug-in Hybrid Electric Vehicle; activity/type: Vans / Class III (1.74 to 3.5 tonnes))"
SCOPE_1,ref_delivery_vehicles,vans_class_iii_1_74_to_3_5_tonnes_battery_electric_vehicle_miles,STANDARD,UK,miles,0,"DEFRA/DESNZ 2024 full set (advanced users) — sheet 'Delivery vehicles', row 31 (group: Battery Electric Vehicle; activity/type: Vans / Class III (1.74 to 3.5 tonnes))"
SCOPE_1,ref_delivery_vehicles,vans_average_up_to_3_5_tonnes_diesel_km,STANDARD,UK,km,0.25023,"DEFRA/DESNZ 2024 full set (advanced users) — sheet 'Delivery vehicles', row 32 (group: Diesel; activity/type: Vans / Average (up to 3.5 tonnes))"
SCOPE_1,ref_delivery_vehicles,vans_average_up_to_3_5_tonnes_petrol_km,STANDARD,UK,km,0.22095,"DEFRA/DESNZ 2024 full set (advanced users) — sheet 'Delivery vehicles', row 32 (group: Petrol; activity/type: Vans / Average (up to 3.5 tonnes))"
SCOPE_1,ref_delivery_vehicles,vans_average_up_to_3_5_tonnes_cng_km,STANDARD,UK,km,0.2512,"DEFRA/DESNZ 2024 full set (advanced users) — sheet 'Delivery vehicles', row 32 (group: CNG; activity/type: Vans / Average (up to 3.5 tonnes))"
SCOPE_1,ref_delivery_vehicles,vans_average_up_to_3_5_tonnes_lpg_km,STANDARD,UK,km,0.27617,"DEFRA/DESNZ 2024 full set (advanced users) — sheet 'Delivery vehicles', row 32 (group: LPG; activity/type: Vans / Average (up to 3.5 tonnes))"
SCOPE_1,ref_delivery_vehicles,vans_average_up_to_3_5_tonnes_unknown_km,STANDARD,UK,km,0.24934,"DEFRA/DESNZ 2024 full set (advanced users) — sheet 'Delivery vehicles', row 32 (group: Unknown; activity/type: Vans / Average (up to 3.5 tonnes))"
SCOPE_1,ref_delivery_vehicles,vans_average_up_to_3_5_tonnes_plug_in_hybrid_electric_vehicle_km,STANDARD,UK,km,0.13292,"DEFRA/DESNZ 2024 full set (advanced users) — sheet 'Delivery vehicles', row 32 (group: Plug-in Hybrid Electric Vehicle; activity/type: Vans / Average (up to 3.5 tonnes))"
SCOPE_1,ref_delivery_vehicles,vans_average_up_to_3_5_tonnes_battery_electric_vehicle_km,STANDARD,UK,km,0,"DEFRA/DESNZ 2024 full set (advanced users) — sheet 'Delivery vehicles', row 32 (group: Battery Electric Vehicle; activity/type: Vans / Average (up to 3.5 tonnes))"
SCOPE_1,ref_delivery_vehicles,vans_average_up_to_3_5_tonnes_diesel_miles,STANDARD,UK,miles,0.40273,"DEFRA/DESNZ 2024 full set (advanced users) — sheet 'Delivery vehicles', row 33 (group: Diesel; activity/type: Vans / Average (up to 3.5 tonnes))"
SCOPE_1,ref_delivery_vehicles,vans_average_up_to_3_5_tonnes_petrol_miles,STANDARD,UK,miles,0.35558,"DEFRA/DESNZ 2024 full set (advanced users) — sheet 'Delivery vehicles', row 33 (group: Petrol; activity/type: Vans / Average (up to 3.5 tonnes))"
SCOPE_1,ref_delivery_vehicles,vans_average_up_to_3_5_tonnes_cng_miles,STANDARD,UK,miles,0.40426,"DEFRA/DESNZ 2024 full set (advanced users) — sheet 'Delivery vehicles', row 33 (group: CNG; activity/type: Vans / Average (up to 3.5 tonnes))"
SCOPE_1,ref_delivery_vehicles,vans_average_up_to_3_5_tonnes_lpg_miles,STANDARD,UK,miles,0.44446,"DEFRA/DESNZ 2024 full set (advanced users) — sheet 'Delivery vehicles', row 33 (group: LPG; activity/type: Vans / Average (up to 3.5 tonnes))"
SCOPE_1,ref_delivery_vehicles,vans_average_up_to_3_5_tonnes_unknown_miles,STANDARD,UK,miles,0.40127,"DEFRA/DESNZ 2024 full set (advanced users) — sheet 'Delivery vehicles', row 33 (group: Unknown; activity/type: Vans / Average (up to 3.5 tonnes))"
SCOPE_1,ref_delivery_vehicles,vans_average_up_to_3_5_tonnes_plug_in_hybrid_electric_vehicle_miles,STANDARD,UK,miles,0.21391,"DEFRA/DESNZ 2024 full set (advanced users) — sheet 'Delivery vehicles', row 33 (group: Plug-in Hybrid Electric Vehicle; activity/type: Vans / Average (up to 3.5 tonnes))"
SCOPE_1,ref_delivery_vehicles,vans_average_up_to_3_5_tonnes_battery_electric_vehicle_miles,STANDARD,UK,miles,0,"DEFRA/DESNZ 2024 full set (advanced users) — sheet 'Delivery vehicles', row 33 (group: Battery Electric Vehicle; activity/type: Vans / Average (up to 3.5 tonnes))"
SCOPE_1,ref_delivery_vehicles,hgv_all_diesel_rigid_3_5_7_5_tonnes_0_laden_km,STANDARD,UK,km,0.4538,"DEFRA/DESNZ 2024 full set (advanced users) — sheet 'Delivery vehicles', row 38 (group: 0% Laden; activity/type: HGV (all diesel) / Rigid (>3.5 - 7.5 tonnes))"
SCOPE_1,ref_delivery_vehicles,hgv_all_diesel_rigid_3_5_7_5_tonnes_50_laden_km,STANDARD,UK,km,0.49279,"DEFRA/DESNZ 2024 full set (advanced users) — sheet 'Delivery vehicles', row 38 (group: 50% Laden; activity/type: HGV (all diesel) / Rigid (>3.5 - 7.5 tonnes))"
SCOPE_1,ref_delivery_vehicles,hgv_all_diesel_rigid_3_5_7_5_tonnes_100_laden_km,STANDARD,UK,km,0.53178,"DEFRA/DESNZ 2024 full set (advanced users) — sheet 'Delivery vehicles', row 38 (group: 100% Laden; activity/type: HGV (all diesel) / Rigid (>3.5 - 7.5 tonnes))"
SCOPE_1,ref_delivery_vehicles,hgv_all_diesel_rigid_3_5_7_5_tonnes_average_laden_km,STANDARD,UK,km,0.48733,"DEFRA/DESNZ 2024 full set (advanced users) — sheet 'Delivery vehicles', row 38 (group: Average laden; activity/type: HGV (all diesel) / Rigid (>3.5 - 7.5 tonnes))"
SCOPE_1,ref_delivery_vehicles,hgv_all_diesel_rigid_3_5_7_5_tonnes_0_laden_miles,STANDARD,UK,miles,0.73031,"DEFRA/DESNZ 2024 full set (advanced users) — sheet 'Delivery vehicles', row 39 (group: 0% Laden; activity/type: HGV (all diesel) / Rigid (>3.5 - 7.5 tonnes))"
SCOPE_1,ref_delivery_vehicles,hgv_all_diesel_rigid_3_5_7_5_tonnes_50_laden_miles,STANDARD,UK,miles,0.79306,"DEFRA/DESNZ 2024 full set (advanced users) — sheet 'Delivery vehicles', row 39 (group: 50% Laden; activity/type: HGV (all diesel) / Rigid (>3.5 - 7.5 tonnes))"
SCOPE_1,ref_delivery_vehicles,hgv_all_diesel_rigid_3_5_7_5_tonnes_100_laden_miles,STANDARD,UK,miles,0.8558,"DEFRA/DESNZ 2024 full set (advanced users) — sheet 'Delivery vehicles', row 39 (group: 100% Laden; activity/type: HGV (all diesel) / Rigid (>3.5 - 7.5 tonnes))"
SCOPE_1,ref_delivery_vehicles,hgv_all_diesel_rigid_3_5_7_5_tonnes_average_laden_miles,STANDARD,UK,miles,0.78427,"DEFRA/DESNZ 2024 full set (advanced users) — sheet 'Delivery vehicles', row 39 (group: Average laden; activity/type: HGV (all diesel) / Rigid (>3.5 - 7.5 tonnes))"
SCOPE_1,ref_delivery_vehicles,hgv_all_diesel_rigid_7_5_tonnes_17_tonnes_0_laden_km,STANDARD,UK,km,0.54426,"DEFRA/DESNZ 2024 full set (advanced users) — sheet 'Delivery vehicles', row 40 (group: 0% Laden; activity/type: HGV (all diesel) / Rigid (>7.5 tonnes-17 tonnes))"
SCOPE_1,ref_delivery_vehicles,hgv_all_diesel_rigid_7_5_tonnes_17_tonnes_50_laden_km,STANDARD,UK,km,0.62106,"DEFRA/DESNZ 2024 full set (advanced users) — sheet 'Delivery vehicles', row 40 (group: 50% Laden; activity/type: HGV (all diesel) / Rigid (>7.5 tonnes-17 tonnes))"
SCOPE_1,ref_delivery_vehicles,hgv_all_diesel_rigid_7_5_tonnes_17_tonnes_100_laden_km,STANDARD,UK,km,0.69787,"DEFRA/DESNZ 2024 full set (advanced users) — sheet 'Delivery vehicles', row 40 (group: 100% Laden; activity/type: HGV (all diesel) / Rigid (>7.5 tonnes-17 tonnes))"
SCOPE_1,ref_delivery_vehicles,hgv_all_diesel_rigid_7_5_tonnes_17_tonnes_average_laden_km,STANDARD,UK,km,0.59495,"DEFRA/DESNZ 2024 full set (advanced users) — sheet 'Delivery vehicles', row 40 (group: Average laden; activity/type: HGV (all diesel) / Rigid (>7.5 tonnes-17 tonnes))"
SCOPE_1,ref_delivery_vehicles,hgv_all_diesel_rigid_7_5_tonnes_17_tonnes_0_laden_miles,STANDARD,UK,miles,0.87591,"DEFRA/DESNZ 2024 full set (advanced users) — sheet 'Delivery vehicles', row 41 (group: 0% Laden; activity/type: HGV (all diesel) / Rigid (>7.5 tonnes-17 tonnes))"
SCOPE_1,ref_delivery_vehicles,hgv_all_diesel_rigid_7_5_tonnes_17_tonnes_50_laden_miles,STANDARD,UK,miles,0.99952,"DEFRA/DESNZ 2024 full set (advanced users) — sheet 'Delivery vehicles', row 41 (group: 50% Laden; activity/type: HGV (all diesel) / Rigid (>7.5 tonnes-17 tonnes))"
SCOPE_1,ref_delivery_vehicles,hgv_all_diesel_rigid_7_5_tonnes_17_tonnes_100_laden_miles,STANDARD,UK,miles,1.12313,"DEFRA/DESNZ 2024 full set (advanced users) — sheet 'Delivery vehicles', row 41 (group: 100% Laden; activity/type: HGV (all diesel) / Rigid (>7.5 tonnes-17 tonnes))"
SCOPE_1,ref_delivery_vehicles,hgv_all_diesel_rigid_7_5_tonnes_17_tonnes_average_laden_miles,STANDARD,UK,miles,0.95749,"DEFRA/DESNZ 2024 full set (advanced users) — sheet 'Delivery vehicles', row 41 (group: Average laden; activity/type: HGV (all diesel) / Rigid (>7.5 tonnes-17 tonnes))"
SCOPE_1,ref_delivery_vehicles,hgv_all_diesel_rigid_17_tonnes_0_laden_km,STANDARD,UK,km,0.74987,"DEFRA/DESNZ 2024 full set (advanced users) — sheet 'Delivery vehicles', row 42 (group: 0% Laden; activity/type: HGV (all diesel) / Rigid (>17 tonnes))"
SCOPE_1,ref_delivery_vehicles,hgv_all_diesel_rigid_17_tonnes_50_laden_km,STANDARD,UK,km,0.9121,"DEFRA/DESNZ 2024 full set (advanced users) — sheet 'Delivery vehicles', row 42 (group: 50% Laden; activity/type: HGV (all diesel) / Rigid (>17 tonnes))"
SCOPE_1,ref_delivery_vehicles,hgv_all_diesel_rigid_17_tonnes_100_laden_km,STANDARD,UK,km,1.07433,"DEFRA/DESNZ 2024 full set (advanced users) — sheet 'Delivery vehicles', row 42 (group: 100% Laden; activity/type: HGV (all diesel) / Rigid (>17 tonnes))"
SCOPE_1,ref_delivery_vehicles,hgv_all_diesel_rigid_17_tonnes_average_laden_km,STANDARD,UK,km,0.97698,"DEFRA/DESNZ 2024 full set (advanced users) — sheet 'Delivery vehicles', row 42 (group: Average laden; activity/type: HGV (all diesel) / Rigid (>17 tonnes))"
SCOPE_1,ref_delivery_vehicles,hgv_all_diesel_rigid_17_tonnes_0_laden_miles,STANDARD,UK,miles,1.20681,"DEFRA/DESNZ 2024 full set (advanced users) — sheet 'Delivery vehicles', row 43 (group: 0% Laden; activity/type: HGV (all diesel) / Rigid (>17 tonnes))"
SCOPE_1,ref_delivery_vehicles,hgv_all_diesel_rigid_17_tonnes_50_laden_miles,STANDARD,UK,miles,1.4679,"DEFRA/DESNZ 2024 full set (advanced users) — sheet 'Delivery vehicles', row 43 (group: 50% Laden; activity/type: HGV (all diesel) / Rigid (>17 tonnes))"
SCOPE_1,ref_delivery_vehicles,hgv_all_diesel_rigid_17_tonnes_100_laden_miles,STANDARD,UK,miles,1.72898,"DEFRA/DESNZ 2024 full set (advanced users) — sheet 'Delivery vehicles', row 43 (group: 100% Laden; activity/type: HGV (all diesel) / Rigid (>17 tonnes))"
SCOPE_1,ref_delivery_vehicles,hgv_all_diesel_rigid_17_tonnes_average_laden_miles,STANDARD,UK,miles,1.57231,"DEFRA/DESNZ 2024 full set (advanced users) — sheet 'Delivery vehicles', row 43 (group: Average laden; activity/type: HGV (all diesel) / Rigid (>17 tonnes))"
SCOPE_1,ref_delivery_vehicles,hgv_all_diesel_all_rigids_0_laden_km,STANDARD,UK,km,0.66163,"DEFRA/DESNZ 2024 full set (advanced users) — sheet 'Delivery vehicles', row 44 (group: 0% Laden; activity/type: HGV (all diesel) / All rigids)"
SCOPE_1,ref_delivery_vehicles,hgv_all_diesel_all_rigids_50_laden_km,STANDARD,UK,km,0.78719,"DEFRA/DESNZ 2024 full set (advanced users) — sheet 'Delivery vehicles', row 44 (group: 50% Laden; activity/type: HGV (all diesel) / All rigids)"
SCOPE_1,ref_delivery_vehicles,hgv_all_diesel_all_rigids_100_laden_km,STANDARD,UK,km,0.91274,"DEFRA/DESNZ 2024 full set (advanced users) — sheet 'Delivery vehicles', row 44 (group: 100% Laden; activity/type: HGV (all diesel) / All rigids)"
SCOPE_1,ref_delivery_vehicles,hgv_all_diesel_all_rigids_average_laden_km,STANDARD,UK,km,0.82657,"DEFRA/DESNZ 2024 full set (advanced users) — sheet 'Delivery vehicles', row 44 (group: Average laden; activity/type: HGV (all diesel) / All rigids)"
SCOPE_1,ref_delivery_vehicles,hgv_all_diesel_all_rigids_0_laden_miles,STANDARD,UK,miles,1.06479,"DEFRA/DESNZ 2024 full set (advanced users) — sheet 'Delivery vehicles', row 45 (group: 0% Laden; activity/type: HGV (all diesel) / All rigids)"
SCOPE_1,ref_delivery_vehicles,hgv_all_diesel_all_rigids_50_laden_miles,STANDARD,UK,miles,1.26685,"DEFRA/DESNZ 2024 full set (advanced users) — sheet 'Delivery vehicles', row 45 (group: 50% Laden; activity/type: HGV (all diesel) / All rigids)"
SCOPE_1,ref_delivery_vehicles,hgv_all_diesel_all_rigids_100_laden_miles,STANDARD,UK,miles,1.46891,"DEFRA/DESNZ 2024 full set (advanced users) — sheet 'Delivery vehicles', row 45 (group: 100% Laden; activity/type: HGV (all diesel) / All rigids)"
SCOPE_1,ref_delivery_vehicles,hgv_all_diesel_all_rigids_average_laden_miles,STANDARD,UK,miles,1.33023,"DEFRA/DESNZ 2024 full set (advanced users) — sheet 'Delivery vehicles', row 45 (group: Average laden; activity/type: HGV (all diesel) / All rigids)"
SCOPE_1,ref_delivery_vehicles,hgv_all_diesel_articulated_3_5_33t_0_laden_km,STANDARD,UK,km,0.61558,"DEFRA/DESNZ 2024 full set (advanced users) — sheet 'Delivery vehicles', row 46 (group: 0% Laden; activity/type: HGV (all diesel) / Articulated (>3.5 - 33t))"
SCOPE_1,ref_delivery_vehicles,hgv_all_diesel_articulated_3_5_33t_50_laden_km,STANDARD,UK,km,0.76642,"DEFRA/DESNZ 2024 full set (advanced users) — sheet 'Delivery vehicles', row 46 (group: 50% Laden; activity/type: HGV (all diesel) / Articulated (>3.5 - 33t))"
SCOPE_1,ref_delivery_vehicles,hgv_all_diesel_articulated_3_5_33t_100_laden_km,STANDARD,UK,km,0.91726,"DEFRA/DESNZ 2024 full set (advanced users) — sheet 'Delivery vehicles', row 46 (group: 100% Laden; activity/type: HGV (all diesel) / Articulated (>3.5 - 33t))"
SCOPE_1,ref_delivery_vehicles,hgv_all_diesel_articulated_3_5_33t_average_laden_km,STANDARD,UK,km,0.76642,"DEFRA/DESNZ 2024 full set (advanced users) — sheet 'Delivery vehicles', row 46 (group: Average laden; activity/type: HGV (all diesel) / Articulated (>3.5 - 33t))"
SCOPE_1,ref_delivery_vehicles,hgv_all_diesel_articulated_3_5_33t_0_laden_miles,STANDARD,UK,miles,0.99065,"DEFRA/DESNZ 2024 full set (advanced users) — sheet 'Delivery vehicles', row 47 (group: 0% Laden; activity/type: HGV (all diesel) / Articulated (>3.5 - 33t))"
SCOPE_1,ref_delivery_vehicles,hgv_all_diesel_articulated_3_5_33t_50_laden_miles,STANDARD,UK,miles,1.23341,"DEFRA/DESNZ 2024 full set (advanced users) — sheet 'Delivery vehicles', row 47 (group: 50% Laden; activity/type: HGV (all diesel) / Articulated (>3.5 - 33t))"
SCOPE_1,ref_delivery_vehicles,hgv_all_diesel_articulated_3_5_33t_100_laden_miles,STANDARD,UK,miles,1.47616,"DEFRA/DESNZ 2024 full set (advanced users) — sheet 'Delivery vehicles', row 47 (group: 100% Laden; activity/type: HGV (all diesel) / Articulated (>3.5 - 33t))"
SCOPE_1,ref_delivery_vehicles,hgv_all_diesel_articulated_3_5_33t_average_laden_miles,STANDARD,UK,miles,1.23341,"DEFRA/DESNZ 2024 full set (advanced users) — sheet 'Delivery vehicles', row 47 (group: Average laden; activity/type: HGV (all diesel) / Articulated (>3.5 - 33t))"
SCOPE_1,ref_delivery_vehicles,hgv_all_diesel_articulated_33t_0_laden_km,STANDARD,UK,km,0.63238,"DEFRA/DESNZ 2024 full set (advanced users) — sheet 'Delivery vehicles', row 48 (group: 0% Laden; activity/type: HGV (all diesel) / Articulated (>33t))"
SCOPE_1,ref_delivery_vehicles,hgv_all_diesel_articulated_33t_50_laden_km,STANDARD,UK,km,0.83833,"DEFRA/DESNZ 2024 full set (advanced users) — sheet 'Delivery vehicles', row 48 (group: 50% Laden; activity/type: HGV (all diesel) / Articulated (>33t))"
SCOPE_1,ref_delivery_vehicles,hgv_all_diesel_articulated_33t_100_laden_km,STANDARD,UK,km,1.04428,"DEFRA/DESNZ 2024 full set (advanced users) — sheet 'Delivery vehicles', row 48 (group: 100% Laden; activity/type: HGV (all diesel) / Articulated (>33t))"
SCOPE_1,ref_delivery_vehicles,hgv_all_diesel_articulated_33t_average_laden_km,STANDARD,UK,km,0.91247,"DEFRA/DESNZ 2024 full set (advanced users) — sheet 'Delivery vehicles', row 48 (group: Average laden; activity/type: HGV (all diesel) / Articulated (>33t))"
SCOPE_1,ref_delivery_vehicles,hgv_all_diesel_articulated_33t_0_laden_miles,STANDARD,UK,miles,1.0177,"DEFRA/DESNZ 2024 full set (advanced users) — sheet 'Delivery vehicles', row 49 (group: 0% Laden; activity/type: HGV (all diesel) / Articulated (>33t))"
SCOPE_1,ref_delivery_vehicles,hgv_all_diesel_articulated_33t_50_laden_miles,STANDARD,UK,miles,1.34914,"DEFRA/DESNZ 2024 full set (advanced users) — sheet 'Delivery vehicles', row 49 (group: 50% Laden; activity/type: HGV (all diesel) / Articulated (>33t))"
SCOPE_1,ref_delivery_vehicles,hgv_all_diesel_articulated_33t_100_laden_miles,STANDARD,UK,miles,1.68059,"DEFRA/DESNZ 2024 full set (advanced users) — sheet 'Delivery vehicles', row 49 (group: 100% Laden; activity/type: HGV (all diesel) / Articulated (>33t))"
SCOPE_1,ref_delivery_vehicles,hgv_all_diesel_articulated_33t_average_laden_miles,STANDARD,UK,miles,1.46846,"DEFRA/DESNZ 2024 full set (advanced users) — sheet 'Delivery vehicles', row 49 (group: Average laden; activity/type: HGV (all diesel) / Articulated (>33t))"
SCOPE_1,ref_delivery_vehicles,hgv_all_diesel_all_artics_0_laden_km,STANDARD,UK,km,0.63162,"DEFRA/DESNZ 2024 full set (advanced users) — sheet 'Delivery vehicles', row 50 (group: 0% Laden; activity/type: HGV (all diesel) / All artics)"
SCOPE_1,ref_delivery_vehicles,hgv_all_diesel_all_artics_50_laden_km,STANDARD,UK,km,0.83506,"DEFRA/DESNZ 2024 full set (advanced users) — sheet 'Delivery vehicles', row 50 (group: 50% Laden; activity/type: HGV (all diesel) / All artics)"
SCOPE_1,ref_delivery_vehicles,hgv_all_diesel_all_artics_100_laden_km,STANDARD,UK,km,1.03849,"DEFRA/DESNZ 2024 full set (advanced users) — sheet 'Delivery vehicles', row 50 (group: 100% Laden; activity/type: HGV (all diesel) / All artics)"
SCOPE_1,ref_delivery_vehicles,hgv_all_diesel_all_artics_average_laden_km,STANDARD,UK,km,0.90581,"DEFRA/DESNZ 2024 full set (advanced users) — sheet 'Delivery vehicles', row 50 (group: Average laden; activity/type: HGV (all diesel) / All artics)"
SCOPE_1,ref_delivery_vehicles,hgv_all_diesel_all_artics_0_laden_miles,STANDARD,UK,miles,1.01648,"DEFRA/DESNZ 2024 full set (advanced users) — sheet 'Delivery vehicles', row 51 (group: 0% Laden; activity/type: HGV (all diesel) / All artics)"
SCOPE_1,ref_delivery_vehicles,hgv_all_diesel_all_artics_50_laden_miles,STANDARD,UK,miles,1.34388,"DEFRA/DESNZ 2024 full set (advanced users) — sheet 'Delivery vehicles', row 51 (group: 50% Laden; activity/type: HGV (all diesel) / All artics)"
SCOPE_1,ref_delivery_vehicles,hgv_all_diesel_all_artics_100_laden_miles,STANDARD,UK,miles,1.67128,"DEFRA/DESNZ 2024 full set (advanced users) — sheet 'Delivery vehicles', row 51 (group: 100% Laden; activity/type: HGV (all diesel) / All artics)"
SCOPE_1,ref_delivery_vehicles,hgv_all_diesel_all_artics_average_laden_miles,STANDARD,UK,miles,1.45775,"DEFRA/DESNZ 2024 full set (advanced users) — sheet 'Delivery vehicles', row 51 (group: Average laden; activity/type: HGV (all diesel) / All artics)"
SCOPE_1,ref_delivery_vehicles,hgv_all_diesel_all_hgvs_0_laden_km,STANDARD,UK,km,0.64392,"DEFRA/DESNZ 2024 full set (advanced users) — sheet 'Delivery vehicles', row 52 (group: 0% Laden; activity/type: HGV (all diesel) / All HGVs)"
SCOPE_1,ref_delivery_vehicles,hgv_all_diesel_all_hgvs_50_laden_km,STANDARD,UK,km,0.81517,"DEFRA/DESNZ 2024 full set (advanced users) — sheet 'Delivery vehicles', row 52 (group: 50% Laden; activity/type: HGV (all diesel) / All HGVs)"
SCOPE_1,ref_delivery_vehicles,hgv_all_diesel_all_hgvs_100_laden_km,STANDARD,UK,km,0.98641,"DEFRA/DESNZ 2024 full set (advanced users) — sheet 'Delivery vehicles', row 52 (group: 100% Laden; activity/type: HGV (all diesel) / All HGVs)"
SCOPE_1,ref_delivery_vehicles,hgv_all_diesel_all_hgvs_average_laden_km,STANDARD,UK,km,0.87296,"DEFRA/DESNZ 2024 full set (advanced users) — sheet 'Delivery vehicles', row 52 (group: Average laden; activity/type: HGV (all diesel) / All HGVs)"
SCOPE_1,ref_delivery_vehicles,hgv_all_diesel_all_hgvs_0_laden_miles,STANDARD,UK,miles,1.03629,"DEFRA/DESNZ 2024 full set (advanced users) — sheet 'Delivery vehicles', row 53 (group: 0% Laden; activity/type: HGV (all diesel) / All HGVs)"
SCOPE_1,ref_delivery_vehicles,hgv_all_diesel_all_hgvs_50_laden_miles,STANDARD,UK,miles,1.31188,"DEFRA/DESNZ 2024 full set (advanced users) — sheet 'Delivery vehicles', row 53 (group: 50% Laden; activity/type: HGV (all diesel) / All HGVs)"
SCOPE_1,ref_delivery_vehicles,hgv_all_diesel_all_hgvs_100_laden_miles,STANDARD,UK,miles,1.58748,"DEFRA/DESNZ 2024 full set (advanced users) — sheet 'Delivery vehicles', row 53 (group: 100% Laden; activity/type: HGV (all diesel) / All HGVs)"
SCOPE_1,ref_delivery_vehicles,hgv_all_diesel_all_hgvs_average_laden_miles,STANDARD,UK,miles,1.40489,"DEFRA/DESNZ 2024 full set (advanced users) — sheet 'Delivery vehicles', row 53 (group: Average laden; activity/type: HGV (all diesel) / All HGVs)"
SCOPE_1,ref_delivery_vehicles,hgvs_refrigerated_all_diesel_rigid_3_5_7_5_tonnes_0_laden_km,STANDARD,UK,km,0.54033,"DEFRA/DESNZ 2024 full set (advanced users) — sheet 'Delivery vehicles', row 58 (group: 0% Laden; activity/type: HGVs refrigerated (all diesel) / Rigid (>3.5 - 7.5 tonnes))"
SCOPE_1,ref_delivery_vehicles,hgvs_refrigerated_all_diesel_rigid_3_5_7_5_tonnes_50_laden_km,STANDARD,UK,km,0.58684,"DEFRA/DESNZ 2024 full set (advanced users) — sheet 'Delivery vehicles', row 58 (group: 50% Laden; activity/type: HGVs refrigerated (all diesel) / Rigid (>3.5 - 7.5 tonnes))"
SCOPE_1,ref_delivery_vehicles,hgvs_refrigerated_all_diesel_rigid_3_5_7_5_tonnes_100_laden_km,STANDARD,UK,km,0.63336,"DEFRA/DESNZ 2024 full set (advanced users) — sheet 'Delivery vehicles', row 58 (group: 100% Laden; activity/type: HGVs refrigerated (all diesel) / Rigid (>3.5 - 7.5 tonnes))"
SCOPE_1,ref_delivery_vehicles,hgvs_refrigerated_all_diesel_rigid_3_5_7_5_tonnes_average_laden_km,STANDARD,UK,km,0.58033,"DEFRA/DESNZ 2024 full set (advanced users) — sheet 'Delivery vehicles', row 58 (group: Average laden; activity/type: HGVs refrigerated (all diesel) / Rigid (>3.5 - 7.5 tonnes))"
SCOPE_1,ref_delivery_vehicles,hgvs_refrigerated_all_diesel_rigid_3_5_7_5_tonnes_0_laden_miles,STANDARD,UK,miles,0.86957,"DEFRA/DESNZ 2024 full set (advanced users) — sheet 'Delivery vehicles', row 59 (group: 0% Laden; activity/type: HGVs refrigerated (all diesel) / Rigid (>3.5 - 7.5 tonnes))"
SCOPE_1,ref_delivery_vehicles,hgvs_refrigerated_all_diesel_rigid_3_5_7_5_tonnes_50_laden_miles,STANDARD,UK,miles,0.94442,"DEFRA/DESNZ 2024 full set (advanced users) — sheet 'Delivery vehicles', row 59 (group: 50% Laden; activity/type: HGVs refrigerated (all diesel) / Rigid (>3.5 - 7.5 tonnes))"
SCOPE_1,ref_delivery_vehicles,hgvs_refrigerated_all_diesel_rigid_3_5_7_5_tonnes_100_laden_miles,STANDARD,UK,miles,1.01928,"DEFRA/DESNZ 2024 full set (advanced users) — sheet 'Delivery vehicles', row 59 (group: 100% Laden; activity/type: HGVs refrigerated (all diesel) / Rigid (>3.5 - 7.5 tonnes))"
SCOPE_1,ref_delivery_vehicles,hgvs_refrigerated_all_diesel_rigid_3_5_7_5_tonnes_average_laden_miles,STANDARD,UK,miles,0.93394,"DEFRA/DESNZ 2024 full set (advanced users) — sheet 'Delivery vehicles', row 59 (group: Average laden; activity/type: HGVs refrigerated (all diesel) / Rigid (>3.5 - 7.5 tonnes))"
SCOPE_1,ref_delivery_vehicles,hgvs_refrigerated_all_diesel_rigid_7_5_tonnes_17_tonnes_0_laden_km,STANDARD,UK,km,0.64802,"DEFRA/DESNZ 2024 full set (advanced users) — sheet 'Delivery vehicles', row 60 (group: 0% Laden; activity/type: HGVs refrigerated (all diesel) / Rigid (>7.5 tonnes-17 tonnes))"
SCOPE_1,ref_delivery_vehicles,hgvs_refrigerated_all_diesel_rigid_7_5_tonnes_17_tonnes_50_laden_km,STANDARD,UK,km,0.73965,"DEFRA/DESNZ 2024 full set (advanced users) — sheet 'Delivery vehicles', row 60 (group: 50% Laden; activity/type: HGVs refrigerated (all diesel) / Rigid (>7.5 tonnes-17 tonnes))"
SCOPE_1,ref_delivery_vehicles,hgvs_refrigerated_all_diesel_rigid_7_5_tonnes_17_tonnes_100_laden_km,STANDARD,UK,km,0.83128,"DEFRA/DESNZ 2024 full set (advanced users) — sheet 'Delivery vehicles', row 60 (group: 100% Laden; activity/type: HGVs refrigerated (all diesel) / Rigid (>7.5 tonnes-17 tonnes))"
SCOPE_1,ref_delivery_vehicles,hgvs_refrigerated_all_diesel_rigid_7_5_tonnes_17_tonnes_average_laden_km,STANDARD,UK,km,0.7085,"DEFRA/DESNZ 2024 full set (advanced users) — sheet 'Delivery vehicles', row 60 (group: Average laden; activity/type: HGVs refrigerated (all diesel) / Rigid (>7.5 tonnes-17 tonnes))"
SCOPE_1,ref_delivery_vehicles,hgvs_refrigerated_all_diesel_rigid_7_5_tonnes_17_tonnes_0_laden_miles,STANDARD,UK,miles,1.0429,"DEFRA/DESNZ 2024 full set (advanced users) — sheet 'Delivery vehicles', row 61 (group: 0% Laden; activity/type: HGVs refrigerated (all diesel) / Rigid (>7.5 tonnes-17 tonnes))"
SCOPE_1,ref_delivery_vehicles,hgvs_refrigerated_all_diesel_rigid_7_5_tonnes_17_tonnes_50_laden_miles,STANDARD,UK,miles,1.19036,"DEFRA/DESNZ 2024 full set (advanced users) — sheet 'Delivery vehicles', row 61 (group: 50% Laden; activity/type: HGVs refrigerated (all diesel) / Rigid (>7.5 tonnes-17 tonnes))"
SCOPE_1,ref_delivery_vehicles,hgvs_refrigerated_all_diesel_rigid_7_5_tonnes_17_tonnes_100_laden_miles,STANDARD,UK,miles,1.33783,"DEFRA/DESNZ 2024 full set (advanced users) — sheet 'Delivery vehicles', row 61 (group: 100% Laden; activity/type: HGVs refrigerated (all diesel) / Rigid (>7.5 tonnes-17 tonnes))"
SCOPE_1,ref_delivery_vehicles,hgvs_refrigerated_all_diesel_rigid_7_5_tonnes_17_tonnes_average_laden_miles,STANDARD,UK,miles,1.14022,"DEFRA/DESNZ 2024 full set (advanced users) — sheet 'Delivery vehicles', row 61 (group: Average laden; activity/type: HGVs refrigerated (all diesel) / Rigid (>7.5 tonnes-17 tonnes))"
SCOPE_1,ref_delivery_vehicles,hgvs_refrigerated_all_diesel_rigid_17_tonnes_0_laden_km,STANDARD,UK,km,0.8925,"DEFRA/DESNZ 2024 full set (advanced users) — sheet 'Delivery vehicles', row 62 (group: 0% Laden; activity/type: HGVs refrigerated (all diesel) / Rigid (>17 tonnes))"
SCOPE_1,ref_delivery_vehicles,hgvs_refrigerated_all_diesel_rigid_17_tonnes_50_laden_km,STANDARD,UK,km,1.08604,"DEFRA/DESNZ 2024 full set (advanced users) — sheet 'Delivery vehicles', row 62 (group: 50% Laden; activity/type: HGVs refrigerated (all diesel) / Rigid (>17 tonnes))"
SCOPE_1,ref_delivery_vehicles,hgvs_refrigerated_all_diesel_rigid_17_tonnes_100_laden_km,STANDARD,UK,km,1.27958,"DEFRA/DESNZ 2024 full set (advanced users) — sheet 'Delivery vehicles', row 62 (group: 100% Laden; activity/type: HGVs refrigerated (all diesel) / Rigid (>17 tonnes))"
SCOPE_1,ref_delivery_vehicles,hgvs_refrigerated_all_diesel_rigid_17_tonnes_average_laden_km,STANDARD,UK,km,1.16344,"DEFRA/DESNZ 2024 full set (advanced users) — sheet 'Delivery vehicles', row 62 (group: Average laden; activity/type: HGVs refrigerated (all diesel) / Rigid (>17 tonnes))"
SCOPE_1,ref_delivery_vehicles,hgvs_refrigerated_all_diesel_rigid_17_tonnes_0_laden_miles,STANDARD,UK,miles,1.43635,"DEFRA/DESNZ 2024 full set (advanced users) — sheet 'Delivery vehicles', row 63 (group: 0% Laden; activity/type: HGVs refrigerated (all diesel) / Rigid (>17 tonnes))"
SCOPE_1,ref_delivery_vehicles,hgvs_refrigerated_all_diesel_rigid_17_tonnes_50_laden_miles,STANDARD,UK,miles,1.74783,"DEFRA/DESNZ 2024 full set (advanced users) — sheet 'Delivery vehicles', row 63 (group: 50% Laden; activity/type: HGVs refrigerated (all diesel) / Rigid (>17 tonnes))"
SCOPE_1,ref_delivery_vehicles,hgvs_refrigerated_all_diesel_rigid_17_tonnes_100_laden_miles,STANDARD,UK,miles,2.0593,"DEFRA/DESNZ 2024 full set (advanced users) — sheet 'Delivery vehicles', row 63 (group: 100% Laden; activity/type: HGVs refrigerated (all diesel) / Rigid (>17 tonnes))"
SCOPE_1,ref_delivery_vehicles,hgvs_refrigerated_all_diesel_rigid_17_tonnes_average_laden_miles,STANDARD,UK,miles,1.87239,"DEFRA/DESNZ 2024 full set (advanced users) — sheet 'Delivery vehicles', row 63 (group: Average laden; activity/type: HGVs refrigerated (all diesel) / Rigid (>17 tonnes))"
SCOPE_1,ref_delivery_vehicles,hgvs_refrigerated_all_diesel_all_rigids_0_laden_km,STANDARD,UK,km,0.78757,"DEFRA/DESNZ 2024 full set (advanced users) — sheet 'Delivery vehicles', row 64 (group: 0% Laden; activity/type: HGVs refrigerated (all diesel) / All rigids)"
SCOPE_1,ref_delivery_vehicles,hgvs_refrigerated_all_diesel_all_rigids_50_laden_km,STANDARD,UK,km,0.93736,"DEFRA/DESNZ 2024 full set (advanced users) — sheet 'Delivery vehicles', row 64 (group: 50% Laden; activity/type: HGVs refrigerated (all diesel) / All rigids)"
SCOPE_1,ref_delivery_vehicles,hgvs_refrigerated_all_diesel_all_rigids_100_laden_km,STANDARD,UK,km,1.08715,"DEFRA/DESNZ 2024 full set (advanced users) — sheet 'Delivery vehicles', row 64 (group: 100% Laden; activity/type: HGVs refrigerated (all diesel) / All rigids)"
SCOPE_1,ref_delivery_vehicles,hgvs_refrigerated_all_diesel_all_rigids_average_laden_km,STANDARD,UK,km,0.98435,"DEFRA/DESNZ 2024 full set (advanced users) — sheet 'Delivery vehicles', row 64 (group: Average laden; activity/type: HGVs refrigerated (all diesel) / All rigids)"
SCOPE_1,ref_delivery_vehicles,hgvs_refrigerated_all_diesel_all_rigids_0_laden_miles,STANDARD,UK,miles,1.26746,"DEFRA/DESNZ 2024 full set (advanced users) — sheet 'Delivery vehicles', row 65 (group: 0% Laden; activity/type: HGVs refrigerated (all diesel) / All rigids)"
SCOPE_1,ref_delivery_vehicles,hgvs_refrigerated_all_diesel_all_rigids_50_laden_miles,STANDARD,UK,miles,1.50852,"DEFRA/DESNZ 2024 full set (advanced users) — sheet 'Delivery vehicles', row 65 (group: 50% Laden; activity/type: HGVs refrigerated (all diesel) / All rigids)"
SCOPE_1,ref_delivery_vehicles,hgvs_refrigerated_all_diesel_all_rigids_100_laden_miles,STANDARD,UK,miles,1.74959,"DEFRA/DESNZ 2024 full set (advanced users) — sheet 'Delivery vehicles', row 65 (group: 100% Laden; activity/type: HGVs refrigerated (all diesel) / All rigids)"
SCOPE_1,ref_delivery_vehicles,hgvs_refrigerated_all_diesel_all_rigids_average_laden_miles,STANDARD,UK,miles,1.58414,"DEFRA/DESNZ 2024 full set (advanced users) — sheet 'Delivery vehicles', row 65 (group: Average laden; activity/type: HGVs refrigerated (all diesel) / All rigids)"
SCOPE_1,ref_delivery_vehicles,hgvs_refrigerated_all_diesel_articulated_3_5_33t_0_laden_km,STANDARD,UK,km,0.71193,"DEFRA/DESNZ 2024 full set (advanced users) — sheet 'Delivery vehicles', row 66 (group: 0% Laden; activity/type: HGVs refrigerated (all diesel) / Articulated (>3.5 - 33t))"
SCOPE_1,ref_delivery_vehicles,hgvs_refrigerated_all_diesel_articulated_3_5_33t_50_laden_km,STANDARD,UK,km,0.88686,"DEFRA/DESNZ 2024 full set (advanced users) — sheet 'Delivery vehicles', row 66 (group: 50% Laden; activity/type: HGVs refrigerated (all diesel) / Articulated (>3.5 - 33t))"
SCOPE_1,ref_delivery_vehicles,hgvs_refrigerated_all_diesel_articulated_3_5_33t_100_laden_km,STANDARD,UK,km,1.06179,"DEFRA/DESNZ 2024 full set (advanced users) — sheet 'Delivery vehicles', row 66 (group: 100% Laden; activity/type: HGVs refrigerated (all diesel) / Articulated (>3.5 - 33t))"
SCOPE_1,ref_delivery_vehicles,hgvs_refrigerated_all_diesel_articulated_3_5_33t_average_laden_km,STANDARD,UK,km,0.88686,"DEFRA/DESNZ 2024 full set (advanced users) — sheet 'Delivery vehicles', row 66 (group: Average laden; activity/type: HGVs refrigerated (all diesel) / Articulated (>3.5 - 33t))"
SCOPE_1,ref_delivery_vehicles,hgvs_refrigerated_all_diesel_articulated_3_5_33t_0_laden_miles,STANDARD,UK,miles,1.14572,"DEFRA/DESNZ 2024 full set (advanced users) — sheet 'Delivery vehicles', row 67 (group: 0% Laden; activity/type: HGVs refrigerated (all diesel) / Articulated (>3.5 - 33t))"
SCOPE_1,ref_delivery_vehicles,hgvs_refrigerated_all_diesel_articulated_3_5_33t_50_laden_miles,STANDARD,UK,miles,1.42725,"DEFRA/DESNZ 2024 full set (advanced users) — sheet 'Delivery vehicles', row 67 (group: 50% Laden; activity/type: HGVs refrigerated (all diesel) / Articulated (>3.5 - 33t))"
SCOPE_1,ref_delivery_vehicles,hgvs_refrigerated_all_diesel_articulated_3_5_33t_100_laden_miles,STANDARD,UK,miles,1.70877,"DEFRA/DESNZ 2024 full set (advanced users) — sheet 'Delivery vehicles', row 67 (group: 100% Laden; activity/type: HGVs refrigerated (all diesel) / Articulated (>3.5 - 33t))"
SCOPE_1,ref_delivery_vehicles,hgvs_refrigerated_all_diesel_articulated_3_5_33t_average_laden_miles,STANDARD,UK,miles,1.42725,"DEFRA/DESNZ 2024 full set (advanced users) — sheet 'Delivery vehicles', row 67 (group: Average laden; activity/type: HGVs refrigerated (all diesel) / Articulated (>3.5 - 33t))"
SCOPE_1,ref_delivery_vehicles,hgvs_refrigerated_all_diesel_articulated_33t_0_laden_km,STANDARD,UK,km,0.73105,"DEFRA/DESNZ 2024 full set (advanced users) — sheet 'Delivery vehicles', row 68 (group: 0% Laden; activity/type: HGVs refrigerated (all diesel) / Articulated (>33t))"
SCOPE_1,ref_delivery_vehicles,hgvs_refrigerated_all_diesel_articulated_33t_50_laden_km,STANDARD,UK,km,0.96989,"DEFRA/DESNZ 2024 full set (advanced users) — sheet 'Delivery vehicles', row 68 (group: 50% Laden; activity/type: HGVs refrigerated (all diesel) / Articulated (>33t))"
SCOPE_1,ref_delivery_vehicles,hgvs_refrigerated_all_diesel_articulated_33t_100_laden_km,STANDARD,UK,km,1.20873,"DEFRA/DESNZ 2024 full set (advanced users) — sheet 'Delivery vehicles', row 68 (group: 100% Laden; activity/type: HGVs refrigerated (all diesel) / Articulated (>33t))"
SCOPE_1,ref_delivery_vehicles,hgvs_refrigerated_all_diesel_articulated_33t_average_laden_km,STANDARD,UK,km,1.05587,"DEFRA/DESNZ 2024 full set (advanced users) — sheet 'Delivery vehicles', row 68 (group: Average laden; activity/type: HGVs refrigerated (all diesel) / Articulated (>33t))"
SCOPE_1,ref_delivery_vehicles,hgvs_refrigerated_all_diesel_articulated_33t_0_laden_miles,STANDARD,UK,miles,1.17649,"DEFRA/DESNZ 2024 full set (advanced users) — sheet 'Delivery vehicles', row 69 (group: 0% Laden; activity/type: HGVs refrigerated (all diesel) / Articulated (>33t))"
SCOPE_1,ref_delivery_vehicles,hgvs_refrigerated_all_diesel_articulated_33t_50_laden_miles,STANDARD,UK,miles,1.56087,"DEFRA/DESNZ 2024 full set (advanced users) — sheet 'Delivery vehicles', row 69 (group: 50% Laden; activity/type: HGVs refrigerated (all diesel) / Articulated (>33t))"
SCOPE_1,ref_delivery_vehicles,hgvs_refrigerated_all_diesel_articulated_33t_100_laden_miles,STANDARD,UK,miles,1.94524,"DEFRA/DESNZ 2024 full set (advanced users) — sheet 'Delivery vehicles', row 69 (group: 100% Laden; activity/type: HGVs refrigerated (all diesel) / Articulated (>33t))"
SCOPE_1,ref_delivery_vehicles,hgvs_refrigerated_all_diesel_articulated_33t_average_laden_miles,STANDARD,UK,miles,1.69924,"DEFRA/DESNZ 2024 full set (advanced users) — sheet 'Delivery vehicles', row 69 (group: Average laden; activity/type: HGVs refrigerated (all diesel) / Articulated (>33t))"
SCOPE_1,ref_delivery_vehicles,hgvs_refrigerated_all_diesel_all_artics_0_laden_km,STANDARD,UK,km,0.73018,"DEFRA/DESNZ 2024 full set (advanced users) — sheet 'Delivery vehicles', row 70 (group: 0% Laden; activity/type: HGVs refrigerated (all diesel) / All artics)"
SCOPE_1,ref_delivery_vehicles,hgvs_refrigerated_all_diesel_all_artics_50_laden_km,STANDARD,UK,km,0.96611,"DEFRA/DESNZ 2024 full set (advanced users) — sheet 'Delivery vehicles', row 70 (group: 50% Laden; activity/type: HGVs refrigerated (all diesel) / All artics)"
SCOPE_1,ref_delivery_vehicles,hgvs_refrigerated_all_diesel_all_artics_100_laden_km,STANDARD,UK,km,1.20203,"DEFRA/DESNZ 2024 full set (advanced users) — sheet 'Delivery vehicles', row 70 (group: 100% Laden; activity/type: HGVs refrigerated (all diesel) / All artics)"
SCOPE_1,ref_delivery_vehicles,hgvs_refrigerated_all_diesel_all_artics_average_laden_km,STANDARD,UK,km,1.04817,"DEFRA/DESNZ 2024 full set (advanced users) — sheet 'Delivery vehicles', row 70 (group: Average laden; activity/type: HGVs refrigerated (all diesel) / All artics)"
SCOPE_1,ref_delivery_vehicles,hgvs_refrigerated_all_diesel_all_artics_0_laden_miles,STANDARD,UK,miles,1.17511,"DEFRA/DESNZ 2024 full set (advanced users) — sheet 'Delivery vehicles', row 71 (group: 0% Laden; activity/type: HGVs refrigerated (all diesel) / All artics)"
SCOPE_1,ref_delivery_vehicles,hgvs_refrigerated_all_diesel_all_artics_50_laden_miles,STANDARD,UK,miles,1.55479,"DEFRA/DESNZ 2024 full set (advanced users) — sheet 'Delivery vehicles', row 71 (group: 50% Laden; activity/type: HGVs refrigerated (all diesel) / All artics)"
SCOPE_1,ref_delivery_vehicles,hgvs_refrigerated_all_diesel_all_artics_100_laden_miles,STANDARD,UK,miles,1.93447,"DEFRA/DESNZ 2024 full set (advanced users) — sheet 'Delivery vehicles', row 71 (group: 100% Laden; activity/type: HGVs refrigerated (all diesel) / All artics)"
SCOPE_1,ref_delivery_vehicles,hgvs_refrigerated_all_diesel_all_artics_average_laden_miles,STANDARD,UK,miles,1.68685,"DEFRA/DESNZ 2024 full set (advanced users) — sheet 'Delivery vehicles', row 71 (group: Average laden; activity/type: HGVs refrigerated (all diesel) / All artics)"
SCOPE_1,ref_delivery_vehicles,hgvs_refrigerated_all_diesel_all_hgvs_0_laden_km,STANDARD,UK,km,0.75351,"DEFRA/DESNZ 2024 full set (advanced users) — sheet 'Delivery vehicles', row 72 (group: 0% Laden; activity/type: HGVs refrigerated (all diesel) / All HGVs)"
SCOPE_1,ref_delivery_vehicles,hgvs_refrigerated_all_diesel_all_hgvs_50_laden_km,STANDARD,UK,km,0.95446,"DEFRA/DESNZ 2024 full set (advanced users) — sheet 'Delivery vehicles', row 72 (group: 50% Laden; activity/type: HGVs refrigerated (all diesel) / All HGVs)"
SCOPE_1,ref_delivery_vehicles,hgvs_refrigerated_all_diesel_all_hgvs_100_laden_km,STANDARD,UK,km,1.15542,"DEFRA/DESNZ 2024 full set (advanced users) — sheet 'Delivery vehicles', row 72 (group: 100% Laden; activity/type: HGVs refrigerated (all diesel) / All HGVs)"
SCOPE_1,ref_delivery_vehicles,hgvs_refrigerated_all_diesel_all_hgvs_average_laden_km,STANDARD,UK,km,1.02228,"DEFRA/DESNZ 2024 full set (advanced users) — sheet 'Delivery vehicles', row 72 (group: Average laden; activity/type: HGVs refrigerated (all diesel) / All HGVs)"
SCOPE_1,ref_delivery_vehicles,hgvs_refrigerated_all_diesel_all_hgvs_0_laden_miles,STANDARD,UK,miles,1.21266,"DEFRA/DESNZ 2024 full set (advanced users) — sheet 'Delivery vehicles', row 73 (group: 0% Laden; activity/type: HGVs refrigerated (all diesel) / All HGVs)"
SCOPE_1,ref_delivery_vehicles,hgvs_refrigerated_all_diesel_all_hgvs_50_laden_miles,STANDARD,UK,miles,1.53606,"DEFRA/DESNZ 2024 full set (advanced users) — sheet 'Delivery vehicles', row 73 (group: 50% Laden; activity/type: HGVs refrigerated (all diesel) / All HGVs)"
SCOPE_1,ref_delivery_vehicles,hgvs_refrigerated_all_diesel_all_hgvs_100_laden_miles,STANDARD,UK,miles,1.85946,"DEFRA/DESNZ 2024 full set (advanced users) — sheet 'Delivery vehicles', row 73 (group: 100% Laden; activity/type: HGVs refrigerated (all diesel) / All HGVs)"
SCOPE_1,ref_delivery_vehicles,hgvs_refrigerated_all_diesel_all_hgvs_average_laden_miles,STANDARD,UK,miles,1.6452,"DEFRA/DESNZ 2024 full set (advanced users) — sheet 'Delivery vehicles', row 73 (group: Average laden; activity/type: HGVs refrigerated (all diesel) / All HGVs)"
SCOPE_2,ref_uk_electricity,electricity_generated_electricity_uk_kwh,STANDARD,UK,kWh,0.20705,"DEFRA/DESNZ 2024 full set (advanced users) — sheet 'UK electricity', row 25 (activity/type: Electricity generated / Electricity: UK)"
SCOPE_2,ref_uk_electricity_for_evs,cars_by_market_segment_mini_battery_electric_vehicle_km,STANDARD,UK,km,0.03537,"DEFRA/DESNZ 2024 full set (advanced users) — sheet 'UK electricity for EVs', row 26 (group: Battery Electric Vehicle; activity/type: Cars (by market segment) / Mini)"
SCOPE_2,ref_uk_electricity_for_evs,cars_by_market_segment_mini_battery_electric_vehicle_miles,STANDARD,UK,miles,0.05693,"DEFRA/DESNZ 2024 full set (advanced users) — sheet 'UK electricity for EVs', row 27 (group: Battery Electric Vehicle; activity/type: Cars (by market segment) / Mini)"
SCOPE_2,ref_uk_electricity_for_evs,cars_by_market_segment_supermini_plug_in_hybrid_electric_vehicle_km,STANDARD,UK,km,0.02817,"DEFRA/DESNZ 2024 full set (advanced users) — sheet 'UK electricity for EVs', row 28 (group: Plug-in Hybrid Electric Vehicle; activity/type: Cars (by market segment) / Supermini)"
SCOPE_2,ref_uk_electricity_for_evs,cars_by_market_segment_supermini_battery_electric_vehicle_km,STANDARD,UK,km,0.04033,"DEFRA/DESNZ 2024 full set (advanced users) — sheet 'UK electricity for EVs', row 28 (group: Battery Electric Vehicle; activity/type: Cars (by market segment) / Supermini)"
SCOPE_2,ref_uk_electricity_for_evs,cars_by_market_segment_supermini_plug_in_hybrid_electric_vehicle_miles,STANDARD,UK,miles,0.04533,"DEFRA/DESNZ 2024 full set (advanced users) — sheet 'UK electricity for EVs', row 29 (group: Plug-in Hybrid Electric Vehicle; activity/type: Cars (by market segment) / Supermini)"
SCOPE_2,ref_uk_electricity_for_evs,cars_by_market_segment_supermini_battery_electric_vehicle_miles,STANDARD,UK,miles,0.06491,"DEFRA/DESNZ 2024 full set (advanced users) — sheet 'UK electricity for EVs', row 29 (group: Battery Electric Vehicle; activity/type: Cars (by market segment) / Supermini)"
SCOPE_2,ref_uk_electricity_for_evs,cars_by_market_segment_lower_medium_plug_in_hybrid_electric_vehicle_km,STANDARD,UK,km,0.01059,"DEFRA/DESNZ 2024 full set (advanced users) — sheet 'UK electricity for EVs', row 30 (group: Plug-in Hybrid Electric Vehicle; activity/type: Cars (by market segment) / Lower medium)"
SCOPE_2,ref_uk_electricity_for_evs,cars_by_market_segment_lower_medium_battery_electric_vehicle_km,STANDARD,UK,km,0.04241,"DEFRA/DESNZ 2024 full set (advanced users) — sheet 'UK electricity for EVs', row 30 (group: Battery Electric Vehicle; activity/type: Cars (by market segment) / Lower medium)"
SCOPE_2,ref_uk_electricity_for_evs,cars_by_market_segment_lower_medium_plug_in_hybrid_electric_vehicle_miles,STANDARD,UK,miles,0.01702,"DEFRA/DESNZ 2024 full set (advanced users) — sheet 'UK electricity for EVs', row 31 (group: Plug-in Hybrid Electric Vehicle; activity/type: Cars (by market segment) / Lower medium)"
SCOPE_2,ref_uk_electricity_for_evs,cars_by_market_segment_lower_medium_battery_electric_vehicle_miles,STANDARD,UK,miles,0.06824,"DEFRA/DESNZ 2024 full set (advanced users) — sheet 'UK electricity for EVs', row 31 (group: Battery Electric Vehicle; activity/type: Cars (by market segment) / Lower medium)"
SCOPE_2,ref_uk_electricity_for_evs,cars_by_market_segment_upper_medium_plug_in_hybrid_electric_vehicle_km,STANDARD,UK,km,0.01131,"DEFRA/DESNZ 2024 full set (advanced users) — sheet 'UK electricity for EVs', row 32 (group: Plug-in Hybrid Electric Vehicle; activity/type: Cars (by market segment) / Upper medium)"
SCOPE_2,ref_uk_electricity_for_evs,cars_by_market_segment_upper_medium_battery_electric_vehicle_km,STANDARD,UK,km,0.04324,"DEFRA/DESNZ 2024 full set (advanced users) — sheet 'UK electricity for EVs', row 32 (group: Battery Electric Vehicle; activity/type: Cars (by market segment) / Upper medium)"
SCOPE_2,ref_uk_electricity_for_evs,cars_by_market_segment_upper_medium_plug_in_hybrid_electric_vehicle_miles,STANDARD,UK,miles,0.0182,"DEFRA/DESNZ 2024 full set (advanced users) — sheet 'UK electricity for EVs', row 33 (group: Plug-in Hybrid Electric Vehicle; activity/type: Cars (by market segment) / Upper medium)"
SCOPE_2,ref_uk_electricity_for_evs,cars_by_market_segment_upper_medium_battery_electric_vehicle_miles,STANDARD,UK,miles,0.0696,"DEFRA/DESNZ 2024 full set (advanced users) — sheet 'UK electricity for EVs', row 33 (group: Battery Electric Vehicle; activity/type: Cars (by market segment) / Upper medium)"
SCOPE_2,ref_uk_electricity_for_evs,cars_by_market_segment_executive_plug_in_hybrid_electric_vehicle_km,STANDARD,UK,km,0.00936,"DEFRA/DESNZ 2024 full set (advanced users) — sheet 'UK electricity for EVs', row 34 (group: Plug-in Hybrid Electric Vehicle; activity/type: Cars (by market segment) / Executive)"
SCOPE_2,ref_uk_electricity_for_evs,cars_by_market_segment_executive_battery_electric_vehicle_km,STANDARD,UK,km,0.03925,"DEFRA/DESNZ 2024 full set (advanced users) — sheet 'UK electricity for EVs', row 34 (group: Battery Electric Vehicle; activity/type: Cars (by market segment) / Executive)"
SCOPE_2,ref_uk_electricity_for_evs,cars_by_market_segment_executive_plug_in_hybrid_electric_vehicle_miles,STANDARD,UK,miles,0.01504,"DEFRA/DESNZ 2024 full set (advanced users) — sheet 'UK electricity for EVs', row 35 (group: Plug-in Hybrid Electric Vehicle; activity/type: Cars (by market segment) / Executive)"
SCOPE_2,ref_uk_electricity_for_evs,cars_by_market_segment_executive_battery_electric_vehicle_miles,STANDARD,UK,miles,0.06316,"DEFRA/DESNZ 2024 full set (advanced users) — sheet 'UK electricity for EVs', row 35 (group: Battery Electric Vehicle; activity/type: Cars (by market segment) / Executive)"
SCOPE_2,ref_uk_electricity_for_evs,cars_by_market_segment_luxury_plug_in_hybrid_electric_vehicle_km,STANDARD,UK,km,0.01075,"DEFRA/DESNZ 2024 full set (advanced users) — sheet 'UK electricity for EVs', row 36 (group: Plug-in Hybrid Electric Vehicle; activity/type: Cars (by market segment) / Luxury)"
SCOPE_2,ref_uk_electricity_for_evs,cars_by_market_segment_luxury_battery_electric_vehicle_km,STANDARD,UK,km,0.05282,"DEFRA/DESNZ 2024 full set (advanced users) — sheet 'UK electricity for EVs', row 36 (group: Battery Electric Vehicle; activity/type: Cars (by market segment) / Luxury)"
SCOPE_2,ref_uk_electricity_for_evs,cars_by_market_segment_luxury_plug_in_hybrid_electric_vehicle_miles,STANDARD,UK,miles,0.0173,"DEFRA/DESNZ 2024 full set (advanced users) — sheet 'UK electricity for EVs', row 37 (group: Plug-in Hybrid Electric Vehicle; activity/type: Cars (by market segment) / Luxury)"
SCOPE_2,ref_uk_electricity_for_evs,cars_by_market_segment_luxury_battery_electric_vehicle_miles,STANDARD,UK,miles,0.08501,"DEFRA/DESNZ 2024 full set (advanced users) — sheet 'UK electricity for EVs', row 37 (group: Battery Electric Vehicle; activity/type: Cars (by market segment) / Luxury)"
SCOPE_2,ref_uk_electricity_for_evs,cars_by_market_segment_sports_plug_in_hybrid_electric_vehicle_km,STANDARD,UK,km,0.00787,"DEFRA/DESNZ 2024 full set (advanced users) — sheet 'UK electricity for EVs', row 38 (group: Plug-in Hybrid Electric Vehicle; activity/type: Cars (by market segment) / Sports)"
SCOPE_2,ref_uk_electricity_for_evs,cars_by_market_segment_sports_battery_electric_vehicle_km,STANDARD,UK,km,0.06755,"DEFRA/DESNZ 2024 full set (advanced users) — sheet 'UK electricity for EVs', row 38 (group: Battery Electric Vehicle; activity/type: Cars (by market segment) / Sports)"
SCOPE_2,ref_uk_electricity_for_evs,cars_by_market_segment_sports_plug_in_hybrid_electric_vehicle_miles,STANDARD,UK,miles,0.01265,"DEFRA/DESNZ 2024 full set (advanced users) — sheet 'UK electricity for EVs', row 39 (group: Plug-in Hybrid Electric Vehicle; activity/type: Cars (by market segment) / Sports)"
SCOPE_2,ref_uk_electricity_for_evs,cars_by_market_segment_sports_battery_electric_vehicle_miles,STANDARD,UK,miles,0.10871,"DEFRA/DESNZ 2024 full set (advanced users) — sheet 'UK electricity for EVs', row 39 (group: Battery Electric Vehicle; activity/type: Cars (by market segment) / Sports)"
SCOPE_2,ref_uk_electricity_for_evs,cars_by_market_segment_dual_purpose_4x4_plug_in_hybrid_electric_vehicle_km,STANDARD,UK,km,0.01567,"DEFRA/DESNZ 2024 full set (advanced users) — sheet 'UK electricity for EVs', row 40 (group: Plug-in Hybrid Electric Vehicle; activity/type: Cars (by market segment) / Dual purpose 4X4)"
SCOPE_2,ref_uk_electricity_for_evs,cars_by_market_segment_dual_purpose_4x4_battery_electric_vehicle_km,STANDARD,UK,km,0.04605,"DEFRA/DESNZ 2024 full set (advanced users) — sheet 'UK electricity for EVs', row 40 (group: Battery Electric Vehicle; activity/type: Cars (by market segment) / Dual purpose 4X4)"
SCOPE_2,ref_uk_electricity_for_evs,cars_by_market_segment_dual_purpose_4x4_plug_in_hybrid_electric_vehicle_miles,STANDARD,UK,miles,0.02524,"DEFRA/DESNZ 2024 full set (advanced users) — sheet 'UK electricity for EVs', row 41 (group: Plug-in Hybrid Electric Vehicle; activity/type: Cars (by market segment) / Dual purpose 4X4)"
SCOPE_2,ref_uk_electricity_for_evs,cars_by_market_segment_dual_purpose_4x4_battery_electric_vehicle_miles,STANDARD,UK,miles,0.07412,"DEFRA/DESNZ 2024 full set (advanced users) — sheet 'UK electricity for EVs', row 41 (group: Battery Electric Vehicle; activity/type: Cars (by market segment) / Dual purpose 4X4)"
SCOPE_2,ref_uk_electricity_for_evs,cars_by_market_segment_mpv_plug_in_hybrid_electric_vehicle_km,STANDARD,UK,km,0.01984,"DEFRA/DESNZ 2024 full set (advanced users) — sheet 'UK electricity for EVs', row 42 (group: Plug-in Hybrid Electric Vehicle; activity/type: Cars (by market segment) / MPV)"
SCOPE_2,ref_uk_electricity_for_evs,cars_by_market_segment_mpv_battery_electric_vehicle_km,STANDARD,UK,km,0.06042,"DEFRA/DESNZ 2024 full set (advanced users) — sheet 'UK electricity for EVs', row 42 (group: Battery Electric Vehicle; activity/type: Cars (by market segment) / MPV)"
SCOPE_2,ref_uk_electricity_for_evs,cars_by_market_segment_mpv_plug_in_hybrid_electric_vehicle_miles,STANDARD,UK,miles,0.03194,"DEFRA/DESNZ 2024 full set (advanced users) — sheet 'UK electricity for EVs', row 43 (group: Plug-in Hybrid Electric Vehicle; activity/type: Cars (by market segment) / MPV)"
SCOPE_2,ref_uk_electricity_for_evs,cars_by_market_segment_mpv_battery_electric_vehicle_miles,STANDARD,UK,miles,0.09725,"DEFRA/DESNZ 2024 full set (advanced users) — sheet 'UK electricity for EVs', row 43 (group: Battery Electric Vehicle; activity/type: Cars (by market segment) / MPV)"
SCOPE_2,ref_uk_electricity_for_evs,cars_by_size_small_car_plug_in_hybrid_electric_vehicle_km,STANDARD,UK,km,0.02817,"DEFRA/DESNZ 2024 full set (advanced users) — sheet 'UK electricity for EVs', row 48 (group: Plug-in Hybrid Electric Vehicle; activity/type: Cars (by size) / Small car)"
SCOPE_2,ref_uk_electricity_for_evs,cars_by_size_small_car_battery_electric_vehicle_km,STANDARD,UK,km,0.03937,"DEFRA/DESNZ 2024 full set (advanced users) — sheet 'UK electricity for EVs', row 48 (group: Battery Electric Vehicle; activity/type: Cars (by size) / Small car)"
SCOPE_2,ref_uk_electricity_for_evs,cars_by_size_small_car_plug_in_hybrid_electric_vehicle_miles,STANDARD,UK,miles,0.04533,"DEFRA/DESNZ 2024 full set (advanced users) — sheet 'UK electricity for EVs', row 49 (group: Plug-in Hybrid Electric Vehicle; activity/type: Cars (by size) / Small car)"
SCOPE_2,ref_uk_electricity_for_evs,cars_by_size_small_car_battery_electric_vehicle_miles,STANDARD,UK,miles,0.06334,"DEFRA/DESNZ 2024 full set (advanced users) — sheet 'UK electricity for EVs', row 49 (group: Battery Electric Vehicle; activity/type: Cars (by size) / Small car)"
SCOPE_2,ref_uk_electricity_for_evs,cars_by_size_medium_car_plug_in_hybrid_electric_vehicle_km,STANDARD,UK,km,0.01095,"DEFRA/DESNZ 2024 full set (advanced users) — sheet 'UK electricity for EVs', row 50 (group: Plug-in Hybrid Electric Vehicle; activity/type: Cars (by size) / Medium car)"
SCOPE_2,ref_uk_electricity_for_evs,cars_by_size_medium_car_battery_electric_vehicle_km,STANDARD,UK,km,0.04249,"DEFRA/DESNZ 2024 full set (advanced users) — sheet 'UK electricity for EVs', row 50 (group: Battery Electric Vehicle; activity/type: Cars (by size) / Medium car)"
SCOPE_2,ref_uk_electricity_for_evs,cars_by_size_medium_car_plug_in_hybrid_electric_vehicle_miles,STANDARD,UK,miles,0.01761,"DEFRA/DESNZ 2024 full set (advanced users) — sheet 'UK electricity for EVs', row 51 (group: Plug-in Hybrid Electric Vehicle; activity/type: Cars (by size) / Medium car)"
SCOPE_2,ref_uk_electricity_for_evs,cars_by_size_medium_car_battery_electric_vehicle_miles,STANDARD,UK,miles,0.06837,"DEFRA/DESNZ 2024 full set (advanced users) — sheet 'UK electricity for EVs', row 51 (group: Battery Electric Vehicle; activity/type: Cars (by size) / Medium car)"
SCOPE_2,ref_uk_electricity_for_evs,cars_by_size_large_car_plug_in_hybrid_electric_vehicle_km,STANDARD,UK,km,0.01487,"DEFRA/DESNZ 2024 full set (advanced users) — sheet 'UK electricity for EVs', row 52 (group: Plug-in Hybrid Electric Vehicle; activity/type: Cars (by size) / Large car)"
SCOPE_2,ref_uk_electricity_for_evs,cars_by_size_large_car_battery_electric_vehicle_km,STANDARD,UK,km,0.04525,"DEFRA/DESNZ 2024 full set (advanced users) — sheet 'UK electricity for EVs', row 52 (group: Battery Electric Vehicle; activity/type: Cars (by size) / Large car)"
SCOPE_2,ref_uk_electricity_for_evs,cars_by_size_large_car_plug_in_hybrid_electric_vehicle_miles,STANDARD,UK,miles,0.02393,"DEFRA/DESNZ 2024 full set (advanced users) — sheet 'UK electricity for EVs', row 53 (group: Plug-in Hybrid Electric Vehicle; activity/type: Cars (by size) / Large car)"
SCOPE_2,ref_uk_electricity_for_evs,cars_by_size_large_car_battery_electric_vehicle_miles,STANDARD,UK,miles,0.07282,"DEFRA/DESNZ 2024 full set (advanced users) — sheet 'UK electricity for EVs', row 53 (group: Battery Electric Vehicle; activity/type: Cars (by size) / Large car)"
SCOPE_2,ref_uk_electricity_for_evs,cars_by_size_average_car_plug_in_hybrid_electric_vehicle_km,STANDARD,UK,km,0.01371,"DEFRA/DESNZ 2024 full set (advanced users) — sheet 'UK electricity for EVs', row 54 (group: Plug-in Hybrid Electric Vehicle; activity/type: Cars (by size) / Average car)"
SCOPE_2,ref_uk_electricity_for_evs,cars_by_size_average_car_battery_electric_vehicle_km,STANDARD,UK,km,0.04358,"DEFRA/DESNZ 2024 full set (advanced users) — sheet 'UK electricity for EVs', row 54 (group: Battery Electric Vehicle; activity/type: Cars (by size) / Average car)"
SCOPE_2,ref_uk_electricity_for_evs,cars_by_size_average_car_plug_in_hybrid_electric_vehicle_miles,STANDARD,UK,miles,0.02208,"DEFRA/DESNZ 2024 full set (advanced users) — sheet 'UK electricity for EVs', row 55 (group: Plug-in Hybrid Electric Vehicle; activity/type: Cars (by size) / Average car)"
SCOPE_2,ref_uk_electricity_for_evs,cars_by_size_average_car_battery_electric_vehicle_miles,STANDARD,UK,miles,0.07015,"DEFRA/DESNZ 2024 full set (advanced users) — sheet 'UK electricity for EVs', row 55 (group: Battery Electric Vehicle; activity/type: Cars (by size) / Average car)"
SCOPE_2,ref_uk_electricity_for_evs,vans_class_i_up_to_1_305_tonnes_battery_electric_vehicle_tonne_km,STANDARD,UK,tonne.km,0.14475,"DEFRA/DESNZ 2024 full set (advanced users) — sheet 'UK electricity for EVs', row 60 (group: Battery Electric Vehicle; activity/type: Vans / Class I (up to 1.305 tonnes))"
SCOPE_2,ref_uk_electricity_for_evs,vans_class_i_up_to_1_305_tonnes_battery_electric_vehicle_km,STANDARD,UK,km,0.03909,"DEFRA/DESNZ 2024 full set (advanced users) — sheet 'UK electricity for EVs', row 61 (group: Battery Electric Vehicle; activity/type: Vans / Class I (up to 1.305 tonnes))"
SCOPE_2,ref_uk_electricity_for_evs,vans_class_i_up_to_1_305_tonnes_battery_electric_vehicle_miles,STANDARD,UK,miles,0.06292,"DEFRA/DESNZ 2024 full set (advanced users) — sheet 'UK electricity for EVs', row 62 (group: Battery Electric Vehicle; activity/type: Vans / Class I (up to 1.305 tonnes))"
SCOPE_2,ref_uk_electricity_for_evs,vans_class_ii_1_305_to_1_74_tonnes_battery_electric_vehicle_tonne_km,STANDARD,UK,tonne.km,0.25659,"DEFRA/DESNZ 2024 full set (advanced users) — sheet 'UK electricity for EVs', row 63 (group: Battery Electric Vehicle; activity/type: Vans / Class II (1.305 to 1.74 tonnes))"
SCOPE_2,ref_uk_electricity_for_evs,vans_class_ii_1_305_to_1_74_tonnes_battery_electric_vehicle_km,STANDARD,UK,km,0.06024,"DEFRA/DESNZ 2024 full set (advanced users) — sheet 'UK electricity for EVs', row 64 (group: Battery Electric Vehicle; activity/type: Vans / Class II (1.305 to 1.74 tonnes))"
SCOPE_2,ref_uk_electricity_for_evs,vans_class_ii_1_305_to_1_74_tonnes_battery_electric_vehicle_miles,STANDARD,UK,miles,0.09695,"DEFRA/DESNZ 2024 full set (advanced users) — sheet 'UK electricity for EVs', row 65 (group: Battery Electric Vehicle; activity/type: Vans / Class II (1.305 to 1.74 tonnes))"
SCOPE_2,ref_uk_electricity_for_evs,vans_class_iii_1_74_to_3_5_tonnes_plug_in_hybrid_electric_vehicle_tonne_km,STANDARD,UK,tonne.km,0.0413,"DEFRA/DESNZ 2024 full set (advanced users) — sheet 'UK electricity for EVs', row 66 (group: Plug-in Hybrid Electric Vehicle; activity/type: Vans / Class III (1.74 to 3.5 tonnes))"
SCOPE_2,ref_uk_electricity_for_evs,vans_class_iii_1_74_to_3_5_tonnes_battery_electric_vehicle_tonne_km,STANDARD,UK,tonne.km,0.21744,"DEFRA/DESNZ 2024 full set (advanced users) — sheet 'UK electricity for EVs', row 66 (group: Battery Electric Vehicle; activity/type: Vans / Class III (1.74 to 3.5 tonnes))"
SCOPE_2,ref_uk_electricity_for_evs,vans_class_iii_1_74_to_3_5_tonnes_plug_in_hybrid_electric_vehicle_km,STANDARD,UK,km,0.01641,"DEFRA/DESNZ 2024 full set (advanced users) — sheet 'UK electricity for EVs', row 67 (group: Plug-in Hybrid Electric Vehicle; activity/type: Vans / Class III (1.74 to 3.5 tonnes))"
SCOPE_2,ref_uk_electricity_for_evs,vans_class_iii_1_74_to_3_5_tonnes_battery_electric_vehicle_km,STANDARD,UK,km,0.08203,"DEFRA/DESNZ 2024 full set (advanced users) — sheet 'UK electricity for EVs', row 67 (group: Battery Electric Vehicle; activity/type: Vans / Class III (1.74 to 3.5 tonnes))"
SCOPE_2,ref_uk_electricity_for_evs,vans_class_iii_1_74_to_3_5_tonnes_plug_in_hybrid_electric_vehicle_miles,STANDARD,UK,miles,0.02641,"DEFRA/DESNZ 2024 full set (advanced users) — sheet 'UK electricity for EVs', row 68 (group: Plug-in Hybrid Electric Vehicle; activity/type: Vans / Class III (1.74 to 3.5 tonnes))"
SCOPE_2,ref_uk_electricity_for_evs,vans_class_iii_1_74_to_3_5_tonnes_battery_electric_vehicle_miles,STANDARD,UK,miles,0.13202,"DEFRA/DESNZ 2024 full set (advanced users) — sheet 'UK electricity for EVs', row 68 (group: Battery Electric Vehicle; activity/type: Vans / Class III (1.74 to 3.5 tonnes))"
SCOPE_2,ref_uk_electricity_for_evs,vans_average_up_to_3_5_tonnes_plug_in_hybrid_electric_vehicle_tonne_km,STANDARD,UK,tonne.km,0.0413,"DEFRA/DESNZ 2024 full set (advanced users) — sheet 'UK electricity for EVs', row 69 (group: Plug-in Hybrid Electric Vehicle; activity/type: Vans / Average (up to 3.5 tonnes))"
SCOPE_2,ref_uk_electricity_for_evs,vans_average_up_to_3_5_tonnes_battery_electric_vehicle_tonne_km,STANDARD,UK,tonne.km,0.23371,"DEFRA/DESNZ 2024 full set (advanced users) — sheet 'UK electricity for EVs', row 69 (group: Battery Electric Vehicle; activity/type: Vans / Average (up to 3.5 tonnes))"
SCOPE_2,ref_uk_electricity_for_evs,vans_average_up_to_3_5_tonnes_plug_in_hybrid_electric_vehicle_km,STANDARD,UK,km,0.01641,"DEFRA/DESNZ 2024 full set (advanced users) — sheet 'UK electricity for EVs', row 70 (group: Plug-in Hybrid Electric Vehicle; activity/type: Vans / Average (up to 3.5 tonnes))"
SCOPE_2,ref_uk_electricity_for_evs,vans_average_up_to_3_5_tonnes_battery_electric_vehicle_km,STANDARD,UK,km,0.07279,"DEFRA/DESNZ 2024 full set (advanced users) — sheet 'UK electricity for EVs', row 70 (group: Battery Electric Vehicle; activity/type: Vans / Average (up to 3.5 tonnes))"
SCOPE_2,ref_uk_electricity_for_evs,vans_average_up_to_3_5_tonnes_plug_in_hybrid_electric_vehicle_miles,STANDARD,UK,miles,0.02641,"DEFRA/DESNZ 2024 full set (advanced users) — sheet 'UK electricity for EVs', row 71 (group: Plug-in Hybrid Electric Vehicle; activity/type: Vans / Average (up to 3.5 tonnes))"
SCOPE_2,ref_uk_electricity_for_evs,vans_average_up_to_3_5_tonnes_battery_electric_vehicle_miles,STANDARD,UK,miles,0.11716,"DEFRA/DESNZ 2024 full set (advanced users) — sheet 'UK electricity for EVs', row 71 (group: Battery Electric Vehicle; activity/type: Vans / Average (up to 3.5 tonnes))"
SCOPE_2,ref_heat_and_steam,heat_and_steam_onsite_heat_and_steam_kwh,STANDARD,UK,kWh,0.17965,"DEFRA/DESNZ 2024 full set (advanced users) — sheet 'Heat and steam', row 21 (activity/type: Heat and steam / Onsite heat and steam)"
SCOPE_2,ref_heat_and_steam,heat_and_steam_district_heat_and_steam_kwh,STANDARD,UK,kWh,0.17965,"DEFRA/DESNZ 2024 full set (advanced users) — sheet 'Heat and steam', row 22 (activity/type: Heat and steam / District heat and steam)"
SCOPE_3,ref_wtt_fuels,gaseous_fuels_butane_tonnes,STANDARD,UK,tonnes,344.30947,"DEFRA/DESNZ 2024 full set (advanced users) — sheet 'WTT- fuels', row 22 (activity/type: Gaseous fuels / Butane)"
SCOPE_3,ref_wtt_fuels,gaseous_fuels_butane_litres,STANDARD,UK,litres,0.19765,"DEFRA/DESNZ 2024 full set (advanced users) — sheet 'WTT- fuels', row 23 (activity/type: Gaseous fuels / Butane)"
SCOPE_3,ref_wtt_fuels,gaseous_fuels_butane_kwh_net_cv,STANDARD,UK,kWh (Net CV),0.02736,"DEFRA/DESNZ 2024 full set (advanced users) — sheet 'WTT- fuels', row 24 (activity/type: Gaseous fuels / Butane)"
SCOPE_3,ref_wtt_fuels,gaseous_fuels_butane_kwh_gross_cv,STANDARD,UK,kWh (Gross CV),0.02524,"DEFRA/DESNZ 2024 full set (advanced users) — sheet 'WTT- fuels', row 25 (activity/type: Gaseous fuels / Butane)"
SCOPE_3,ref_wtt_fuels,gaseous_fuels_cng_tonnes,STANDARD,UK,tonnes,530.77887,"DEFRA/DESNZ 2024 full set (advanced users) — sheet 'WTT- fuels', row 26 (activity/type: Gaseous fuels / CNG)"
SCOPE_3,ref_wtt_fuels,gaseous_fuels_cng_litres,STANDARD,UK,litres,0.09289,"DEFRA/DESNZ 2024 full set (advanced users) — sheet 'WTT- fuels', row 27 (activity/type: Gaseous fuels / CNG)"
SCOPE_3,ref_wtt_fuels,gaseous_fuels_cng_kwh_net_cv,STANDARD,UK,kWh (Net CV),0.04198,"DEFRA/DESNZ 2024 full set (advanced users) — sheet 'WTT- fuels', row 28 (activity/type: Gaseous fuels / CNG)"
SCOPE_3,ref_wtt_fuels,gaseous_fuels_cng_kwh_gross_cv,STANDARD,UK,kWh (Gross CV),0.03789,"DEFRA/DESNZ 2024 full set (advanced users) — sheet 'WTT- fuels', row 29 (activity/type: Gaseous fuels / CNG)"
SCOPE_3,ref_wtt_fuels,gaseous_fuels_lng_tonnes,STANDARD,UK,tonnes,912.22817,"DEFRA/DESNZ 2024 full set (advanced users) — sheet 'WTT- fuels', row 30 (activity/type: Gaseous fuels / LNG)"
SCOPE_3,ref_wtt_fuels,gaseous_fuels_lng_litres,STANDARD,UK,litres,0.41277,"DEFRA/DESNZ 2024 full set (advanced users) — sheet 'WTT- fuels', row 31 (activity/type: Gaseous fuels / LNG)"
SCOPE_3,ref_wtt_fuels,gaseous_fuels_lng_kwh_net_cv,STANDARD,UK,kWh (Net CV),0.07214,"DEFRA/DESNZ 2024 full set (advanced users) — sheet 'WTT- fuels', row 32 (activity/type: Gaseous fuels / LNG)"
SCOPE_3,ref_wtt_fuels,gaseous_fuels_lng_kwh_gross_cv,STANDARD,UK,kWh (Gross CV),0.06512,"DEFRA/DESNZ 2024 full set (advanced users) — sheet 'WTT- fuels', row 33 (activity/type: Gaseous fuels / LNG)"
SCOPE_3,ref_wtt_fuels,gaseous_fuels_lpg_tonnes,STANDARD,UK,tonnes,349.29282,"DEFRA/DESNZ 2024 full set (advanced users) — sheet 'WTT- fuels', row 34 (activity/type: Gaseous fuels / LPG)"
SCOPE_3,ref_wtt_fuels,gaseous_fuels_lpg_litres,STANDARD,UK,litres,0.18551,"DEFRA/DESNZ 2024 full set (advanced users) — sheet 'WTT- fuels', row 35 (activity/type: Gaseous fuels / LPG)"
SCOPE_3,ref_wtt_fuels,gaseous_fuels_lpg_kwh_net_cv,STANDARD,UK,kWh (Net CV),0.02736,"DEFRA/DESNZ 2024 full set (advanced users) — sheet 'WTT- fuels', row 36 (activity/type: Gaseous fuels / LPG)"
SCOPE_3,ref_wtt_fuels,gaseous_fuels_lpg_kwh_gross_cv,STANDARD,UK,kWh (Gross CV),0.02548,"DEFRA/DESNZ 2024 full set (advanced users) — sheet 'WTT- fuels', row 37 (activity/type: Gaseous fuels / LPG)"
SCOPE_3,ref_wtt_fuels,gaseous_fuels_natural_gas_tonnes,STANDARD,UK,tonnes,423.16368,"DEFRA/DESNZ 2024 full set (advanced users) — sheet 'WTT- fuels', row 38 (activity/type: Gaseous fuels / Natural gas)"
SCOPE_3,ref_wtt_fuels,gaseous_fuels_natural_gas_cubic_metres,STANDARD,UK,cubic metres,0.3366,"DEFRA/DESNZ 2024 full set (advanced users) — sheet 'WTT- fuels', row 39 (activity/type: Gaseous fuels / Natural gas)"
SCOPE_3,ref_wtt_fuels,gaseous_fuels_natural_gas_kwh_net_cv,STANDARD,UK,kWh (Net CV),0.03347,"DEFRA/DESNZ 2024 full set (advanced users) — sheet 'WTT- fuels', row 40 (activity/type: Gaseous fuels / Natural gas)"
SCOPE_3,ref_wtt_fuels,gaseous_fuels_natural_gas_kwh_gross_cv,STANDARD,UK,kWh (Gross CV),0.03021,"DEFRA/DESNZ 2024 full set (advanced users) — sheet 'WTT- fuels', row 41 (activity/type: Gaseous fuels / Natural gas)"
SCOPE_3,ref_wtt_fuels,gaseous_fuels_natural_gas_100_mineral_blend_tonnes,STANDARD,UK,tonnes,423.16368,"DEFRA/DESNZ 2024 full set (advanced users) — sheet 'WTT- fuels', row 42 (activity/type: Gaseous fuels / Natural gas (100% mineral blend))"
SCOPE_3,ref_wtt_fuels,gaseous_fuels_natural_gas_100_mineral_blend_cubic_metres,STANDARD,UK,cubic metres,0.3366,"DEFRA/DESNZ 2024 full set (advanced users) — sheet 'WTT- fuels', row 43 (activity/type: Gaseous fuels / Natural gas (100% mineral blend))"
SCOPE_3,ref_wtt_fuels,gaseous_fuels_natural_gas_100_mineral_blend_kwh_net_cv,STANDARD,UK,kWh (Net CV),0.03347,"DEFRA/DESNZ 2024 full set (advanced users) — sheet 'WTT- fuels', row 44 (activity/type: Gaseous fuels / Natural gas (100% mineral blend))"
SCOPE_3,ref_wtt_fuels,gaseous_fuels_natural_gas_100_mineral_blend_kwh_gross_cv,STANDARD,UK,kWh (Gross CV),0.03021,"DEFRA/DESNZ 2024 full set (advanced users) — sheet 'WTT- fuels', row 45 (activity/type: Gaseous fuels / Natural gas (100% mineral blend))"
SCOPE_3,ref_wtt_fuels,gaseous_fuels_other_petroleum_gas_tonnes,STANDARD,UK,tonnes,302.95197,"DEFRA/DESNZ 2024 full set (advanced users) — sheet 'WTT- fuels', row 46 (activity/type: Gaseous fuels / Other petroleum gas)"
SCOPE_3,ref_wtt_fuels,gaseous_fuels_other_petroleum_gas_litres,STANDARD,UK,litres,0.11097,"DEFRA/DESNZ 2024 full set (advanced users) — sheet 'WTT- fuels', row 47 (activity/type: Gaseous fuels / Other petroleum gas)"
SCOPE_3,ref_wtt_fuels,gaseous_fuels_other_petroleum_gas_kwh_net_cv,STANDARD,UK,kWh (Net CV),0.0234,"DEFRA/DESNZ 2024 full set (advanced users) — sheet 'WTT- fuels', row 48 (activity/type: Gaseous fuels / Other petroleum gas)"
SCOPE_3,ref_wtt_fuels,gaseous_fuels_other_petroleum_gas_kwh_gross_cv,STANDARD,UK,kWh (Gross CV),0.02153,"DEFRA/DESNZ 2024 full set (advanced users) — sheet 'WTT- fuels', row 49 (activity/type: Gaseous fuels / Other petroleum gas)"
SCOPE_3,ref_wtt_fuels,gaseous_fuels_propane_tonnes,STANDARD,UK,tonnes,352.67018,"DEFRA/DESNZ 2024 full set (advanced users) — sheet 'WTT- fuels', row 50 (activity/type: Gaseous fuels / Propane)"
SCOPE_3,ref_wtt_fuels,gaseous_fuels_propane_litres,STANDARD,UK,litres,0.1817,"DEFRA/DESNZ 2024 full set (advanced users) — sheet 'WTT- fuels', row 51 (activity/type: Gaseous fuels / Propane)"
SCOPE_3,ref_wtt_fuels,gaseous_fuels_propane_kwh_net_cv,STANDARD,UK,kWh (Net CV),0.02736,"DEFRA/DESNZ 2024 full set (advanced users) — sheet 'WTT- fuels', row 52 (activity/type: Gaseous fuels / Propane)"
SCOPE_3,ref_wtt_fuels,gaseous_fuels_propane_kwh_gross_cv,STANDARD,UK,kWh (Gross CV),0.02519,"DEFRA/DESNZ 2024 full set (advanced users) — sheet 'WTT- fuels', row 53 (activity/type: Gaseous fuels / Propane)"
SCOPE_3,ref_wtt_fuels,liquid_fuels_aviation_spirit_tonnes,STANDARD,UK,tonnes,813.26357,"DEFRA/DESNZ 2024 full set (advanced users) — sheet 'WTT- fuels', row 58 (activity/type: Liquid fuels / Aviation spirit)"
SCOPE_3,ref_wtt_fuels,liquid_fuels_aviation_spirit_litres,STANDARD,UK,litres,0.61425,"DEFRA/DESNZ 2024 full set (advanced users) — sheet 'WTT- fuels', row 59 (activity/type: Liquid fuels / Aviation spirit)"
SCOPE_3,ref_wtt_fuels,liquid_fuels_aviation_spirit_kwh_net_cv,STANDARD,UK,kWh (Net CV),0.06582,"DEFRA/DESNZ 2024 full set (advanced users) — sheet 'WTT- fuels', row 60 (activity/type: Liquid fuels / Aviation spirit)"
SCOPE_3,ref_wtt_fuels,liquid_fuels_aviation_spirit_kwh_gross_cv,STANDARD,UK,kWh (Gross CV),0.06253,"DEFRA/DESNZ 2024 full set (advanced users) — sheet 'WTT- fuels', row 61 (activity/type: Liquid fuels / Aviation spirit)"
SCOPE_3,ref_wtt_fuels,liquid_fuels_aviation_turbine_fuel_tonnes,STANDARD,UK,tonnes,661.79468,"DEFRA/DESNZ 2024 full set (advanced users) — sheet 'WTT- fuels', row 62 (activity/type: Liquid fuels / Aviation turbine fuel)"
SCOPE_3,ref_wtt_fuels,liquid_fuels_aviation_turbine_fuel_litres,STANDARD,UK,litres,0.52817,"DEFRA/DESNZ 2024 full set (advanced users) — sheet 'WTT- fuels', row 63 (activity/type: Liquid fuels / Aviation turbine fuel)"
SCOPE_3,ref_wtt_fuels,liquid_fuels_aviation_turbine_fuel_kwh_net_cv,STANDARD,UK,kWh (Net CV),0.05424,"DEFRA/DESNZ 2024 full set (advanced users) — sheet 'WTT- fuels', row 64 (activity/type: Liquid fuels / Aviation turbine fuel)"
SCOPE_3,ref_wtt_fuels,liquid_fuels_aviation_turbine_fuel_kwh_gross_cv,STANDARD,UK,kWh (Gross CV),0.05153,"DEFRA/DESNZ 2024 full set (advanced users) — sheet 'WTT- fuels', row 65 (activity/type: Liquid fuels / Aviation turbine fuel)"
SCOPE_3,ref_wtt_fuels,liquid_fuels_burning_oil_tonnes,STANDARD,UK,tonnes,660.82605,"DEFRA/DESNZ 2024 full set (advanced users) — sheet 'WTT- fuels', row 66 (activity/type: Liquid fuels / Burning oil)"
SCOPE_3,ref_wtt_fuels,liquid_fuels_burning_oil_litres,STANDARD,UK,litres,0.53078,"DEFRA/DESNZ 2024 full set (advanced users) — sheet 'WTT- fuels', row 67 (activity/type: Liquid fuels / Burning oil)"
SCOPE_3,ref_wtt_fuels,liquid_fuels_burning_oil_kwh_net_cv,STANDARD,UK,kWh (Net CV),0.05424,"DEFRA/DESNZ 2024 full set (advanced users) — sheet 'WTT- fuels', row 68 (activity/type: Liquid fuels / Burning oil)"
SCOPE_3,ref_wtt_fuels,liquid_fuels_burning_oil_kwh_gross_cv,STANDARD,UK,kWh (Gross CV),0.05153,"DEFRA/DESNZ 2024 full set (advanced users) — sheet 'WTT- fuels', row 69 (activity/type: Liquid fuels / Burning oil)"
SCOPE_3,ref_wtt_fuels,liquid_fuels_diesel_average_biofuel_blend_tonnes,STANDARD,UK,tonnes,733.64436,"DEFRA/DESNZ 2024 full set (advanced users) — sheet 'WTT- fuels', row 70 (activity/type: Liquid fuels / Diesel (average biofuel blend))"
SCOPE_3,ref_wtt_fuels,liquid_fuels_diesel_average_biofuel_blend_litres,STANDARD,UK,litres,0.61101,"DEFRA/DESNZ 2024 full set (advanced users) — sheet 'WTT- fuels', row 71 (activity/type: Liquid fuels / Diesel (average biofuel blend))"
SCOPE_3,ref_wtt_fuels,liquid_fuels_diesel_average_biofuel_blend_kwh_net_cv,STANDARD,UK,kWh (Net CV),0.06181,"DEFRA/DESNZ 2024 full set (advanced users) — sheet 'WTT- fuels', row 72 (activity/type: Liquid fuels / Diesel (average biofuel blend))"
SCOPE_3,ref_wtt_fuels,liquid_fuels_diesel_average_biofuel_blend_kwh_gross_cv,STANDARD,UK,kWh (Gross CV),0.05816,"DEFRA/DESNZ 2024 full set (advanced users) — sheet 'WTT- fuels', row 73 (activity/type: Liquid fuels / Diesel (average biofuel blend))"
SCOPE_3,ref_wtt_fuels,liquid_fuels_diesel_100_mineral_diesel_tonnes,STANDARD,UK,tonnes,752.0276,"DEFRA/DESNZ 2024 full set (advanced users) — sheet 'WTT- fuels', row 74 (activity/type: Liquid fuels / Diesel (100% mineral diesel))"
SCOPE_3,ref_wtt_fuels,liquid_fuels_diesel_100_mineral_diesel_litres,STANDARD,UK,litres,0.62409,"DEFRA/DESNZ 2024 full set (advanced users) — sheet 'WTT- fuels', row 75 (activity/type: Liquid fuels / Diesel (100% mineral diesel))"
SCOPE_3,ref_wtt_fuels,liquid_fuels_diesel_100_mineral_diesel_kwh_net_cv,STANDARD,UK,kWh (Net CV),0.06291,"DEFRA/DESNZ 2024 full set (advanced users) — sheet 'WTT- fuels', row 76 (activity/type: Liquid fuels / Diesel (100% mineral diesel))"
SCOPE_3,ref_wtt_fuels,liquid_fuels_diesel_100_mineral_diesel_kwh_gross_cv,STANDARD,UK,kWh (Gross CV),0.05913,"DEFRA/DESNZ 2024 full set (advanced users) — sheet 'WTT- fuels', row 77 (activity/type: Liquid fuels / Diesel (100% mineral diesel))"
SCOPE_3,ref_wtt_fuels,liquid_fuels_fuel_oil_tonnes,STANDARD,UK,tonnes,714.86545,"DEFRA/DESNZ 2024 full set (advanced users) — sheet 'WTT- fuels', row 78 (activity/type: Liquid fuels / Fuel oil)"
SCOPE_3,ref_wtt_fuels,liquid_fuels_fuel_oil_litres,STANDARD,UK,litres,0.69539,"DEFRA/DESNZ 2024 full set (advanced users) — sheet 'WTT- fuels', row 79 (activity/type: Liquid fuels / Fuel oil)"
SCOPE_3,ref_wtt_fuels,liquid_fuels_fuel_oil_kwh_net_cv,STANDARD,UK,kWh (Net CV),0.06291,"DEFRA/DESNZ 2024 full set (advanced users) — sheet 'WTT- fuels', row 80 (activity/type: Liquid fuels / Fuel oil)"
SCOPE_3,ref_wtt_fuels,liquid_fuels_fuel_oil_kwh_gross_cv,STANDARD,UK,kWh (Gross CV),0.05913,"DEFRA/DESNZ 2024 full set (advanced users) — sheet 'WTT- fuels', row 81 (activity/type: Liquid fuels / Fuel oil)"
SCOPE_3,ref_wtt_fuels,liquid_fuels_gas_oil_tonnes,STANDARD,UK,tonnes,743.83524,"DEFRA/DESNZ 2024 full set (advanced users) — sheet 'WTT- fuels', row 82 (activity/type: Liquid fuels / Gas oil)"
SCOPE_3,ref_wtt_fuels,liquid_fuels_gas_oil_litres,STANDARD,UK,litres,0.62665,"DEFRA/DESNZ 2024 full set (advanced users) — sheet 'WTT- fuels', row 83 (activity/type: Liquid fuels / Gas oil)"
SCOPE_3,ref_wtt_fuels,liquid_fuels_gas_oil_kwh_net_cv,STANDARD,UK,kWh (Net CV),0.06291,"DEFRA/DESNZ 2024 full set (advanced users) — sheet 'WTT- fuels', row 84 (activity/type: Liquid fuels / Gas oil)"
SCOPE_3,ref_wtt_fuels,liquid_fuels_gas_oil_kwh_gross_cv,STANDARD,UK,kWh (Gross CV),0.05913,"DEFRA/DESNZ 2024 full set (advanced users) — sheet 'WTT- fuels', row 85 (activity/type: Liquid fuels / Gas oil)"
SCOPE_3,ref_wtt_fuels,liquid_fuels_lubricants_tonnes,STANDARD,UK,tonnes,1116.83712,"DEFRA/DESNZ 2024 full set (advanced users) — sheet 'WTT- fuels', row 86 (activity/type: Liquid fuels / Lubricants)"
SCOPE_3,ref_wtt_fuels,liquid_fuels_lubricants_kwh_net_cv,STANDARD,UK,kWh (Net CV),0.09828,"DEFRA/DESNZ 2024 full set (advanced users) — sheet 'WTT- fuels', row 88 (activity/type: Liquid fuels / Lubricants)"
SCOPE_3,ref_wtt_fuels,liquid_fuels_lubricants_kwh_gross_cv,STANDARD,UK,kWh (Gross CV),0.09238,"DEFRA/DESNZ 2024 full set (advanced users) — sheet 'WTT- fuels', row 89 (activity/type: Liquid fuels / Lubricants)"
SCOPE_3,ref_wtt_fuels,liquid_fuels_naphtha_tonnes,STANDARD,UK,tonnes,640.41464,"DEFRA/DESNZ 2024 full set (advanced users) — sheet 'WTT- fuels', row 90 (activity/type: Liquid fuels / Naphtha)"
SCOPE_3,ref_wtt_fuels,liquid_fuels_naphtha_kwh_net_cv,STANDARD,UK,kWh (Net CV),0.05076,"DEFRA/DESNZ 2024 full set (advanced users) — sheet 'WTT- fuels', row 92 (activity/type: Liquid fuels / Naphtha)"
SCOPE_3,ref_wtt_fuels,liquid_fuels_naphtha_kwh_gross_cv,STANDARD,UK,kWh (Gross CV),0.04822,"DEFRA/DESNZ 2024 full set (advanced users) — sheet 'WTT- fuels', row 93 (activity/type: Liquid fuels / Naphtha)"
SCOPE_3,ref_wtt_fuels,liquid_fuels_petrol_average_biofuel_blend_tonnes,STANDARD,UK,tonnes,777.33392,"DEFRA/DESNZ 2024 full set (advanced users) — sheet 'WTT- fuels', row 94 (activity/type: Liquid fuels / Petrol (average biofuel blend))"
SCOPE_3,ref_wtt_fuels,liquid_fuels_petrol_average_biofuel_blend_litres,STANDARD,UK,litres,0.58094,"DEFRA/DESNZ 2024 full set (advanced users) — sheet 'WTT- fuels', row 95 (activity/type: Liquid fuels / Petrol (average biofuel blend))"
SCOPE_3,ref_wtt_fuels,liquid_fuels_petrol_average_biofuel_blend_kwh_net_cv,STANDARD,UK,kWh (Net CV),0.0648,"DEFRA/DESNZ 2024 full set (advanced users) — sheet 'WTT- fuels', row 96 (activity/type: Liquid fuels / Petrol (average biofuel blend))"
SCOPE_3,ref_wtt_fuels,liquid_fuels_petrol_average_biofuel_blend_kwh_gross_cv,STANDARD,UK,kWh (Gross CV),0.0614,"DEFRA/DESNZ 2024 full set (advanced users) — sheet 'WTT- fuels', row 97 (activity/type: Liquid fuels / Petrol (average biofuel blend))"
SCOPE_3,ref_wtt_fuels,liquid_fuels_petrol_100_mineral_petrol_tonnes,STANDARD,UK,tonnes,815.93523,"DEFRA/DESNZ 2024 full set (advanced users) — sheet 'WTT- fuels', row 98 (activity/type: Liquid fuels / Petrol (100% mineral petrol))"
SCOPE_3,ref_wtt_fuels,liquid_fuels_petrol_100_mineral_petrol_litres,STANDARD,UK,litres,0.60664,"DEFRA/DESNZ 2024 full set (advanced users) — sheet 'WTT- fuels', row 99 (activity/type: Liquid fuels / Petrol (100% mineral petrol))"
SCOPE_3,ref_wtt_fuels,liquid_fuels_petrol_100_mineral_petrol_kwh_net_cv,STANDARD,UK,kWh (Net CV),0.06582,"DEFRA/DESNZ 2024 full set (advanced users) — sheet 'WTT- fuels', row 100 (activity/type: Liquid fuels / Petrol (100% mineral petrol))"
SCOPE_3,ref_wtt_fuels,liquid_fuels_petrol_100_mineral_petrol_kwh_gross_cv,STANDARD,UK,kWh (Gross CV),0.06253,"DEFRA/DESNZ 2024 full set (advanced users) — sheet 'WTT- fuels', row 101 (activity/type: Liquid fuels / Petrol (100% mineral petrol))"
SCOPE_3,ref_wtt_fuels,liquid_fuels_processed_fuel_oils_residual_oil_tonnes,STANDARD,UK,tonnes,1132.08149,"DEFRA/DESNZ 2024 full set (advanced users) — sheet 'WTT- fuels', row 102 (activity/type: Liquid fuels / Processed fuel oils - residual oil)"
SCOPE_3,ref_wtt_fuels,liquid_fuels_processed_fuel_oils_residual_oil_litres,STANDARD,UK,litres,1.10125,"DEFRA/DESNZ 2024 full set (advanced users) — sheet 'WTT- fuels', row 103 (activity/type: Liquid fuels / Processed fuel oils - residual oil)"
SCOPE_3,ref_wtt_fuels,liquid_fuels_processed_fuel_oils_residual_oil_kwh_net_cv,STANDARD,UK,kWh (Net CV),0.09962,"DEFRA/DESNZ 2024 full set (advanced users) — sheet 'WTT- fuels', row 104 (activity/type: Liquid fuels / Processed fuel oils - residual oil)"
SCOPE_3,ref_wtt_fuels,liquid_fuels_processed_fuel_oils_residual_oil_kwh_gross_cv,STANDARD,UK,kWh (Gross CV),0.09364,"DEFRA/DESNZ 2024 full set (advanced users) — sheet 'WTT- fuels', row 105 (activity/type: Liquid fuels / Processed fuel oils - residual oil)"
SCOPE_3,ref_wtt_fuels,liquid_fuels_processed_fuel_oils_distillate_oil_tonnes,STANDARD,UK,tonnes,1123.49881,"DEFRA/DESNZ 2024 full set (advanced users) — sheet 'WTT- fuels', row 106 (activity/type: Liquid fuels / Processed fuel oils - distillate oil)"
SCOPE_3,ref_wtt_fuels,liquid_fuels_processed_fuel_oils_distillate_oil_litres,STANDARD,UK,litres,0.9465,"DEFRA/DESNZ 2024 full set (advanced users) — sheet 'WTT- fuels', row 107 (activity/type: Liquid fuels / Processed fuel oils - distillate oil)"
SCOPE_3,ref_wtt_fuels,liquid_fuels_processed_fuel_oils_distillate_oil_kwh_net_cv,STANDARD,UK,kWh (Net CV),0.09501,"DEFRA/DESNZ 2024 full set (advanced users) — sheet 'WTT- fuels', row 108 (activity/type: Liquid fuels / Processed fuel oils - distillate oil)"
SCOPE_3,ref_wtt_fuels,liquid_fuels_processed_fuel_oils_distillate_oil_kwh_gross_cv,STANDARD,UK,kWh (Gross CV),0.08931,"DEFRA/DESNZ 2024 full set (advanced users) — sheet 'WTT- fuels', row 109 (activity/type: Liquid fuels / Processed fuel oils - distillate oil)"
SCOPE_3,ref_wtt_fuels,liquid_fuels_refinery_miscellaneous_tonnes,STANDARD,UK,tonnes,348.98258,"DEFRA/DESNZ 2024 full set (advanced users) — sheet 'WTT- fuels', row 110 (activity/type: Liquid fuels / Refinery miscellaneous)"
SCOPE_3,ref_wtt_fuels,liquid_fuels_refinery_miscellaneous_kwh_net_cv,STANDARD,UK,kWh (Net CV),0.03077,"DEFRA/DESNZ 2024 full set (advanced users) — sheet 'WTT- fuels', row 112 (activity/type: Liquid fuels / Refinery miscellaneous)"
SCOPE_3,ref_wtt_fuels,liquid_fuels_refinery_miscellaneous_kwh_gross_cv,STANDARD,UK,kWh (Gross CV),0.02923,"DEFRA/DESNZ 2024 full set (advanced users) — sheet 'WTT- fuels', row 113 (activity/type: Liquid fuels / Refinery miscellaneous)"
SCOPE_3,ref_wtt_fuels,liquid_fuels_waste_oils_tonnes,STANDARD,UK,tonnes,1116.83712,"DEFRA/DESNZ 2024 full set (advanced users) — sheet 'WTT- fuels', row 114 (activity/type: Liquid fuels / Waste oils)"
SCOPE_3,ref_wtt_fuels,liquid_fuels_waste_oils_kwh_net_cv,STANDARD,UK,kWh (Net CV),0.09526,"DEFRA/DESNZ 2024 full set (advanced users) — sheet 'WTT- fuels', row 116 (activity/type: Liquid fuels / Waste oils)"
SCOPE_3,ref_wtt_fuels,liquid_fuels_waste_oils_kwh_gross_cv,STANDARD,UK,kWh (Gross CV),0.08895,"DEFRA/DESNZ 2024 full set (advanced users) — sheet 'WTT- fuels', row 117 (activity/type: Liquid fuels / Waste oils)"
SCOPE_3,ref_wtt_fuels,liquid_fuels_marine_gas_oil_tonnes,STANDARD,UK,tonnes,743.83524,"DEFRA/DESNZ 2024 full set (advanced users) — sheet 'WTT- fuels', row 118 (activity/type: Liquid fuels / Marine gas oil)"
SCOPE_3,ref_wtt_fuels,liquid_fuels_marine_gas_oil_litres,STANDARD,UK,litres,0.62665,"DEFRA/DESNZ 2024 full set (advanced users) — sheet 'WTT- fuels', row 119 (activity/type: Liquid fuels / Marine gas oil)"
SCOPE_3,ref_wtt_fuels,liquid_fuels_marine_gas_oil_kwh_net_cv,STANDARD,UK,kWh (Net CV),0.06291,"DEFRA/DESNZ 2024 full set (advanced users) — sheet 'WTT- fuels', row 120 (activity/type: Liquid fuels / Marine gas oil)"
SCOPE_3,ref_wtt_fuels,liquid_fuels_marine_gas_oil_kwh_gross_cv,STANDARD,UK,kWh (Gross CV),0.05913,"DEFRA/DESNZ 2024 full set (advanced users) — sheet 'WTT- fuels', row 121 (activity/type: Liquid fuels / Marine gas oil)"
SCOPE_3,ref_wtt_fuels,liquid_fuels_marine_fuel_oil_tonnes,STANDARD,UK,tonnes,714.86545,"DEFRA/DESNZ 2024 full set (advanced users) — sheet 'WTT- fuels', row 122 (activity/type: Liquid fuels / Marine fuel oil)"
SCOPE_3,ref_wtt_fuels,liquid_fuels_marine_fuel_oil_litres,STANDARD,UK,litres,0.69539,"DEFRA/DESNZ 2024 full set (advanced users) — sheet 'WTT- fuels', row 123 (activity/type: Liquid fuels / Marine fuel oil)"
SCOPE_3,ref_wtt_fuels,liquid_fuels_marine_fuel_oil_kwh_net_cv,STANDARD,UK,kWh (Net CV),0.06291,"DEFRA/DESNZ 2024 full set (advanced users) — sheet 'WTT- fuels', row 124 (activity/type: Liquid fuels / Marine fuel oil)"
SCOPE_3,ref_wtt_fuels,liquid_fuels_marine_fuel_oil_kwh_gross_cv,STANDARD,UK,kWh (Gross CV),0.05913,"DEFRA/DESNZ 2024 full set (advanced users) — sheet 'WTT- fuels', row 125 (activity/type: Liquid fuels / Marine fuel oil)"
SCOPE_3,ref_wtt_fuels,solid_fuels_coal_industrial_tonnes,STANDARD,UK,tonnes,418.14964,"DEFRA/DESNZ 2024 full set (advanced users) — sheet 'WTT- fuels', row 130 (activity/type: Solid fuels / Coal (industrial))"
SCOPE_3,ref_wtt_fuels,solid_fuels_coal_industrial_kwh_net_cv,STANDARD,UK,kWh (Net CV),0.05925,"DEFRA/DESNZ 2024 full set (advanced users) — sheet 'WTT- fuels', row 131 (activity/type: Solid fuels / Coal (industrial))"
SCOPE_3,ref_wtt_fuels,solid_fuels_coal_industrial_kwh_gross_cv,STANDARD,UK,kWh (Gross CV),0.05629,"DEFRA/DESNZ 2024 full set (advanced users) — sheet 'WTT- fuels', row 132 (activity/type: Solid fuels / Coal (industrial))"
SCOPE_3,ref_wtt_fuels,solid_fuels_coal_electricity_generation_tonnes,STANDARD,UK,tonnes,390.06647,"DEFRA/DESNZ 2024 full set (advanced users) — sheet 'WTT- fuels', row 133 (activity/type: Solid fuels / Coal (electricity generation))"
SCOPE_3,ref_wtt_fuels,solid_fuels_coal_electricity_generation_kwh_net_cv,STANDARD,UK,kWh (Net CV),0.05925,"DEFRA/DESNZ 2024 full set (advanced users) — sheet 'WTT- fuels', row 134 (activity/type: Solid fuels / Coal (electricity generation))"
SCOPE_3,ref_wtt_fuels,solid_fuels_coal_electricity_generation_kwh_gross_cv,STANDARD,UK,kWh (Gross CV),0.05629,"DEFRA/DESNZ 2024 full set (advanced users) — sheet 'WTT- fuels', row 135 (activity/type: Solid fuels / Coal (electricity generation))"
SCOPE_3,ref_wtt_fuels,solid_fuels_coal_domestic_tonnes,STANDARD,UK,tonnes,470.95724,"DEFRA/DESNZ 2024 full set (advanced users) — sheet 'WTT- fuels', row 136 (activity/type: Solid fuels / Coal (domestic))"
SCOPE_3,ref_wtt_fuels,solid_fuels_coal_domestic_kwh_net_cv,STANDARD,UK,kWh (Net CV),0.05925,"DEFRA/DESNZ 2024 full set (advanced users) — sheet 'WTT- fuels', row 137 (activity/type: Solid fuels / Coal (domestic))"
SCOPE_3,ref_wtt_fuels,solid_fuels_coal_domestic_kwh_gross_cv,STANDARD,UK,kWh (Gross CV),0.05629,"DEFRA/DESNZ 2024 full set (advanced users) — sheet 'WTT- fuels', row 138 (activity/type: Solid fuels / Coal (domestic))"
SCOPE_3,ref_wtt_fuels,solid_fuels_coking_coal_tonnes,STANDARD,UK,tonnes,497.73658,"DEFRA/DESNZ 2024 full set (advanced users) — sheet 'WTT- fuels', row 139 (activity/type: Solid fuels / Coking coal)"
SCOPE_3,ref_wtt_fuels,solid_fuels_coking_coal_kwh_net_cv,STANDARD,UK,kWh (Net CV),0.05925,"DEFRA/DESNZ 2024 full set (advanced users) — sheet 'WTT- fuels', row 140 (activity/type: Solid fuels / Coking coal)"
SCOPE_3,ref_wtt_fuels,solid_fuels_coking_coal_kwh_gross_cv,STANDARD,UK,kWh (Gross CV),0.05629,"DEFRA/DESNZ 2024 full set (advanced users) — sheet 'WTT- fuels', row 141 (activity/type: Solid fuels / Coking coal)"
SCOPE_3,ref_wtt_fuels,solid_fuels_petroleum_coke_tonnes,STANDARD,UK,tonnes,402.62468,"DEFRA/DESNZ 2024 full set (advanced users) — sheet 'WTT- fuels', row 142 (activity/type: Solid fuels / Petroleum coke)"
SCOPE_3,ref_wtt_fuels,solid_fuels_petroleum_coke_kwh_net_cv,STANDARD,UK,kWh (Net CV),0.04267,"DEFRA/DESNZ 2024 full set (advanced users) — sheet 'WTT- fuels', row 143 (activity/type: Solid fuels / Petroleum coke)"
SCOPE_3,ref_wtt_fuels,solid_fuels_petroleum_coke_kwh_gross_cv,STANDARD,UK,kWh (Gross CV),0.04053,"DEFRA/DESNZ 2024 full set (advanced users) — sheet 'WTT- fuels', row 144 (activity/type: Solid fuels / Petroleum coke)"
SCOPE_3,ref_wtt_fuels,solid_fuels_coal_electricity_generation_home_produced_coal_only_tonnes,STANDARD,UK,tonnes,389.45704,"DEFRA/DESNZ 2024 full set (advanced users) — sheet 'WTT- fuels', row 145 (activity/type: Solid fuels / Coal (electricity generation - home produced coal only))"
SCOPE_3,ref_wtt_fuels,solid_fuels_coal_electricity_generation_home_produced_coal_only_kwh_net_cv,STANDARD,UK,kWh (Net CV),0.05925,"DEFRA/DESNZ 2024 full set (advanced users) — sheet 'WTT- fuels', row 146 (activity/type: Solid fuels / Coal (electricity generation - home produced coal only))"
SCOPE_3,ref_wtt_fuels,solid_fuels_coal_electricity_generation_home_produced_coal_only_kwh_gross_cv,STANDARD,UK,kWh (Gross CV),0.05629,"DEFRA/DESNZ 2024 full set (advanced users) — sheet 'WTT- fuels', row 147 (activity/type: Solid fuels / Coal (electricity generation - home produced coal only))"
SCOPE_3,ref_wtt_bioenergy,wtt_biofuel_bioethanol_litres,STANDARD,UK,litres,0.51906,"DEFRA/DESNZ 2024 full set (advanced users) — sheet 'WTT- bioenergy', row 19 (activity/type: WTT- biofuel / Bioethanol)"
SCOPE_3,ref_wtt_bioenergy,wtt_biofuel_bioethanol_gj,STANDARD,UK,GJ,24.393,"DEFRA/DESNZ 2024 full set (advanced users) — sheet 'WTT- bioenergy', row 20 (activity/type: WTT- biofuel / Bioethanol)"
SCOPE_3,ref_wtt_bioenergy,wtt_biofuel_bioethanol_kg,STANDARD,UK,kg,0.65373,"DEFRA/DESNZ 2024 full set (advanced users) — sheet 'WTT- bioenergy', row 21 (activity/type: WTT- biofuel / Bioethanol)"
SCOPE_3,ref_wtt_bioenergy,wtt_biofuel_biodiesel_me_litres,STANDARD,UK,litres,0.48103,"DEFRA/DESNZ 2024 full set (advanced users) — sheet 'WTT- bioenergy', row 22 (activity/type: WTT- biofuel / Biodiesel ME)"
SCOPE_3,ref_wtt_bioenergy,wtt_biofuel_biodiesel_me_gj,STANDARD,UK,GJ,14.529,"DEFRA/DESNZ 2024 full set (advanced users) — sheet 'WTT- bioenergy', row 23 (activity/type: WTT- biofuel / Biodiesel ME)"
SCOPE_3,ref_wtt_bioenergy,wtt_biofuel_biodiesel_me_kg,STANDARD,UK,kg,0.54048,"DEFRA/DESNZ 2024 full set (advanced users) — sheet 'WTT- bioenergy', row 24 (activity/type: WTT- biofuel / Biodiesel ME)"
SCOPE_3,ref_wtt_bioenergy,wtt_biofuel_biomethane_compressed_gj,STANDARD,UK,GJ,13.062,"DEFRA/DESNZ 2024 full set (advanced users) — sheet 'WTT- bioenergy', row 26 (activity/type: WTT- biofuel / Biomethane (compressed))"
SCOPE_3,ref_wtt_bioenergy,wtt_biofuel_biomethane_compressed_kg,STANDARD,UK,kg,0.64004,"DEFRA/DESNZ 2024 full set (advanced users) — sheet 'WTT- bioenergy', row 27 (activity/type: WTT- biofuel / Biomethane (compressed))"
SCOPE_3,ref_wtt_bioenergy,wtt_biofuel_biodiesel_me_from_used_cooking_oil_litres,STANDARD,UK,litres,0.38696,"DEFRA/DESNZ 2024 full set (advanced users) — sheet 'WTT- bioenergy', row 28 (activity/type: WTT- biofuel / Biodiesel ME (from used cooking oil))"
SCOPE_3,ref_wtt_bioenergy,wtt_biofuel_biodiesel_me_from_used_cooking_oil_gj,STANDARD,UK,GJ,11.68769,"DEFRA/DESNZ 2024 full set (advanced users) — sheet 'WTT- bioenergy', row 29 (activity/type: WTT- biofuel / Biodiesel ME (from used cooking oil))"
SCOPE_3,ref_wtt_bioenergy,wtt_biofuel_biodiesel_me_from_used_cooking_oil_kg,STANDARD,UK,kg,0.43478,"DEFRA/DESNZ 2024 full set (advanced users) — sheet 'WTT- bioenergy', row 30 (activity/type: WTT- biofuel / Biodiesel ME (from used cooking oil))"
SCOPE_3,ref_wtt_bioenergy,wtt_biofuel_biodiesel_me_from_tallow_litres,STANDARD,UK,litres,0.65672,"DEFRA/DESNZ 2024 full set (advanced users) — sheet 'WTT- bioenergy', row 31 (activity/type: WTT- biofuel / Biodiesel ME (from Tallow))"
SCOPE_3,ref_wtt_bioenergy,wtt_biofuel_biodiesel_me_from_tallow_gj,STANDARD,UK,GJ,19.83581,"DEFRA/DESNZ 2024 full set (advanced users) — sheet 'WTT- bioenergy', row 32 (activity/type: WTT- biofuel / Biodiesel ME (from Tallow))"
SCOPE_3,ref_wtt_bioenergy,wtt_biofuel_biodiesel_me_from_tallow_kg,STANDARD,UK,kg,0.73789,"DEFRA/DESNZ 2024 full set (advanced users) — sheet 'WTT- bioenergy', row 33 (activity/type: WTT- biofuel / Biodiesel ME (from Tallow))"
SCOPE_3,ref_wtt_bioenergy,wtt_biofuel_biodiesel_hvo_litres,STANDARD,UK,litres,0.559,"DEFRA/DESNZ 2024 full set (advanced users) — sheet 'WTT- bioenergy', row 34 (activity/type: WTT- biofuel / Biodiesel HVO)"
SCOPE_3,ref_wtt_bioenergy,wtt_biofuel_biodiesel_hvo_gj,STANDARD,UK,GJ,16.288,"DEFRA/DESNZ 2024 full set (advanced users) — sheet 'WTT- bioenergy', row 35 (activity/type: WTT- biofuel / Biodiesel HVO)"
SCOPE_3,ref_wtt_bioenergy,wtt_biofuel_biodiesel_hvo_kg,STANDARD,UK,kg,0.71667,"DEFRA/DESNZ 2024 full set (advanced users) — sheet 'WTT- bioenergy', row 36 (activity/type: WTT- biofuel / Biodiesel HVO)"
SCOPE_3,ref_wtt_bioenergy,wtt_biofuel_biopropane_litres,STANDARD,UK,litres,0.21647,"DEFRA/DESNZ 2024 full set (advanced users) — sheet 'WTT- bioenergy', row 37 (activity/type: WTT- biofuel / Biopropane)"
SCOPE_3,ref_wtt_bioenergy,wtt_biofuel_biopropane_gj,STANDARD,UK,GJ,9.06,"DEFRA/DESNZ 2024 full set (advanced users) — sheet 'WTT- bioenergy', row 38 (activity/type: WTT- biofuel / Biopropane)"
SCOPE_3,ref_wtt_bioenergy,wtt_biofuel_biopropane_kg,STANDARD,UK,kg,0.42038,"DEFRA/DESNZ 2024 full set (advanced users) — sheet 'WTT- bioenergy', row 39 (activity/type: WTT- biofuel / Biopropane)"
SCOPE_3,ref_wtt_bioenergy,wtt_biofuel_development_diesel_litres,STANDARD,UK,litres,0.85731,"DEFRA/DESNZ 2024 full set (advanced users) — sheet 'WTT- bioenergy', row 40 (activity/type: WTT- biofuel / Development diesel)"
SCOPE_3,ref_wtt_bioenergy,wtt_biofuel_development_diesel_gj,STANDARD,UK,GJ,23.989,"DEFRA/DESNZ 2024 full set (advanced users) — sheet 'WTT- bioenergy', row 41 (activity/type: WTT- biofuel / Development diesel)"
SCOPE_3,ref_wtt_bioenergy,wtt_biofuel_development_diesel_kg,STANDARD,UK,kg,1.0322,"DEFRA/DESNZ 2024 full set (advanced users) — sheet 'WTT- bioenergy', row 42 (activity/type: WTT- biofuel / Development diesel)"
SCOPE_3,ref_wtt_bioenergy,wtt_biofuel_development_petrol_litres,STANDARD,UK,litres,0.79916,"DEFRA/DESNZ 2024 full set (advanced users) — sheet 'WTT- bioenergy', row 43 (activity/type: WTT- biofuel / Development petrol)"
SCOPE_3,ref_wtt_bioenergy,wtt_biofuel_development_petrol_gj,STANDARD,UK,GJ,24.011,"DEFRA/DESNZ 2024 full set (advanced users) — sheet 'WTT- bioenergy', row 44 (activity/type: WTT- biofuel / Development petrol)"
SCOPE_3,ref_wtt_bioenergy,wtt_biofuel_development_petrol_kg,STANDARD,UK,kg,1.07087,"DEFRA/DESNZ 2024 full set (advanced users) — sheet 'WTT- bioenergy', row 45 (activity/type: WTT- biofuel / Development petrol)"
SCOPE_3,ref_wtt_bioenergy,wtt_biofuel_off_road_biodiesel_litres,STANDARD,UK,litres,0.48103,"DEFRA/DESNZ 2024 full set (advanced users) — sheet 'WTT- bioenergy', row 46 (activity/type: WTT- biofuel / Off road biodiesel)"
SCOPE_3,ref_wtt_bioenergy,wtt_biofuel_off_road_biodiesel_gj,STANDARD,UK,GJ,14.529,"DEFRA/DESNZ 2024 full set (advanced users) — sheet 'WTT- bioenergy', row 47 (activity/type: WTT- biofuel / Off road biodiesel)"
SCOPE_3,ref_wtt_bioenergy,wtt_biofuel_off_road_biodiesel_kg,STANDARD,UK,kg,0.54048,"DEFRA/DESNZ 2024 full set (advanced users) — sheet 'WTT- bioenergy', row 48 (activity/type: WTT- biofuel / Off road biodiesel)"
SCOPE_3,ref_wtt_bioenergy,wtt_biofuel_biomethane_liquified_gj,STANDARD,UK,GJ,10.61,"DEFRA/DESNZ 2024 full set (advanced users) — sheet 'WTT- bioenergy', row 50 (activity/type: WTT- biofuel / Biomethane (liquified))"
SCOPE_3,ref_wtt_bioenergy,wtt_biofuel_biomethane_liquified_kg,STANDARD,UK,kg,0.51989,"DEFRA/DESNZ 2024 full set (advanced users) — sheet 'WTT- bioenergy', row 51 (activity/type: WTT- biofuel / Biomethane (liquified))"
SCOPE_3,ref_wtt_bioenergy,wtt_biofuel_methanol_bio_litres,STANDARD,UK,litres,0.59093,"DEFRA/DESNZ 2024 full set (advanced users) — sheet 'WTT- bioenergy', row 52 (activity/type: WTT- biofuel / Methanol (bio))"
SCOPE_3,ref_wtt_bioenergy,wtt_biofuel_methanol_bio_gj,STANDARD,UK,GJ,37.394,"DEFRA/DESNZ 2024 full set (advanced users) — sheet 'WTT- bioenergy', row 53 (activity/type: WTT- biofuel / Methanol (bio))"
SCOPE_3,ref_wtt_bioenergy,wtt_biofuel_methanol_bio_kg,STANDARD,UK,kg,0.74518,"DEFRA/DESNZ 2024 full set (advanced users) — sheet 'WTT- bioenergy', row 54 (activity/type: WTT- biofuel / Methanol (bio))"
SCOPE_3,ref_wtt_bioenergy,wtt_biofuel_avtur_renewable_litres,STANDARD,UK,litres,0.35934,"DEFRA/DESNZ 2024 full set (advanced users) — sheet 'WTT- bioenergy', row 55 (activity/type: WTT- biofuel / Avtur (renewable))"
SCOPE_3,ref_wtt_bioenergy,wtt_biofuel_avtur_renewable_gj,STANDARD,UK,GJ,10.324,"DEFRA/DESNZ 2024 full set (advanced users) — sheet 'WTT- bioenergy', row 56 (activity/type: WTT- biofuel / Avtur (renewable))"
SCOPE_3,ref_wtt_bioenergy,wtt_biofuel_avtur_renewable_kg,STANDARD,UK,kg,0.45457,"DEFRA/DESNZ 2024 full set (advanced users) — sheet 'WTT- bioenergy', row 57 (activity/type: WTT- biofuel / Avtur (renewable))"
SCOPE_3,ref_wtt_bioenergy,wtt_biomass_wood_logs_tonnes,STANDARD,UK,tonnes,52.14,"DEFRA/DESNZ 2024 full set (advanced users) — sheet 'WTT- bioenergy', row 62 (activity/type: WTT- biomass / Wood logs)"
SCOPE_3,ref_wtt_bioenergy,wtt_biomass_wood_logs_kwh,STANDARD,UK,kWh,0.01277,"DEFRA/DESNZ 2024 full set (advanced users) — sheet 'WTT- bioenergy', row 63 (activity/type: WTT- biomass / Wood logs)"
SCOPE_3,ref_wtt_bioenergy,wtt_biomass_wood_chips_tonnes,STANDARD,UK,tonnes,30.4,"DEFRA/DESNZ 2024 full set (advanced users) — sheet 'WTT- bioenergy', row 64 (activity/type: WTT- biomass / Wood chips)"
SCOPE_3,ref_wtt_bioenergy,wtt_biomass_wood_chips_kwh,STANDARD,UK,kWh,0.00792,"DEFRA/DESNZ 2024 full set (advanced users) — sheet 'WTT- bioenergy', row 65 (activity/type: WTT- biomass / Wood chips)"
SCOPE_3,ref_wtt_bioenergy,wtt_biomass_wood_pellets_tonnes,STANDARD,UK,tonnes,177,"DEFRA/DESNZ 2024 full set (advanced users) — sheet 'WTT- bioenergy', row 66 (activity/type: WTT- biomass / Wood pellets)"
SCOPE_3,ref_wtt_bioenergy,wtt_biomass_wood_pellets_kwh,STANDARD,UK,kWh,0.03744,"DEFRA/DESNZ 2024 full set (advanced users) — sheet 'WTT- bioenergy', row 67 (activity/type: WTT- biomass / Wood pellets)"
SCOPE_3,ref_wtt_bioenergy,wtt_biomass_grass_straw_tonnes,STANDARD,UK,tonnes,68.65,"DEFRA/DESNZ 2024 full set (advanced users) — sheet 'WTT- bioenergy', row 68 (activity/type: WTT- biomass / Grass/straw)"
SCOPE_3,ref_wtt_bioenergy,wtt_biomass_grass_straw_kwh,STANDARD,UK,kWh,0.01604,"DEFRA/DESNZ 2024 full set (advanced users) — sheet 'WTT- bioenergy', row 69 (activity/type: WTT- biomass / Grass/straw)"
SCOPE_3,ref_wtt_bioenergy,wtt_biogas_biogas_tonnes,STANDARD,UK,tonnes,102.85714,"DEFRA/DESNZ 2024 full set (advanced users) — sheet 'WTT- bioenergy', row 74 (activity/type: WTT- biogas / Biogas)"
SCOPE_3,ref_wtt_bioenergy,wtt_biogas_biogas_kwh,STANDARD,UK,kWh,0.01851,"DEFRA/DESNZ 2024 full set (advanced users) — sheet 'WTT- bioenergy', row 75 (activity/type: WTT- biogas / Biogas)"
SCOPE_3,ref_wtt_bioenergy,wtt_biogas_landfill_gas_tonnes,STANDARD,UK,tonnes,0,"DEFRA/DESNZ 2024 full set (advanced users) — sheet 'WTT- bioenergy', row 76 (activity/type: WTT- biogas / Landfill gas)"
SCOPE_3,ref_wtt_bioenergy,wtt_biogas_landfill_gas_kwh,STANDARD,UK,kWh,0,"DEFRA/DESNZ 2024 full set (advanced users) — sheet 'WTT- bioenergy', row 77 (activity/type: WTT- biogas / Landfill gas)"
SCOPE_3,ref_transmission_and_distribution,t_d_uk_electricity_electricity_uk_kwh,STANDARD,UK,kWh,0.0183,"DEFRA/DESNZ 2024 full set (advanced users) — sheet 'Transmission and distribution', row 22 (activity/type: T&D- UK electricity / Electricity: UK)"
SCOPE_3,ref_transmission_and_distribution,distribution_district_heat_steam_5_loss_kwh,STANDARD,UK,kWh,0.00946,"DEFRA/DESNZ 2024 full set (advanced users) — sheet 'Transmission and distribution', row 27 (activity/type: Distribution - district heat & steam / 5% loss)"
SCOPE_3,ref_uk_electricity_t_d_for_evs,cars_by_market_segment_mini_battery_electric_vehicle_km,STANDARD,UK,km,0.00312,"DEFRA/DESNZ 2024 full set (advanced users) — sheet 'UK electricity T&D for EVs', row 24 (group: Battery Electric Vehicle; activity/type: Cars (by market segment) / Mini)"
SCOPE_3,ref_uk_electricity_t_d_for_evs,cars_by_market_segment_mini_battery_electric_vehicle_miles,STANDARD,UK,miles,0.00503,"DEFRA/DESNZ 2024 full set (advanced users) — sheet 'UK electricity T&D for EVs', row 25 (group: Battery Electric Vehicle; activity/type: Cars (by market segment) / Mini)"
SCOPE_3,ref_uk_electricity_t_d_for_evs,cars_by_market_segment_supermini_plug_in_hybrid_electric_vehicle_km,STANDARD,UK,km,0.00249,"DEFRA/DESNZ 2024 full set (advanced users) — sheet 'UK electricity T&D for EVs', row 26 (group: Plug-in Hybrid Electric Vehicle; activity/type: Cars (by market segment) / Supermini)"
SCOPE_3,ref_uk_electricity_t_d_for_evs,cars_by_market_segment_supermini_battery_electric_vehicle_km,STANDARD,UK,km,0.00356,"DEFRA/DESNZ 2024 full set (advanced users) — sheet 'UK electricity T&D for EVs', row 26 (group: Battery Electric Vehicle; activity/type: Cars (by market segment) / Supermini)"
SCOPE_3,ref_uk_electricity_t_d_for_evs,cars_by_market_segment_supermini_plug_in_hybrid_electric_vehicle_miles,STANDARD,UK,miles,0.00401,"DEFRA/DESNZ 2024 full set (advanced users) — sheet 'UK electricity T&D for EVs', row 27 (group: Plug-in Hybrid Electric Vehicle; activity/type: Cars (by market segment) / Supermini)"
SCOPE_3,ref_uk_electricity_t_d_for_evs,cars_by_market_segment_supermini_battery_electric_vehicle_miles,STANDARD,UK,miles,0.00574,"DEFRA/DESNZ 2024 full set (advanced users) — sheet 'UK electricity T&D for EVs', row 27 (group: Battery Electric Vehicle; activity/type: Cars (by market segment) / Supermini)"
SCOPE_3,ref_uk_electricity_t_d_for_evs,cars_by_market_segment_lower_medium_plug_in_hybrid_electric_vehicle_km,STANDARD,UK,km,0.00094,"DEFRA/DESNZ 2024 full set (advanced users) — sheet 'UK electricity T&D for EVs', row 28 (group: Plug-in Hybrid Electric Vehicle; activity/type: Cars (by market segment) / Lower medium)"
SCOPE_3,ref_uk_electricity_t_d_for_evs,cars_by_market_segment_lower_medium_battery_electric_vehicle_km,STANDARD,UK,km,0.00376,"DEFRA/DESNZ 2024 full set (advanced users) — sheet 'UK electricity T&D for EVs', row 28 (group: Battery Electric Vehicle; activity/type: Cars (by market segment) / Lower medium)"
SCOPE_3,ref_uk_electricity_t_d_for_evs,cars_by_market_segment_lower_medium_plug_in_hybrid_electric_vehicle_miles,STANDARD,UK,miles,0.00151,"DEFRA/DESNZ 2024 full set (advanced users) — sheet 'UK electricity T&D for EVs', row 29 (group: Plug-in Hybrid Electric Vehicle; activity/type: Cars (by market segment) / Lower medium)"
SCOPE_3,ref_uk_electricity_t_d_for_evs,cars_by_market_segment_lower_medium_battery_electric_vehicle_miles,STANDARD,UK,miles,0.00603,"DEFRA/DESNZ 2024 full set (advanced users) — sheet 'UK electricity T&D for EVs', row 29 (group: Battery Electric Vehicle; activity/type: Cars (by market segment) / Lower medium)"
SCOPE_3,ref_uk_electricity_t_d_for_evs,cars_by_market_segment_upper_medium_plug_in_hybrid_electric_vehicle_km,STANDARD,UK,km,0.001,"DEFRA/DESNZ 2024 full set (advanced users) — sheet 'UK electricity T&D for EVs', row 30 (group: Plug-in Hybrid Electric Vehicle; activity/type: Cars (by market segment) / Upper medium)"
SCOPE_3,ref_uk_electricity_t_d_for_evs,cars_by_market_segment_upper_medium_battery_electric_vehicle_km,STANDARD,UK,km,0.00382,"DEFRA/DESNZ 2024 full set (advanced users) — sheet 'UK electricity T&D for EVs', row 30 (group: Battery Electric Vehicle; activity/type: Cars (by market segment) / Upper medium)"
SCOPE_3,ref_uk_electricity_t_d_for_evs,cars_by_market_segment_upper_medium_plug_in_hybrid_electric_vehicle_miles,STANDARD,UK,miles,0.00161,"DEFRA/DESNZ 2024 full set (advanced users) — sheet 'UK electricity T&D for EVs', row 31 (group: Plug-in Hybrid Electric Vehicle; activity/type: Cars (by market segment) / Upper medium)"
SCOPE_3,ref_uk_electricity_t_d_for_evs,cars_by_market_segment_upper_medium_battery_electric_vehicle_miles,STANDARD,UK,miles,0.00615,"DEFRA/DESNZ 2024 full set (advanced users) — sheet 'UK electricity T&D for EVs', row 31 (group: Battery Electric Vehicle; activity/type: Cars (by market segment) / Upper medium)"
SCOPE_3,ref_uk_electricity_t_d_for_evs,cars_by_market_segment_executive_plug_in_hybrid_electric_vehicle_km,STANDARD,UK,km,0.00083,"DEFRA/DESNZ 2024 full set (advanced users) — sheet 'UK electricity T&D for EVs', row 32 (group: Plug-in Hybrid Electric Vehicle; activity/type: Cars (by market segment) / Executive)"
SCOPE_3,ref_uk_electricity_t_d_for_evs,cars_by_market_segment_executive_battery_electric_vehicle_km,STANDARD,UK,km,0.00348,"DEFRA/DESNZ 2024 full set (advanced users) — sheet 'UK electricity T&D for EVs', row 32 (group: Battery Electric Vehicle; activity/type: Cars (by market segment) / Executive)"
SCOPE_3,ref_uk_electricity_t_d_for_evs,cars_by_market_segment_executive_plug_in_hybrid_electric_vehicle_miles,STANDARD,UK,miles,0.00133,"DEFRA/DESNZ 2024 full set (advanced users) — sheet 'UK electricity T&D for EVs', row 33 (group: Plug-in Hybrid Electric Vehicle; activity/type: Cars (by market segment) / Executive)"
SCOPE_3,ref_uk_electricity_t_d_for_evs,cars_by_market_segment_executive_battery_electric_vehicle_miles,STANDARD,UK,miles,0.00559,"DEFRA/DESNZ 2024 full set (advanced users) — sheet 'UK electricity T&D for EVs', row 33 (group: Battery Electric Vehicle; activity/type: Cars (by market segment) / Executive)"
SCOPE_3,ref_uk_electricity_t_d_for_evs,cars_by_market_segment_luxury_plug_in_hybrid_electric_vehicle_km,STANDARD,UK,km,0.00095,"DEFRA/DESNZ 2024 full set (advanced users) — sheet 'UK electricity T&D for EVs', row 34 (group: Plug-in Hybrid Electric Vehicle; activity/type: Cars (by market segment) / Luxury)"
SCOPE_3,ref_uk_electricity_t_d_for_evs,cars_by_market_segment_luxury_battery_electric_vehicle_km,STANDARD,UK,km,0.00467,"DEFRA/DESNZ 2024 full set (advanced users) — sheet 'UK electricity T&D for EVs', row 34 (group: Battery Electric Vehicle; activity/type: Cars (by market segment) / Luxury)"
SCOPE_3,ref_uk_electricity_t_d_for_evs,cars_by_market_segment_luxury_plug_in_hybrid_electric_vehicle_miles,STANDARD,UK,miles,0.00153,"DEFRA/DESNZ 2024 full set (advanced users) — sheet 'UK electricity T&D for EVs', row 35 (group: Plug-in Hybrid Electric Vehicle; activity/type: Cars (by market segment) / Luxury)"
SCOPE_3,ref_uk_electricity_t_d_for_evs,cars_by_market_segment_luxury_battery_electric_vehicle_miles,STANDARD,UK,miles,0.00751,"DEFRA/DESNZ 2024 full set (advanced users) — sheet 'UK electricity T&D for EVs', row 35 (group: Battery Electric Vehicle; activity/type: Cars (by market segment) / Luxury)"
SCOPE_3,ref_uk_electricity_t_d_for_evs,cars_by_market_segment_sports_plug_in_hybrid_electric_vehicle_km,STANDARD,UK,km,0.0007,"DEFRA/DESNZ 2024 full set (advanced users) — sheet 'UK electricity T&D for EVs', row 36 (group: Plug-in Hybrid Electric Vehicle; activity/type: Cars (by market segment) / Sports)"
SCOPE_3,ref_uk_electricity_t_d_for_evs,cars_by_market_segment_sports_battery_electric_vehicle_km,STANDARD,UK,km,0.00597,"DEFRA/DESNZ 2024 full set (advanced users) — sheet 'UK electricity T&D for EVs', row 36 (group: Battery Electric Vehicle; activity/type: Cars (by market segment) / Sports)"
SCOPE_3,ref_uk_electricity_t_d_for_evs,cars_by_market_segment_sports_plug_in_hybrid_electric_vehicle_miles,STANDARD,UK,miles,0.00112,"DEFRA/DESNZ 2024 full set (advanced users) — sheet 'UK electricity T&D for EVs', row 37 (group: Plug-in Hybrid Electric Vehicle; activity/type: Cars (by market segment) / Sports)"
SCOPE_3,ref_uk_electricity_t_d_for_evs,cars_by_market_segment_sports_battery_electric_vehicle_miles,STANDARD,UK,miles,0.0096,"DEFRA/DESNZ 2024 full set (advanced users) — sheet 'UK electricity T&D for EVs', row 37 (group: Battery Electric Vehicle; activity/type: Cars (by market segment) / Sports)"
SCOPE_3,ref_uk_electricity_t_d_for_evs,cars_by_market_segment_dual_purpose_4x4_plug_in_hybrid_electric_vehicle_km,STANDARD,UK,km,0.00139,"DEFRA/DESNZ 2024 full set (advanced users) — sheet 'UK electricity T&D for EVs', row 38 (group: Plug-in Hybrid Electric Vehicle; activity/type: Cars (by market segment) / Dual purpose 4X4)"
SCOPE_3,ref_uk_electricity_t_d_for_evs,cars_by_market_segment_dual_purpose_4x4_battery_electric_vehicle_km,STANDARD,UK,km,0.00408,"DEFRA/DESNZ 2024 full set (advanced users) — sheet 'UK electricity T&D for EVs', row 38 (group: Battery Electric Vehicle; activity/type: Cars (by market segment) / Dual purpose 4X4)"
SCOPE_3,ref_uk_electricity_t_d_for_evs,cars_by_market_segment_dual_purpose_4x4_plug_in_hybrid_electric_vehicle_miles,STANDARD,UK,miles,0.00223,"DEFRA/DESNZ 2024 full set (advanced users) — sheet 'UK electricity T&D for EVs', row 39 (group: Plug-in Hybrid Electric Vehicle; activity/type: Cars (by market segment) / Dual purpose 4X4)"
SCOPE_3,ref_uk_electricity_t_d_for_evs,cars_by_market_segment_dual_purpose_4x4_battery_electric_vehicle_miles,STANDARD,UK,miles,0.00654,"DEFRA/DESNZ 2024 full set (advanced users) — sheet 'UK electricity T&D for EVs', row 39 (group: Battery Electric Vehicle; activity/type: Cars (by market segment) / Dual purpose 4X4)"
SCOPE_3,ref_uk_electricity_t_d_for_evs,cars_by_market_segment_mpv_plug_in_hybrid_electric_vehicle_km,STANDARD,UK,km,0.00175,"DEFRA/DESNZ 2024 full set (advanced users) — sheet 'UK electricity T&D for EVs', row 40 (group: Plug-in Hybrid Electric Vehicle; activity/type: Cars (by market segment) / MPV)"
SCOPE_3,ref_uk_electricity_t_d_for_evs,cars_by_market_segment_mpv_battery_electric_vehicle_km,STANDARD,UK,km,0.00534,"DEFRA/DESNZ 2024 full set (advanced users) — sheet 'UK electricity T&D for EVs', row 40 (group: Battery Electric Vehicle; activity/type: Cars (by market segment) / MPV)"
SCOPE_3,ref_uk_electricity_t_d_for_evs,cars_by_market_segment_mpv_plug_in_hybrid_electric_vehicle_miles,STANDARD,UK,miles,0.00283,"DEFRA/DESNZ 2024 full set (advanced users) — sheet 'UK electricity T&D for EVs', row 41 (group: Plug-in Hybrid Electric Vehicle; activity/type: Cars (by market segment) / MPV)"
SCOPE_3,ref_uk_electricity_t_d_for_evs,cars_by_market_segment_mpv_battery_electric_vehicle_miles,STANDARD,UK,miles,0.00858,"DEFRA/DESNZ 2024 full set (advanced users) — sheet 'UK electricity T&D for EVs', row 41 (group: Battery Electric Vehicle; activity/type: Cars (by market segment) / MPV)"
SCOPE_3,ref_uk_electricity_t_d_for_evs,cars_by_size_small_car_plug_in_hybrid_electric_vehicle_km,STANDARD,UK,km,0.00249,"DEFRA/DESNZ 2024 full set (advanced users) — sheet 'UK electricity T&D for EVs', row 46 (group: Plug-in Hybrid Electric Vehicle; activity/type: Cars (by size) / Small car)"
SCOPE_3,ref_uk_electricity_t_d_for_evs,cars_by_size_small_car_battery_electric_vehicle_km,STANDARD,UK,km,0.00347,"DEFRA/DESNZ 2024 full set (advanced users) — sheet 'UK electricity T&D for EVs', row 46 (group: Battery Electric Vehicle; activity/type: Cars (by size) / Small car)"
SCOPE_3,ref_uk_electricity_t_d_for_evs,cars_by_size_small_car_plug_in_hybrid_electric_vehicle_miles,STANDARD,UK,miles,0.00401,"DEFRA/DESNZ 2024 full set (advanced users) — sheet 'UK electricity T&D for EVs', row 47 (group: Plug-in Hybrid Electric Vehicle; activity/type: Cars (by size) / Small car)"
SCOPE_3,ref_uk_electricity_t_d_for_evs,cars_by_size_small_car_battery_electric_vehicle_miles,STANDARD,UK,miles,0.0056,"DEFRA/DESNZ 2024 full set (advanced users) — sheet 'UK electricity T&D for EVs', row 47 (group: Battery Electric Vehicle; activity/type: Cars (by size) / Small car)"
SCOPE_3,ref_uk_electricity_t_d_for_evs,cars_by_size_medium_car_plug_in_hybrid_electric_vehicle_km,STANDARD,UK,km,0.00097,"DEFRA/DESNZ 2024 full set (advanced users) — sheet 'UK electricity T&D for EVs', row 48 (group: Plug-in Hybrid Electric Vehicle; activity/type: Cars (by size) / Medium car)"
SCOPE_3,ref_uk_electricity_t_d_for_evs,cars_by_size_medium_car_battery_electric_vehicle_km,STANDARD,UK,km,0.00376,"DEFRA/DESNZ 2024 full set (advanced users) — sheet 'UK electricity T&D for EVs', row 48 (group: Battery Electric Vehicle; activity/type: Cars (by size) / Medium car)"
SCOPE_3,ref_uk_electricity_t_d_for_evs,cars_by_size_medium_car_plug_in_hybrid_electric_vehicle_miles,STANDARD,UK,miles,0.00156,"DEFRA/DESNZ 2024 full set (advanced users) — sheet 'UK electricity T&D for EVs', row 49 (group: Plug-in Hybrid Electric Vehicle; activity/type: Cars (by size) / Medium car)"
SCOPE_3,ref_uk_electricity_t_d_for_evs,cars_by_size_medium_car_battery_electric_vehicle_miles,STANDARD,UK,miles,0.00605,"DEFRA/DESNZ 2024 full set (advanced users) — sheet 'UK electricity T&D for EVs', row 49 (group: Battery Electric Vehicle; activity/type: Cars (by size) / Medium car)"
SCOPE_3,ref_uk_electricity_t_d_for_evs,cars_by_size_large_car_plug_in_hybrid_electric_vehicle_km,STANDARD,UK,km,0.00131,"DEFRA/DESNZ 2024 full set (advanced users) — sheet 'UK electricity T&D for EVs', row 50 (group: Plug-in Hybrid Electric Vehicle; activity/type: Cars (by size) / Large car)"
SCOPE_3,ref_uk_electricity_t_d_for_evs,cars_by_size_large_car_battery_electric_vehicle_km,STANDARD,UK,km,0.004,"DEFRA/DESNZ 2024 full set (advanced users) — sheet 'UK electricity T&D for EVs', row 50 (group: Battery Electric Vehicle; activity/type: Cars (by size) / Large car)"
SCOPE_3,ref_uk_electricity_t_d_for_evs,cars_by_size_large_car_plug_in_hybrid_electric_vehicle_miles,STANDARD,UK,miles,0.00211,"DEFRA/DESNZ 2024 full set (advanced users) — sheet 'UK electricity T&D for EVs', row 51 (group: Plug-in Hybrid Electric Vehicle; activity/type: Cars (by size) / Large car)"
SCOPE_3,ref_uk_electricity_t_d_for_evs,cars_by_size_large_car_battery_electric_vehicle_miles,STANDARD,UK,miles,0.00643,"DEFRA/DESNZ 2024 full set (advanced users) — sheet 'UK electricity T&D for EVs', row 51 (group: Battery Electric Vehicle; activity/type: Cars (by size) / Large car)"
SCOPE_3,ref_uk_electricity_t_d_for_evs,cars_by_size_average_car_plug_in_hybrid_electric_vehicle_km,STANDARD,UK,km,0.00121,"DEFRA/DESNZ 2024 full set (advanced users) — sheet 'UK electricity T&D for EVs', row 52 (group: Plug-in Hybrid Electric Vehicle; activity/type: Cars (by size) / Average car)"
SCOPE_3,ref_uk_electricity_t_d_for_evs,cars_by_size_average_car_battery_electric_vehicle_km,STANDARD,UK,km,0.00386,"DEFRA/DESNZ 2024 full set (advanced users) — sheet 'UK electricity T&D for EVs', row 52 (group: Battery Electric Vehicle; activity/type: Cars (by size) / Average car)"
SCOPE_3,ref_uk_electricity_t_d_for_evs,cars_by_size_average_car_plug_in_hybrid_electric_vehicle_miles,STANDARD,UK,miles,0.00195,"DEFRA/DESNZ 2024 full set (advanced users) — sheet 'UK electricity T&D for EVs', row 53 (group: Plug-in Hybrid Electric Vehicle; activity/type: Cars (by size) / Average car)"
SCOPE_3,ref_uk_electricity_t_d_for_evs,cars_by_size_average_car_battery_electric_vehicle_miles,STANDARD,UK,miles,0.0062,"DEFRA/DESNZ 2024 full set (advanced users) — sheet 'UK electricity T&D for EVs', row 53 (group: Battery Electric Vehicle; activity/type: Cars (by size) / Average car)"
SCOPE_3,ref_uk_electricity_t_d_for_evs,vans_class_i_up_to_1_305_tonnes_battery_electric_vehicle_tonne_km,STANDARD,UK,tonne.km,0.0128,"DEFRA/DESNZ 2024 full set (advanced users) — sheet 'UK electricity T&D for EVs', row 58 (group: Battery Electric Vehicle; activity/type: Vans / Class I (up to 1.305 tonnes))"
SCOPE_3,ref_uk_electricity_t_d_for_evs,vans_class_i_up_to_1_305_tonnes_battery_electric_vehicle_km,STANDARD,UK,km,0.00345,"DEFRA/DESNZ 2024 full set (advanced users) — sheet 'UK electricity T&D for EVs', row 59 (group: Battery Electric Vehicle; activity/type: Vans / Class I (up to 1.305 tonnes))"
SCOPE_3,ref_uk_electricity_t_d_for_evs,vans_class_i_up_to_1_305_tonnes_battery_electric_vehicle_miles,STANDARD,UK,miles,0.00556,"DEFRA/DESNZ 2024 full set (advanced users) — sheet 'UK electricity T&D for EVs', row 60 (group: Battery Electric Vehicle; activity/type: Vans / Class I (up to 1.305 tonnes))"
SCOPE_3,ref_uk_electricity_t_d_for_evs,vans_class_ii_1_305_to_1_74_tonnes_battery_electric_vehicle_tonne_km,STANDARD,UK,tonne.km,0.02268,"DEFRA/DESNZ 2024 full set (advanced users) — sheet 'UK electricity T&D for EVs', row 61 (group: Battery Electric Vehicle; activity/type: Vans / Class II (1.305 to 1.74 tonnes))"
SCOPE_3,ref_uk_electricity_t_d_for_evs,vans_class_ii_1_305_to_1_74_tonnes_battery_electric_vehicle_km,STANDARD,UK,km,0.00533,"DEFRA/DESNZ 2024 full set (advanced users) — sheet 'UK electricity T&D for EVs', row 62 (group: Battery Electric Vehicle; activity/type: Vans / Class II (1.305 to 1.74 tonnes))"
SCOPE_3,ref_uk_electricity_t_d_for_evs,vans_class_ii_1_305_to_1_74_tonnes_battery_electric_vehicle_miles,STANDARD,UK,miles,0.00857,"DEFRA/DESNZ 2024 full set (advanced users) — sheet 'UK electricity T&D for EVs', row 63 (group: Battery Electric Vehicle; activity/type: Vans / Class II (1.305 to 1.74 tonnes))"
SCOPE_3,ref_uk_electricity_t_d_for_evs,vans_class_iii_1_74_to_3_5_tonnes_plug_in_hybrid_electric_vehicle_tonne_km,STANDARD,UK,tonne.km,0.00365,"DEFRA/DESNZ 2024 full set (advanced users) — sheet 'UK electricity T&D for EVs', row 64 (group: Plug-in Hybrid Electric Vehicle; activity/type: Vans / Class III (1.74 to 3.5 tonnes))"
SCOPE_3,ref_uk_electricity_t_d_for_evs,vans_class_iii_1_74_to_3_5_tonnes_battery_electric_vehicle_tonne_km,STANDARD,UK,tonne.km,0.01922,"DEFRA/DESNZ 2024 full set (advanced users) — sheet 'UK electricity T&D for EVs', row 64 (group: Battery Electric Vehicle; activity/type: Vans / Class III (1.74 to 3.5 tonnes))"
SCOPE_3,ref_uk_electricity_t_d_for_evs,vans_class_iii_1_74_to_3_5_tonnes_plug_in_hybrid_electric_vehicle_km,STANDARD,UK,km,0.00146,"DEFRA/DESNZ 2024 full set (advanced users) — sheet 'UK electricity T&D for EVs', row 65 (group: Plug-in Hybrid Electric Vehicle; activity/type: Vans / Class III (1.74 to 3.5 tonnes))"
SCOPE_3,ref_uk_electricity_t_d_for_evs,vans_class_iii_1_74_to_3_5_tonnes_battery_electric_vehicle_km,STANDARD,UK,km,0.00725,"DEFRA/DESNZ 2024 full set (advanced users) — sheet 'UK electricity T&D for EVs', row 65 (group: Battery Electric Vehicle; activity/type: Vans / Class III (1.74 to 3.5 tonnes))"
SCOPE_3,ref_uk_electricity_t_d_for_evs,vans_class_iii_1_74_to_3_5_tonnes_plug_in_hybrid_electric_vehicle_miles,STANDARD,UK,miles,0.00233,"DEFRA/DESNZ 2024 full set (advanced users) — sheet 'UK electricity T&D for EVs', row 66 (group: Plug-in Hybrid Electric Vehicle; activity/type: Vans / Class III (1.74 to 3.5 tonnes))"
SCOPE_3,ref_uk_electricity_t_d_for_evs,vans_class_iii_1_74_to_3_5_tonnes_battery_electric_vehicle_miles,STANDARD,UK,miles,0.01166,"DEFRA/DESNZ 2024 full set (advanced users) — sheet 'UK electricity T&D for EVs', row 66 (group: Battery Electric Vehicle; activity/type: Vans / Class III (1.74 to 3.5 tonnes))"
SCOPE_3,ref_uk_electricity_t_d_for_evs,vans_average_up_to_3_5_tonnes_plug_in_hybrid_electric_vehicle_tonne_km,STANDARD,UK,tonne.km,0.00365,"DEFRA/DESNZ 2024 full set (advanced users) — sheet 'UK electricity T&D for EVs', row 67 (group: Plug-in Hybrid Electric Vehicle; activity/type: Vans / Average (up to 3.5 tonnes))"
SCOPE_3,ref_uk_electricity_t_d_for_evs,vans_average_up_to_3_5_tonnes_battery_electric_vehicle_tonne_km,STANDARD,UK,tonne.km,0.02066,"DEFRA/DESNZ 2024 full set (advanced users) — sheet 'UK electricity T&D for EVs', row 67 (group: Battery Electric Vehicle; activity/type: Vans / Average (up to 3.5 tonnes))"
SCOPE_3,ref_uk_electricity_t_d_for_evs,vans_average_up_to_3_5_tonnes_plug_in_hybrid_electric_vehicle_km,STANDARD,UK,km,0.00146,"DEFRA/DESNZ 2024 full set (advanced users) — sheet 'UK electricity T&D for EVs', row 68 (group: Plug-in Hybrid Electric Vehicle; activity/type: Vans / Average (up to 3.5 tonnes))"
SCOPE_3,ref_uk_electricity_t_d_for_evs,vans_average_up_to_3_5_tonnes_battery_electric_vehicle_km,STANDARD,UK,km,0.00644,"DEFRA/DESNZ 2024 full set (advanced users) — sheet 'UK electricity T&D for EVs', row 68 (group: Battery Electric Vehicle; activity/type: Vans / Average (up to 3.5 tonnes))"
SCOPE_3,ref_uk_electricity_t_d_for_evs,vans_average_up_to_3_5_tonnes_plug_in_hybrid_electric_vehicle_miles,STANDARD,UK,miles,0.00233,"DEFRA/DESNZ 2024 full set (advanced users) — sheet 'UK electricity T&D for EVs', row 69 (group: Plug-in Hybrid Electric Vehicle; activity/type: Vans / Average (up to 3.5 tonnes))"
SCOPE_3,ref_uk_electricity_t_d_for_evs,vans_average_up_to_3_5_tonnes_battery_electric_vehicle_miles,STANDARD,UK,miles,0.01035,"DEFRA/DESNZ 2024 full set (advanced users) — sheet 'UK electricity T&D for EVs', row 69 (group: Battery Electric Vehicle; activity/type: Vans / Average (up to 3.5 tonnes))"
SCOPE_3,ref_wtt_uk_electricity,wtt_uk_electricity_generation_electricity_uk_kwh,STANDARD,UK,kWh,0.0459,"DEFRA/DESNZ 2024 full set (advanced users) — sheet 'WTT- UK electricity', row 19 (activity/type: WTT- UK electricity (generation) / Electricity: UK)"
SCOPE_3,ref_wtt_uk_electricity,wtt_uk_electricity_t_d_electricity_uk_kwh,STANDARD,UK,kWh,0.00397,"DEFRA/DESNZ 2024 full set (advanced users) — sheet 'WTT- UK electricity', row 24 (activity/type: WTT- UK electricity (T&D) / Electricity: UK)"
SCOPE_3,ref_wtt_heat_and_steam,wtt_heat_and_steam_onsite_heat_and_steam_kwh,STANDARD,UK,kWh,0.03341,"DEFRA/DESNZ 2024 full set (advanced users) — sheet 'WTT- heat and steam', row 19 (activity/type: WTT- heat and steam / Onsite heat and steam)"
SCOPE_3,ref_wtt_heat_and_steam,wtt_heat_and_steam_district_heat_and_steam_kwh,STANDARD,UK,kWh,0.03341,"DEFRA/DESNZ 2024 full set (advanced users) — sheet 'WTT- heat and steam', row 20 (activity/type: WTT- heat and steam / District heat and steam)"
SCOPE_3,ref_wtt_heat_and_steam,wtt_district_heat_steam_distribution_5_loss_kwh,STANDARD,UK,kWh,0.00176,"DEFRA/DESNZ 2024 full set (advanced users) — sheet 'WTT- heat and steam', row 25 (activity/type: WTT- district heat & steam distribution / 5% loss)"
SCOPE_3,ref_water_supply,water_supply_water_supply_cubic_metres,STANDARD,UK,cubic metres,0.15311,"DEFRA/DESNZ 2024 full set (advanced users) — sheet 'Water supply', row 18 (activity/type: Water supply / Water supply)"
SCOPE_3,ref_water_supply,water_supply_water_supply_million_litres,STANDARD,UK,million litres,153.10865,"DEFRA/DESNZ 2024 full set (advanced users) — sheet 'Water supply', row 19 (activity/type: Water supply / Water supply)"
SCOPE_3,ref_water_treatment,water_treatment_water_treatment_cubic_metres,STANDARD,UK,cubic metres,0.18574,"DEFRA/DESNZ 2024 full set (advanced users) — sheet 'Water treatment', row 17 (activity/type: Water treatment / Water treatment)"
SCOPE_3,ref_water_treatment,water_treatment_water_treatment_million_litres,STANDARD,UK,million litres,185.7412,"DEFRA/DESNZ 2024 full set (advanced users) — sheet 'Water treatment', row 18 (activity/type: Water treatment / Water treatment)"
SCOPE_3,ref_material_use,construction_aggregates_primary_material_production_tonnes,STANDARD,UK,tonnes,7.75127,"DEFRA/DESNZ 2024 full set (advanced users) — sheet 'Material use', row 22 (group: Primary material production; activity/type: Construction / Aggregates)"
SCOPE_3,ref_material_use,construction_aggregates_re_used_tonnes,STANDARD,UK,tonnes,2.21,"DEFRA/DESNZ 2024 full set (advanced users) — sheet 'Material use', row 22 (group: Re-used; activity/type: Construction / Aggregates)"
SCOPE_3,ref_material_use,construction_aggregates_closed_loop_source_tonnes,STANDARD,UK,tonnes,3.19485,"DEFRA/DESNZ 2024 full set (advanced users) — sheet 'Material use', row 22 (group: Closed-loop source; activity/type: Construction / Aggregates)"
SCOPE_3,ref_material_use,construction_average_construction_primary_material_production_tonnes,STANDARD,UK,tonnes,74.88652,"DEFRA/DESNZ 2024 full set (advanced users) — sheet 'Material use', row 23 (group: Primary material production; activity/type: Construction / Average construction)"
SCOPE_3,ref_material_use,construction_asbestos_primary_material_production_tonnes,STANDARD,UK,tonnes,27,"DEFRA/DESNZ 2024 full set (advanced users) — sheet 'Material use', row 24 (group: Primary material production; activity/type: Construction / Asbestos)"
SCOPE_3,ref_material_use,construction_asphalt_primary_material_production_tonnes,STANDARD,UK,tonnes,39.21249,"DEFRA/DESNZ 2024 full set (advanced users) — sheet 'Material use', row 25 (group: Primary material production; activity/type: Construction / Asphalt)"
SCOPE_3,ref_material_use,construction_asphalt_re_used_tonnes,STANDARD,UK,tonnes,1.73826,"DEFRA/DESNZ 2024 full set (advanced users) — sheet 'Material use', row 25 (group: Re-used; activity/type: Construction / Asphalt)"
SCOPE_3,ref_material_use,construction_asphalt_closed_loop_source_tonnes,STANDARD,UK,tonnes,28.65485,"DEFRA/DESNZ 2024 full set (advanced users) — sheet 'Material use', row 25 (group: Closed-loop source; activity/type: Construction / Asphalt)"
SCOPE_3,ref_material_use,construction_bricks_primary_material_production_tonnes,STANDARD,UK,tonnes,241.75127,"DEFRA/DESNZ 2024 full set (advanced users) — sheet 'Material use', row 26 (group: Primary material production; activity/type: Construction / Bricks)"
SCOPE_3,ref_material_use,construction_concrete_primary_material_production_tonnes,STANDARD,UK,tonnes,118.75127,"DEFRA/DESNZ 2024 full set (advanced users) — sheet 'Material use', row 27 (group: Primary material production; activity/type: Construction / Concrete)"
SCOPE_3,ref_material_use,construction_concrete_closed_loop_source_tonnes,STANDARD,UK,tonnes,3.19485,"DEFRA/DESNZ 2024 full set (advanced users) — sheet 'Material use', row 27 (group: Closed-loop source; activity/type: Construction / Concrete)"
SCOPE_3,ref_material_use,construction_insulation_primary_material_production_tonnes,STANDARD,UK,tonnes,1861.75127,"DEFRA/DESNZ 2024 full set (advanced users) — sheet 'Material use', row 28 (group: Primary material production; activity/type: Construction / Insulation)"
SCOPE_3,ref_material_use,construction_insulation_closed_loop_source_tonnes,STANDARD,UK,tonnes,1852.08114,"DEFRA/DESNZ 2024 full set (advanced users) — sheet 'Material use', row 28 (group: Closed-loop source; activity/type: Construction / Insulation)"
SCOPE_3,ref_material_use,construction_metals_primary_material_production_tonnes,STANDARD,UK,tonnes,3815.78473,"DEFRA/DESNZ 2024 full set (advanced users) — sheet 'Material use', row 29 (group: Primary material production; activity/type: Construction / Metals)"
SCOPE_3,ref_material_use,construction_metals_closed_loop_source_tonnes,STANDARD,UK,tonnes,1630.78661,"DEFRA/DESNZ 2024 full set (advanced users) — sheet 'Material use', row 29 (group: Closed-loop source; activity/type: Construction / Metals)"
SCOPE_3,ref_material_use,construction_soils_closed_loop_source_tonnes,STANDARD,UK,tonnes,0.98485,"DEFRA/DESNZ 2024 full set (advanced users) — sheet 'Material use', row 30 (group: Closed-loop source; activity/type: Construction / Soils)"
SCOPE_3,ref_material_use,construction_mineral_oil_primary_material_production_tonnes,STANDARD,UK,tonnes,1401,"DEFRA/DESNZ 2024 full set (advanced users) — sheet 'Material use', row 31 (group: Primary material production; activity/type: Construction / Mineral oil)"
SCOPE_3,ref_material_use,construction_mineral_oil_closed_loop_source_tonnes,STANDARD,UK,tonnes,676,"DEFRA/DESNZ 2024 full set (advanced users) — sheet 'Material use', row 31 (group: Closed-loop source; activity/type: Construction / Mineral oil)"
SCOPE_3,ref_material_use,construction_plasterboard_primary_material_production_tonnes,STANDARD,UK,tonnes,120.05,"DEFRA/DESNZ 2024 full set (advanced users) — sheet 'Material use', row 32 (group: Primary material production; activity/type: Construction / Plasterboard)"
SCOPE_3,ref_material_use,construction_plasterboard_closed_loop_source_tonnes,STANDARD,UK,tonnes,32.17,"DEFRA/DESNZ 2024 full set (advanced users) — sheet 'Material use', row 32 (group: Closed-loop source; activity/type: Construction / Plasterboard)"
SCOPE_3,ref_material_use,construction_tyres_primary_material_production_tonnes,STANDARD,UK,tonnes,3335.5719,"DEFRA/DESNZ 2024 full set (advanced users) — sheet 'Material use', row 33 (group: Primary material production; activity/type: Construction / Tyres)"
SCOPE_3,ref_material_use,construction_tyres_re_used_tonnes,STANDARD,UK,tonnes,731.21789,"DEFRA/DESNZ 2024 full set (advanced users) — sheet 'Material use', row 33 (group: Re-used; activity/type: Construction / Tyres)"
SCOPE_3,ref_material_use,construction_wood_primary_material_production_tonnes,STANDARD,UK,tonnes,269.50416,"DEFRA/DESNZ 2024 full set (advanced users) — sheet 'Material use', row 34 (group: Primary material production; activity/type: Construction / Wood)"
SCOPE_3,ref_material_use,construction_wood_re_used_tonnes,STANDARD,UK,tonnes,38.54288,"DEFRA/DESNZ 2024 full set (advanced users) — sheet 'Material use', row 34 (group: Re-used; activity/type: Construction / Wood)"
SCOPE_3,ref_material_use,other_glass_primary_material_production_tonnes,STANDARD,UK,tonnes,1402.76667,"DEFRA/DESNZ 2024 full set (advanced users) — sheet 'Material use', row 40 (group: Primary material production; activity/type: Other / Glass)"
SCOPE_3,ref_material_use,other_glass_closed_loop_source_tonnes,STANDARD,UK,tonnes,823.18954,"DEFRA/DESNZ 2024 full set (advanced users) — sheet 'Material use', row 40 (group: Closed-loop source; activity/type: Other / Glass)"
SCOPE_3,ref_material_use,other_clothing_primary_material_production_tonnes,STANDARD,UK,tonnes,22310,"DEFRA/DESNZ 2024 full set (advanced users) — sheet 'Material use', row 41 (group: Primary material production; activity/type: Other / Clothing)"
SCOPE_3,ref_material_use,other_clothing_re_used_tonnes,STANDARD,UK,tonnes,152.25,"DEFRA/DESNZ 2024 full set (advanced users) — sheet 'Material use', row 41 (group: Re-used; activity/type: Other / Clothing)"
SCOPE_3,ref_material_use,other_food_and_drink_primary_material_production_tonnes,STANDARD,UK,tonnes,3701.40359,"DEFRA/DESNZ 2024 full set (advanced users) — sheet 'Material use', row 42 (group: Primary material production; activity/type: Other / Food and drink)"
SCOPE_3,ref_material_use,organic_compost_derived_from_garden_waste_primary_material_production_tonnes,STANDARD,UK,tonnes,112.01684,"DEFRA/DESNZ 2024 full set (advanced users) — sheet 'Material use', row 47 (group: Primary material production; activity/type: Organic / Compost derived from garden waste)"
SCOPE_3,ref_material_use,organic_compost_derived_from_food_and_garden_waste_primary_material_production_tonnes,STANDARD,UK,tonnes,114.83347,"DEFRA/DESNZ 2024 full set (advanced users) — sheet 'Material use', row 48 (group: Primary material production; activity/type: Organic / Compost derived from food and garden waste)"
SCOPE_3,ref_material_use,electrical_items_electrical_items_fridges_and_freezers_primary_material_production_tonnes,STANDARD,UK,tonnes,4363.33333,"DEFRA/DESNZ 2024 full set (advanced users) — sheet 'Material use', row 53 (group: Primary material production; activity/type: Electrical items / Electrical items - fridges and freezers)"
SCOPE_3,ref_material_use,electrical_items_electrical_items_large_primary_material_production_tonnes,STANDARD,UK,tonnes,3267,"DEFRA/DESNZ 2024 full set (advanced users) — sheet 'Material use', row 54 (group: Primary material production; activity/type: Electrical items / Electrical items - large)"
SCOPE_3,ref_material_use,electrical_items_electrical_items_it_primary_material_production_tonnes,STANDARD,UK,tonnes,24865.47556,"DEFRA/DESNZ 2024 full set (advanced users) — sheet 'Material use', row 55 (group: Primary material production; activity/type: Electrical items / Electrical items - IT)"
SCOPE_3,ref_material_use,electrical_items_electrical_items_small_primary_material_production_tonnes,STANDARD,UK,tonnes,5647.94563,"DEFRA/DESNZ 2024 full set (advanced users) — sheet 'Material use', row 56 (group: Primary material production; activity/type: Electrical items / Electrical items - small)"
SCOPE_3,ref_material_use,electrical_items_batteries_alkaline_primary_material_production_tonnes,STANDARD,UK,tonnes,4633.47826,"DEFRA/DESNZ 2024 full set (advanced users) — sheet 'Material use', row 57 (group: Primary material production; activity/type: Electrical items / Batteries - Alkaline)"
SCOPE_3,ref_material_use,electrical_items_batteries_li_ion_primary_material_production_tonnes,STANDARD,UK,tonnes,6308,"DEFRA/DESNZ 2024 full set (advanced users) — sheet 'Material use', row 58 (group: Primary material production; activity/type: Electrical items / Batteries - Li ion)"
SCOPE_3,ref_material_use,electrical_items_batteries_nimh_primary_material_production_tonnes,STANDARD,UK,tonnes,28380,"DEFRA/DESNZ 2024 full set (advanced users) — sheet 'Material use', row 59 (group: Primary material production; activity/type: Electrical items / Batteries - NiMh)"
SCOPE_3,ref_material_use,metal_metal_aluminium_cans_and_foil_excl_forming_primary_material_production_tonnes,STANDARD,UK,tonnes,9106.91851,"DEFRA/DESNZ 2024 full set (advanced users) — sheet 'Material use', row 64 (group: Primary material production; activity/type: Metal / Metal: aluminium cans and foil (excl. forming))"
SCOPE_3,ref_material_use,metal_metal_aluminium_cans_and_foil_excl_forming_closed_loop_source_tonnes,STANDARD,UK,tonnes,990.4781,"DEFRA/DESNZ 2024 full set (advanced users) — sheet 'Material use', row 64 (group: Closed-loop source; activity/type: Metal / Metal: aluminium cans and foil (excl. forming))"
SCOPE_3,ref_material_use,metal_metal_mixed_cans_primary_material_production_tonnes,STANDARD,UK,tonnes,5105.63851,"DEFRA/DESNZ 2024 full set (advanced users) — sheet 'Material use', row 65 (group: Primary material production; activity/type: Metal / Metal: mixed cans)"
SCOPE_3,ref_material_use,metal_metal_mixed_cans_closed_loop_source_tonnes,STANDARD,UK,tonnes,1461.67759,"DEFRA/DESNZ 2024 full set (advanced users) — sheet 'Material use', row 65 (group: Closed-loop source; activity/type: Metal / Metal: mixed cans)"
SCOPE_3,ref_material_use,metal_metal_scrap_metal_primary_material_production_tonnes,STANDARD,UK,tonnes,3464.56448,"DEFRA/DESNZ 2024 full set (advanced users) — sheet 'Material use', row 66 (group: Primary material production; activity/type: Metal / Metal: scrap metal)"
SCOPE_3,ref_material_use,metal_metal_scrap_metal_closed_loop_source_tonnes,STANDARD,UK,tonnes,1620.27606,"DEFRA/DESNZ 2024 full set (advanced users) — sheet 'Material use', row 66 (group: Closed-loop source; activity/type: Metal / Metal: scrap metal)"
SCOPE_3,ref_material_use,metal_metal_steel_cans_primary_material_production_tonnes,STANDARD,UK,tonnes,2854.91851,"DEFRA/DESNZ 2024 full set (advanced users) — sheet 'Material use', row 67 (group: Primary material production; activity/type: Metal / Metal: steel cans)"
SCOPE_3,ref_material_use,metal_metal_steel_cans_closed_loop_source_tonnes,STANDARD,UK,tonnes,1726.72731,"DEFRA/DESNZ 2024 full set (advanced users) — sheet 'Material use', row 67 (group: Closed-loop source; activity/type: Metal / Metal: steel cans)"
SCOPE_3,ref_material_use,plastic_plastics_average_plastics_primary_material_production_tonnes,STANDARD,UK,tonnes,3164.78049,"DEFRA/DESNZ 2024 full set (advanced users) — sheet 'Material use', row 72 (group: Primary material production; activity/type: Plastic / Plastics: average plastics)"
SCOPE_3,ref_material_use,plastic_plastics_average_plastics_closed_loop_source_tonnes,STANDARD,UK,tonnes,1566.38638,"DEFRA/DESNZ 2024 full set (advanced users) — sheet 'Material use', row 72 (group: Closed-loop source; activity/type: Plastic / Plastics: average plastics)"
SCOPE_3,ref_material_use,plastic_plastics_average_plastic_film_primary_material_production_tonnes,STANDARD,UK,tonnes,2910.46529,"DEFRA/DESNZ 2024 full set (advanced users) — sheet 'Material use', row 73 (group: Primary material production; activity/type: Plastic / Plastics: average plastic film)"
SCOPE_3,ref_material_use,plastic_plastics_average_plastic_film_closed_loop_source_tonnes,STANDARD,UK,tonnes,1094.58257,"DEFRA/DESNZ 2024 full set (advanced users) — sheet 'Material use', row 73 (group: Closed-loop source; activity/type: Plastic / Plastics: average plastic film)"
SCOPE_3,ref_material_use,plastic_plastics_average_plastic_rigid_primary_material_production_tonnes,STANDARD,UK,tonnes,3345.30837,"DEFRA/DESNZ 2024 full set (advanced users) — sheet 'Material use', row 74 (group: Primary material production; activity/type: Plastic / Plastics: average plastic rigid)"
SCOPE_3,ref_material_use,plastic_plastics_average_plastic_rigid_closed_loop_source_tonnes,STANDARD,UK,tonnes,1906.70384,"DEFRA/DESNZ 2024 full set (advanced users) — sheet 'Material use', row 74 (group: Closed-loop source; activity/type: Plastic / Plastics: average plastic rigid)"
SCOPE_3,ref_material_use,plastic_plastics_hdpe_incl_forming_primary_material_production_tonnes,STANDARD,UK,tonnes,3086.39038,"DEFRA/DESNZ 2024 full set (advanced users) — sheet 'Material use', row 75 (group: Primary material production; activity/type: Plastic / Plastics: HDPE (incl. forming))"
SCOPE_3,ref_material_use,plastic_plastics_hdpe_incl_forming_closed_loop_source_tonnes,STANDARD,UK,tonnes,1761.80819,"DEFRA/DESNZ 2024 full set (advanced users) — sheet 'Material use', row 75 (group: Closed-loop source; activity/type: Plastic / Plastics: HDPE (incl. forming))"
SCOPE_3,ref_material_use,plastic_plastics_ldpe_and_lldpe_incl_forming_primary_material_production_tonnes,STANDARD,UK,tonnes,2959.31834,"DEFRA/DESNZ 2024 full set (advanced users) — sheet 'Material use', row 76 (group: Primary material production; activity/type: Plastic / Plastics: LDPE and LLDPE (incl. forming))"
SCOPE_3,ref_material_use,plastic_plastics_ldpe_and_lldpe_incl_forming_closed_loop_source_tonnes,STANDARD,UK,tonnes,1088.91851,"DEFRA/DESNZ 2024 full set (advanced users) — sheet 'Material use', row 76 (group: Closed-loop source; activity/type: Plastic / Plastics: LDPE and LLDPE (incl. forming))"
SCOPE_3,ref_material_use,plastic_plastics_pet_incl_forming_primary_material_production_tonnes,STANDARD,UK,tonnes,3854.91851,"DEFRA/DESNZ 2024 full set (advanced users) — sheet 'Material use', row 77 (group: Primary material production; activity/type: Plastic / Plastics: PET (incl. forming))"
SCOPE_3,ref_material_use,plastic_plastics_pet_incl_forming_closed_loop_source_tonnes,STANDARD,UK,tonnes,2204.91851,"DEFRA/DESNZ 2024 full set (advanced users) — sheet 'Material use', row 77 (group: Closed-loop source; activity/type: Plastic / Plastics: PET (incl. forming))"
SCOPE_3,ref_material_use,plastic_plastics_pp_incl_forming_primary_material_production_tonnes,STANDARD,UK,tonnes,2568.58892,"DEFRA/DESNZ 2024 full set (advanced users) — sheet 'Material use', row 78 (group: Primary material production; activity/type: Plastic / Plastics: PP (incl. forming))"
SCOPE_3,ref_material_use,plastic_plastics_pp_incl_forming_closed_loop_source_tonnes,STANDARD,UK,tonnes,1303.58892,"DEFRA/DESNZ 2024 full set (advanced users) — sheet 'Material use', row 78 (group: Closed-loop source; activity/type: Plastic / Plastics: PP (incl. forming))"
SCOPE_3,ref_material_use,plastic_plastics_ps_incl_forming_primary_material_production_tonnes,STANDARD,UK,tonnes,4367.44048,"DEFRA/DESNZ 2024 full set (advanced users) — sheet 'Material use', row 79 (group: Primary material production; activity/type: Plastic / Plastics: PS (incl. forming))"
SCOPE_3,ref_material_use,plastic_plastics_ps_incl_forming_closed_loop_source_tonnes,STANDARD,UK,tonnes,2660.39912,"DEFRA/DESNZ 2024 full set (advanced users) — sheet 'Material use', row 79 (group: Closed-loop source; activity/type: Plastic / Plastics: PS (incl. forming))"
SCOPE_3,ref_material_use,plastic_plastics_pvc_incl_forming_primary_material_production_tonnes,STANDARD,UK,tonnes,2935.77335,"DEFRA/DESNZ 2024 full set (advanced users) — sheet 'Material use', row 80 (group: Primary material production; activity/type: Plastic / Plastics: PVC (incl. forming))"
SCOPE_3,ref_material_use,plastic_plastics_pvc_incl_forming_closed_loop_source_tonnes,STANDARD,UK,tonnes,1838.83987,"DEFRA/DESNZ 2024 full set (advanced users) — sheet 'Material use', row 80 (group: Closed-loop source; activity/type: Plastic / Plastics: PVC (incl. forming))"
SCOPE_3,ref_material_use,paper_paper_and_board_board_primary_material_production_tonnes,STANDARD,UK,tonnes,1193.96586,"DEFRA/DESNZ 2024 full set (advanced users) — sheet 'Material use', row 85 (group: Primary material production; activity/type: Paper / Paper and board: board)"
SCOPE_3,ref_material_use,paper_paper_and_board_board_closed_loop_source_tonnes,STANDARD,UK,tonnes,1092.35486,"DEFRA/DESNZ 2024 full set (advanced users) — sheet 'Material use', row 85 (group: Closed-loop source; activity/type: Paper / Paper and board: board)"
SCOPE_3,ref_material_use,paper_paper_and_board_mixed_primary_material_production_tonnes,STANDARD,UK,tonnes,1282.74402,"DEFRA/DESNZ 2024 full set (advanced users) — sheet 'Material use', row 86 (group: Primary material production; activity/type: Paper / Paper and board: mixed)"
SCOPE_3,ref_material_use,paper_paper_and_board_mixed_closed_loop_source_tonnes,STANDARD,UK,tonnes,1063.01519,"DEFRA/DESNZ 2024 full set (advanced users) — sheet 'Material use', row 86 (group: Closed-loop source; activity/type: Paper / Paper and board: mixed)"
SCOPE_3,ref_material_use,paper_paper_and_board_paper_primary_material_production_tonnes,STANDARD,UK,tonnes,1339.31834,"DEFRA/DESNZ 2024 full set (advanced users) — sheet 'Material use', row 87 (group: Primary material production; activity/type: Paper / Paper and board: paper)"
SCOPE_3,ref_material_use,paper_paper_and_board_paper_closed_loop_source_tonnes,STANDARD,UK,tonnes,1044.31834,"DEFRA/DESNZ 2024 full set (advanced users) — sheet 'Material use', row 87 (group: Closed-loop source; activity/type: Paper / Paper and board: paper)"
SCOPE_3,ref_waste_disposal,construction_aggregates_open_loop_tonnes,STANDARD,UK,tonnes,0.98485,"DEFRA/DESNZ 2024 full set (advanced users) — sheet 'Waste disposal', row 24 (group: Open-loop; activity/type: Construction / Aggregates)"
SCOPE_3,ref_waste_disposal,construction_aggregates_closed_loop_tonnes,STANDARD,UK,tonnes,0.98485,"DEFRA/DESNZ 2024 full set (advanced users) — sheet 'Waste disposal', row 24 (group: Closed-loop; activity/type: Construction / Aggregates)"
SCOPE_3,ref_waste_disposal,construction_aggregates_landfill_tonnes,STANDARD,UK,tonnes,1.23393,"DEFRA/DESNZ 2024 full set (advanced users) — sheet 'Waste disposal', row 24 (group: Landfill; activity/type: Construction / Aggregates)"
SCOPE_3,ref_waste_disposal,construction_average_construction_open_loop_tonnes,STANDARD,UK,tonnes,0.98485,"DEFRA/DESNZ 2024 full set (advanced users) — sheet 'Waste disposal', row 25 (group: Open-loop; activity/type: Construction / Average construction)"
SCOPE_3,ref_waste_disposal,construction_average_construction_closed_loop_tonnes,STANDARD,UK,tonnes,0.98485,"DEFRA/DESNZ 2024 full set (advanced users) — sheet 'Waste disposal', row 25 (group: Closed-loop; activity/type: Construction / Average construction)"
SCOPE_3,ref_waste_disposal,construction_average_construction_combustion_tonnes,STANDARD,UK,tonnes,6.41061,"DEFRA/DESNZ 2024 full set (advanced users) — sheet 'Waste disposal', row 25 (group: Combustion; activity/type: Construction / Average construction)"
SCOPE_3,ref_waste_disposal,construction_asbestos_landfill_tonnes,STANDARD,UK,tonnes,5.91325,"DEFRA/DESNZ 2024 full set (advanced users) — sheet 'Waste disposal', row 26 (group: Landfill; activity/type: Construction / Asbestos)"
SCOPE_3,ref_waste_disposal,construction_asphalt_open_loop_tonnes,STANDARD,UK,tonnes,0.98485,"DEFRA/DESNZ 2024 full set (advanced users) — sheet 'Waste disposal', row 27 (group: Open-loop; activity/type: Construction / Asphalt)"
SCOPE_3,ref_waste_disposal,construction_asphalt_closed_loop_tonnes,STANDARD,UK,tonnes,0.98485,"DEFRA/DESNZ 2024 full set (advanced users) — sheet 'Waste disposal', row 27 (group: Closed-loop; activity/type: Construction / Asphalt)"
SCOPE_3,ref_waste_disposal,construction_asphalt_landfill_tonnes,STANDARD,UK,tonnes,1.23393,"DEFRA/DESNZ 2024 full set (advanced users) — sheet 'Waste disposal', row 27 (group: Landfill; activity/type: Construction / Asphalt)"
SCOPE_3,ref_waste_disposal,construction_bricks_open_loop_tonnes,STANDARD,UK,tonnes,0.98485,"DEFRA/DESNZ 2024 full set (advanced users) — sheet 'Waste disposal', row 28 (group: Open-loop; activity/type: Construction / Bricks)"
SCOPE_3,ref_waste_disposal,construction_bricks_landfill_tonnes,STANDARD,UK,tonnes,1.23393,"DEFRA/DESNZ 2024 full set (advanced users) — sheet 'Waste disposal', row 28 (group: Landfill; activity/type: Construction / Bricks)"
SCOPE_3,ref_waste_disposal,construction_concrete_open_loop_tonnes,STANDARD,UK,tonnes,0.98485,"DEFRA/DESNZ 2024 full set (advanced users) — sheet 'Waste disposal', row 29 (group: Open-loop; activity/type: Construction / Concrete)"
SCOPE_3,ref_waste_disposal,construction_concrete_closed_loop_tonnes,STANDARD,UK,tonnes,0.98485,"DEFRA/DESNZ 2024 full set (advanced users) — sheet 'Waste disposal', row 29 (group: Closed-loop; activity/type: Construction / Concrete)"
SCOPE_3,ref_waste_disposal,construction_concrete_landfill_tonnes,STANDARD,UK,tonnes,1.23393,"DEFRA/DESNZ 2024 full set (advanced users) — sheet 'Waste disposal', row 29 (group: Landfill; activity/type: Construction / Concrete)"
SCOPE_3,ref_waste_disposal,construction_insulation_closed_loop_tonnes,STANDARD,UK,tonnes,0.98485,"DEFRA/DESNZ 2024 full set (advanced users) — sheet 'Waste disposal', row 30 (group: Closed-loop; activity/type: Construction / Insulation)"
SCOPE_3,ref_waste_disposal,construction_insulation_landfill_tonnes,STANDARD,UK,tonnes,1.23393,"DEFRA/DESNZ 2024 full set (advanced users) — sheet 'Waste disposal', row 30 (group: Landfill; activity/type: Construction / Insulation)"
SCOPE_3,ref_waste_disposal,construction_metals_closed_loop_tonnes,STANDARD,UK,tonnes,0.98485,"DEFRA/DESNZ 2024 full set (advanced users) — sheet 'Waste disposal', row 31 (group: Closed-loop; activity/type: Construction / Metals)"
SCOPE_3,ref_waste_disposal,construction_metals_landfill_tonnes,STANDARD,UK,tonnes,1.26435,"DEFRA/DESNZ 2024 full set (advanced users) — sheet 'Waste disposal', row 31 (group: Landfill; activity/type: Construction / Metals)"
SCOPE_3,ref_waste_disposal,construction_soils_closed_loop_tonnes,STANDARD,UK,tonnes,0.98485,"DEFRA/DESNZ 2024 full set (advanced users) — sheet 'Waste disposal', row 32 (group: Closed-loop; activity/type: Construction / Soils)"
SCOPE_3,ref_waste_disposal,construction_soils_landfill_tonnes,STANDARD,UK,tonnes,19.51726,"DEFRA/DESNZ 2024 full set (advanced users) — sheet 'Waste disposal', row 32 (group: Landfill; activity/type: Construction / Soils)"
SCOPE_3,ref_waste_disposal,construction_mineral_oil_closed_loop_tonnes,STANDARD,UK,tonnes,6.41061,"DEFRA/DESNZ 2024 full set (advanced users) — sheet 'Waste disposal', row 33 (group: Closed-loop; activity/type: Construction / Mineral oil)"
SCOPE_3,ref_waste_disposal,construction_mineral_oil_combustion_tonnes,STANDARD,UK,tonnes,6.41061,"DEFRA/DESNZ 2024 full set (advanced users) — sheet 'Waste disposal', row 33 (group: Combustion; activity/type: Construction / Mineral oil)"
SCOPE_3,ref_waste_disposal,construction_plasterboard_closed_loop_tonnes,STANDARD,UK,tonnes,6.41061,"DEFRA/DESNZ 2024 full set (advanced users) — sheet 'Waste disposal', row 34 (group: Closed-loop; activity/type: Construction / Plasterboard)"
SCOPE_3,ref_waste_disposal,construction_plasterboard_landfill_tonnes,STANDARD,UK,tonnes,71.95,"DEFRA/DESNZ 2024 full set (advanced users) — sheet 'Waste disposal', row 34 (group: Landfill; activity/type: Construction / Plasterboard)"
SCOPE_3,ref_waste_disposal,construction_tyres_closed_loop_tonnes,STANDARD,UK,tonnes,6.41061,"DEFRA/DESNZ 2024 full set (advanced users) — sheet 'Waste disposal', row 35 (group: Closed-loop; activity/type: Construction / Tyres)"
SCOPE_3,ref_waste_disposal,construction_wood_closed_loop_tonnes,STANDARD,UK,tonnes,6.41061,"DEFRA/DESNZ 2024 full set (advanced users) — sheet 'Waste disposal', row 36 (group: Closed-loop; activity/type: Construction / Wood)"
SCOPE_3,ref_waste_disposal,construction_wood_combustion_tonnes,STANDARD,UK,tonnes,6.41061,"DEFRA/DESNZ 2024 full set (advanced users) — sheet 'Waste disposal', row 36 (group: Combustion; activity/type: Construction / Wood)"
SCOPE_3,ref_waste_disposal,construction_wood_composting_tonnes,STANDARD,UK,tonnes,8.88386,"DEFRA/DESNZ 2024 full set (advanced users) — sheet 'Waste disposal', row 36 (group: Composting; activity/type: Construction / Wood)"
SCOPE_3,ref_waste_disposal,construction_wood_landfill_tonnes,STANDARD,UK,tonnes,925.24423,"DEFRA/DESNZ 2024 full set (advanced users) — sheet 'Waste disposal', row 36 (group: Landfill; activity/type: Construction / Wood)"
SCOPE_3,ref_waste_disposal,other_books_closed_loop_tonnes,STANDARD,UK,tonnes,6.41061,"DEFRA/DESNZ 2024 full set (advanced users) — sheet 'Waste disposal', row 41 (group: Closed-loop; activity/type: Other / Books)"
SCOPE_3,ref_waste_disposal,other_books_combustion_tonnes,STANDARD,UK,tonnes,6.41061,"DEFRA/DESNZ 2024 full set (advanced users) — sheet 'Waste disposal', row 41 (group: Combustion; activity/type: Other / Books)"
SCOPE_3,ref_waste_disposal,other_books_composting_tonnes,STANDARD,UK,tonnes,8.88386,"DEFRA/DESNZ 2024 full set (advanced users) — sheet 'Waste disposal', row 41 (group: Composting; activity/type: Other / Books)"
SCOPE_3,ref_waste_disposal,other_books_landfill_tonnes,STANDARD,UK,tonnes,1164.39015,"DEFRA/DESNZ 2024 full set (advanced users) — sheet 'Waste disposal', row 41 (group: Landfill; activity/type: Other / Books)"
SCOPE_3,ref_waste_disposal,other_glass_open_loop_tonnes,STANDARD,UK,tonnes,6.41061,"DEFRA/DESNZ 2024 full set (advanced users) — sheet 'Waste disposal', row 42 (group: Open-loop; activity/type: Other / Glass)"
SCOPE_3,ref_waste_disposal,other_glass_closed_loop_tonnes,STANDARD,UK,tonnes,6.41061,"DEFRA/DESNZ 2024 full set (advanced users) — sheet 'Waste disposal', row 42 (group: Closed-loop; activity/type: Other / Glass)"
SCOPE_3,ref_waste_disposal,other_glass_combustion_tonnes,STANDARD,UK,tonnes,6.41061,"DEFRA/DESNZ 2024 full set (advanced users) — sheet 'Waste disposal', row 42 (group: Combustion; activity/type: Other / Glass)"
SCOPE_3,ref_waste_disposal,other_glass_landfill_tonnes,STANDARD,UK,tonnes,8.88386,"DEFRA/DESNZ 2024 full set (advanced users) — sheet 'Waste disposal', row 42 (group: Landfill; activity/type: Other / Glass)"
SCOPE_3,ref_waste_disposal,other_clothing_closed_loop_tonnes,STANDARD,UK,tonnes,6.41061,"DEFRA/DESNZ 2024 full set (advanced users) — sheet 'Waste disposal', row 43 (group: Closed-loop; activity/type: Other / Clothing)"
SCOPE_3,ref_waste_disposal,other_clothing_combustion_tonnes,STANDARD,UK,tonnes,6.41061,"DEFRA/DESNZ 2024 full set (advanced users) — sheet 'Waste disposal', row 43 (group: Combustion; activity/type: Other / Clothing)"
SCOPE_3,ref_waste_disposal,other_clothing_landfill_tonnes,STANDARD,UK,tonnes,496.68303,"DEFRA/DESNZ 2024 full set (advanced users) — sheet 'Waste disposal', row 43 (group: Landfill; activity/type: Other / Clothing)"
SCOPE_3,ref_waste_disposal,refuse_household_residual_waste_combustion_tonnes,STANDARD,UK,tonnes,6.41061,"DEFRA/DESNZ 2024 full set (advanced users) — sheet 'Waste disposal', row 48 (group: Combustion; activity/type: Refuse / Household residual waste)"
SCOPE_3,ref_waste_disposal,refuse_household_residual_waste_landfill_tonnes,STANDARD,UK,tonnes,497.04416,"DEFRA/DESNZ 2024 full set (advanced users) — sheet 'Waste disposal', row 48 (group: Landfill; activity/type: Refuse / Household residual waste)"
SCOPE_3,ref_waste_disposal,refuse_organic_food_and_drink_waste_combustion_tonnes,STANDARD,UK,tonnes,6.41061,"DEFRA/DESNZ 2024 full set (advanced users) — sheet 'Waste disposal', row 49 (group: Combustion; activity/type: Refuse / Organic: food and drink waste)"
SCOPE_3,ref_waste_disposal,refuse_organic_food_and_drink_waste_composting_tonnes,STANDARD,UK,tonnes,8.88386,"DEFRA/DESNZ 2024 full set (advanced users) — sheet 'Waste disposal', row 49 (group: Composting; activity/type: Refuse / Organic: food and drink waste)"
SCOPE_3,ref_waste_disposal,refuse_organic_food_and_drink_waste_landfill_tonnes,STANDARD,UK,tonnes,700.20961,"DEFRA/DESNZ 2024 full set (advanced users) — sheet 'Waste disposal', row 49 (group: Landfill; activity/type: Refuse / Organic: food and drink waste)"
SCOPE_3,ref_waste_disposal,refuse_organic_food_and_drink_waste_anaerobic_digestion_tonnes,STANDARD,UK,tonnes,8.88386,"DEFRA/DESNZ 2024 full set (advanced users) — sheet 'Waste disposal', row 49 (group: Anaerobic digestion; activity/type: Refuse / Organic: food and drink waste)"
SCOPE_3,ref_waste_disposal,refuse_organic_garden_waste_combustion_tonnes,STANDARD,UK,tonnes,6.41061,"DEFRA/DESNZ 2024 full set (advanced users) — sheet 'Waste disposal', row 50 (group: Combustion; activity/type: Refuse / Organic: garden waste)"
SCOPE_3,ref_waste_disposal,refuse_organic_garden_waste_composting_tonnes,STANDARD,UK,tonnes,8.88386,"DEFRA/DESNZ 2024 full set (advanced users) — sheet 'Waste disposal', row 50 (group: Composting; activity/type: Refuse / Organic: garden waste)"
SCOPE_3,ref_waste_disposal,refuse_organic_garden_waste_landfill_tonnes,STANDARD,UK,tonnes,646.60632,"DEFRA/DESNZ 2024 full set (advanced users) — sheet 'Waste disposal', row 50 (group: Landfill; activity/type: Refuse / Organic: garden waste)"
SCOPE_3,ref_waste_disposal,refuse_organic_garden_waste_anaerobic_digestion_tonnes,STANDARD,UK,tonnes,8.88386,"DEFRA/DESNZ 2024 full set (advanced users) — sheet 'Waste disposal', row 50 (group: Anaerobic digestion; activity/type: Refuse / Organic: garden waste)"
SCOPE_3,ref_waste_disposal,refuse_organic_mixed_food_and_garden_waste_combustion_tonnes,STANDARD,UK,tonnes,6.41061,"DEFRA/DESNZ 2024 full set (advanced users) — sheet 'Waste disposal', row 51 (group: Combustion; activity/type: Refuse / Organic: mixed food and garden waste)"
SCOPE_3,ref_waste_disposal,refuse_organic_mixed_food_and_garden_waste_composting_tonnes,STANDARD,UK,tonnes,8.88386,"DEFRA/DESNZ 2024 full set (advanced users) — sheet 'Waste disposal', row 51 (group: Composting; activity/type: Refuse / Organic: mixed food and garden waste)"
SCOPE_3,ref_waste_disposal,refuse_organic_mixed_food_and_garden_waste_landfill_tonnes,STANDARD,UK,tonnes,655.9869,"DEFRA/DESNZ 2024 full set (advanced users) — sheet 'Waste disposal', row 51 (group: Landfill; activity/type: Refuse / Organic: mixed food and garden waste)"
SCOPE_3,ref_waste_disposal,refuse_organic_mixed_food_and_garden_waste_anaerobic_digestion_tonnes,STANDARD,UK,tonnes,8.88386,"DEFRA/DESNZ 2024 full set (advanced users) — sheet 'Waste disposal', row 51 (group: Anaerobic digestion; activity/type: Refuse / Organic: mixed food and garden waste)"
SCOPE_3,ref_waste_disposal,refuse_commercial_and_industrial_waste_combustion_tonnes,STANDARD,UK,tonnes,6.41061,"DEFRA/DESNZ 2024 full set (advanced users) — sheet 'Waste disposal', row 52 (group: Combustion; activity/type: Refuse / Commercial and industrial waste)"
SCOPE_3,ref_waste_disposal,refuse_commercial_and_industrial_waste_landfill_tonnes,STANDARD,UK,tonnes,520.3342,"DEFRA/DESNZ 2024 full set (advanced users) — sheet 'Waste disposal', row 52 (group: Landfill; activity/type: Refuse / Commercial and industrial waste)"
SCOPE_3,ref_waste_disposal,electrical_items_weee_fridges_and_freezers_open_loop_tonnes,STANDARD,UK,tonnes,6.41061,"DEFRA/DESNZ 2024 full set (advanced users) — sheet 'Waste disposal', row 57 (group: Open-loop; activity/type: Electrical items / WEEE - fridges and freezers)"
SCOPE_3,ref_waste_disposal,electrical_items_weee_fridges_and_freezers_landfill_tonnes,STANDARD,UK,tonnes,8.88386,"DEFRA/DESNZ 2024 full set (advanced users) — sheet 'Waste disposal', row 57 (group: Landfill; activity/type: Electrical items / WEEE - fridges and freezers)"
SCOPE_3,ref_waste_disposal,electrical_items_weee_large_open_loop_tonnes,STANDARD,UK,tonnes,6.41061,"DEFRA/DESNZ 2024 full set (advanced users) — sheet 'Waste disposal', row 58 (group: Open-loop; activity/type: Electrical items / WEEE - large)"
SCOPE_3,ref_waste_disposal,electrical_items_weee_large_combustion_tonnes,STANDARD,UK,tonnes,6.41061,"DEFRA/DESNZ 2024 full set (advanced users) — sheet 'Waste disposal', row 58 (group: Combustion; activity/type: Electrical items / WEEE - large)"
SCOPE_3,ref_waste_disposal,electrical_items_weee_large_landfill_tonnes,STANDARD,UK,tonnes,8.88386,"DEFRA/DESNZ 2024 full set (advanced users) — sheet 'Waste disposal', row 58 (group: Landfill; activity/type: Electrical items / WEEE - large)"
SCOPE_3,ref_waste_disposal,electrical_items_weee_mixed_open_loop_tonnes,STANDARD,UK,tonnes,6.41061,"DEFRA/DESNZ 2024 full set (advanced users) — sheet 'Waste disposal', row 59 (group: Open-loop; activity/type: Electrical items / WEEE - mixed)"
SCOPE_3,ref_waste_disposal,electrical_items_weee_mixed_combustion_tonnes,STANDARD,UK,tonnes,6.41061,"DEFRA/DESNZ 2024 full set (advanced users) — sheet 'Waste disposal', row 59 (group: Combustion; activity/type: Electrical items / WEEE - mixed)"
SCOPE_3,ref_waste_disposal,electrical_items_weee_mixed_landfill_tonnes,STANDARD,UK,tonnes,8.88386,"DEFRA/DESNZ 2024 full set (advanced users) — sheet 'Waste disposal', row 59 (group: Landfill; activity/type: Electrical items / WEEE - mixed)"
SCOPE_3,ref_waste_disposal,electrical_items_weee_small_open_loop_tonnes,STANDARD,UK,tonnes,6.41061,"DEFRA/DESNZ 2024 full set (advanced users) — sheet 'Waste disposal', row 60 (group: Open-loop; activity/type: Electrical items / WEEE - small)"
SCOPE_3,ref_waste_disposal,electrical_items_weee_small_combustion_tonnes,STANDARD,UK,tonnes,6.41061,"DEFRA/DESNZ 2024 full set (advanced users) — sheet 'Waste disposal', row 60 (group: Combustion; activity/type: Electrical items / WEEE - small)"
SCOPE_3,ref_waste_disposal,electrical_items_weee_small_landfill_tonnes,STANDARD,UK,tonnes,8.88386,"DEFRA/DESNZ 2024 full set (advanced users) — sheet 'Waste disposal', row 60 (group: Landfill; activity/type: Electrical items / WEEE - small)"
SCOPE_3,ref_waste_disposal,electrical_items_batteries_open_loop_tonnes,STANDARD,UK,tonnes,6.41061,"DEFRA/DESNZ 2024 full set (advanced users) — sheet 'Waste disposal', row 61 (group: Open-loop; activity/type: Electrical items / Batteries)"
SCOPE_3,ref_waste_disposal,electrical_items_batteries_landfill_tonnes,STANDARD,UK,tonnes,8.88386,"DEFRA/DESNZ 2024 full set (advanced users) — sheet 'Waste disposal', row 61 (group: Landfill; activity/type: Electrical items / Batteries)"
SCOPE_3,ref_waste_disposal,metal_metal_aluminium_cans_and_foil_excl_forming_open_loop_tonnes,STANDARD,UK,tonnes,6.41061,"DEFRA/DESNZ 2024 full set (advanced users) — sheet 'Waste disposal', row 66 (group: Open-loop; activity/type: Metal / Metal: aluminium cans and foil (excl. forming))"
SCOPE_3,ref_waste_disposal,metal_metal_aluminium_cans_and_foil_excl_forming_closed_loop_tonnes,STANDARD,UK,tonnes,6.41061,"DEFRA/DESNZ 2024 full set (advanced users) — sheet 'Waste disposal', row 66 (group: Closed-loop; activity/type: Metal / Metal: aluminium cans and foil (excl. forming))"
SCOPE_3,ref_waste_disposal,metal_metal_aluminium_cans_and_foil_excl_forming_combustion_tonnes,STANDARD,UK,tonnes,6.41061,"DEFRA/DESNZ 2024 full set (advanced users) — sheet 'Waste disposal', row 66 (group: Combustion; activity/type: Metal / Metal: aluminium cans and foil (excl. forming))"
SCOPE_3,ref_waste_disposal,metal_metal_aluminium_cans_and_foil_excl_forming_landfill_tonnes,STANDARD,UK,tonnes,8.88386,"DEFRA/DESNZ 2024 full set (advanced users) — sheet 'Waste disposal', row 66 (group: Landfill; activity/type: Metal / Metal: aluminium cans and foil (excl. forming))"
SCOPE_3,ref_waste_disposal,metal_metal_mixed_cans_open_loop_tonnes,STANDARD,UK,tonnes,6.41061,"DEFRA/DESNZ 2024 full set (advanced users) — sheet 'Waste disposal', row 67 (group: Open-loop; activity/type: Metal / Metal: mixed cans)"
SCOPE_3,ref_waste_disposal,metal_metal_mixed_cans_closed_loop_tonnes,STANDARD,UK,tonnes,6.41061,"DEFRA/DESNZ 2024 full set (advanced users) — sheet 'Waste disposal', row 67 (group: Closed-loop; activity/type: Metal / Metal: mixed cans)"
SCOPE_3,ref_waste_disposal,metal_metal_mixed_cans_combustion_tonnes,STANDARD,UK,tonnes,6.41061,"DEFRA/DESNZ 2024 full set (advanced users) — sheet 'Waste disposal', row 67 (group: Combustion; activity/type: Metal / Metal: mixed cans)"
SCOPE_3,ref_waste_disposal,metal_metal_mixed_cans_landfill_tonnes,STANDARD,UK,tonnes,8.88386,"DEFRA/DESNZ 2024 full set (advanced users) — sheet 'Waste disposal', row 67 (group: Landfill; activity/type: Metal / Metal: mixed cans)"
SCOPE_3,ref_waste_disposal,metal_metal_scrap_metal_open_loop_tonnes,STANDARD,UK,tonnes,6.41061,"DEFRA/DESNZ 2024 full set (advanced users) — sheet 'Waste disposal', row 68 (group: Open-loop; activity/type: Metal / Metal: scrap metal)"
SCOPE_3,ref_waste_disposal,metal_metal_scrap_metal_closed_loop_tonnes,STANDARD,UK,tonnes,6.41061,"DEFRA/DESNZ 2024 full set (advanced users) — sheet 'Waste disposal', row 68 (group: Closed-loop; activity/type: Metal / Metal: scrap metal)"
SCOPE_3,ref_waste_disposal,metal_metal_scrap_metal_combustion_tonnes,STANDARD,UK,tonnes,6.41061,"DEFRA/DESNZ 2024 full set (advanced users) — sheet 'Waste disposal', row 68 (group: Combustion; activity/type: Metal / Metal: scrap metal)"
SCOPE_3,ref_waste_disposal,metal_metal_scrap_metal_landfill_tonnes,STANDARD,UK,tonnes,8.88386,"DEFRA/DESNZ 2024 full set (advanced users) — sheet 'Waste disposal', row 68 (group: Landfill; activity/type: Metal / Metal: scrap metal)"
SCOPE_3,ref_waste_disposal,metal_metal_steel_cans_open_loop_tonnes,STANDARD,UK,tonnes,6.41061,"DEFRA/DESNZ 2024 full set (advanced users) — sheet 'Waste disposal', row 69 (group: Open-loop; activity/type: Metal / Metal: steel cans)"
SCOPE_3,ref_waste_disposal,metal_metal_steel_cans_closed_loop_tonnes,STANDARD,UK,tonnes,6.41061,"DEFRA/DESNZ 2024 full set (advanced users) — sheet 'Waste disposal', row 69 (group: Closed-loop; activity/type: Metal / Metal: steel cans)"
SCOPE_3,ref_waste_disposal,metal_metal_steel_cans_combustion_tonnes,STANDARD,UK,tonnes,6.41061,"DEFRA/DESNZ 2024 full set (advanced users) — sheet 'Waste disposal', row 69 (group: Combustion; activity/type: Metal / Metal: steel cans)"
SCOPE_3,ref_waste_disposal,metal_metal_steel_cans_landfill_tonnes,STANDARD,UK,tonnes,8.88386,"DEFRA/DESNZ 2024 full set (advanced users) — sheet 'Waste disposal', row 69 (group: Landfill; activity/type: Metal / Metal: steel cans)"
SCOPE_3,ref_waste_disposal,plastic_plastics_average_plastics_open_loop_tonnes,STANDARD,UK,tonnes,6.41061,"DEFRA/DESNZ 2024 full set (advanced users) — sheet 'Waste disposal', row 74 (group: Open-loop; activity/type: Plastic / Plastics: average plastics)"
SCOPE_3,ref_waste_disposal,plastic_plastics_average_plastics_closed_loop_tonnes,STANDARD,UK,tonnes,6.41061,"DEFRA/DESNZ 2024 full set (advanced users) — sheet 'Waste disposal', row 74 (group: Closed-loop; activity/type: Plastic / Plastics: average plastics)"
SCOPE_3,ref_waste_disposal,plastic_plastics_average_plastics_combustion_tonnes,STANDARD,UK,tonnes,6.41061,"DEFRA/DESNZ 2024 full set (advanced users) — sheet 'Waste disposal', row 74 (group: Combustion; activity/type: Plastic / Plastics: average plastics)"
SCOPE_3,ref_waste_disposal,plastic_plastics_average_plastics_landfill_tonnes,STANDARD,UK,tonnes,8.88386,"DEFRA/DESNZ 2024 full set (advanced users) — sheet 'Waste disposal', row 74 (group: Landfill; activity/type: Plastic / Plastics: average plastics)"
SCOPE_3,ref_waste_disposal,plastic_plastics_average_plastic_film_open_loop_tonnes,STANDARD,UK,tonnes,6.41061,"DEFRA/DESNZ 2024 full set (advanced users) — sheet 'Waste disposal', row 75 (group: Open-loop; activity/type: Plastic / Plastics: average plastic film)"
SCOPE_3,ref_waste_disposal,plastic_plastics_average_plastic_film_closed_loop_tonnes,STANDARD,UK,tonnes,6.41061,"DEFRA/DESNZ 2024 full set (advanced users) — sheet 'Waste disposal', row 75 (group: Closed-loop; activity/type: Plastic / Plastics: average plastic film)"
SCOPE_3,ref_waste_disposal,plastic_plastics_average_plastic_film_combustion_tonnes,STANDARD,UK,tonnes,6.41061,"DEFRA/DESNZ 2024 full set (advanced users) — sheet 'Waste disposal', row 75 (group: Combustion; activity/type: Plastic / Plastics: average plastic film)"
SCOPE_3,ref_waste_disposal,plastic_plastics_average_plastic_film_landfill_tonnes,STANDARD,UK,tonnes,8.88386,"DEFRA/DESNZ 2024 full set (advanced users) — sheet 'Waste disposal', row 75 (group: Landfill; activity/type: Plastic / Plastics: average plastic film)"
SCOPE_3,ref_waste_disposal,plastic_plastics_average_plastic_rigid_open_loop_tonnes,STANDARD,UK,tonnes,6.41061,"DEFRA/DESNZ 2024 full set (advanced users) — sheet 'Waste disposal', row 76 (group: Open-loop; activity/type: Plastic / Plastics: average plastic rigid)"
SCOPE_3,ref_waste_disposal,plastic_plastics_average_plastic_rigid_closed_loop_tonnes,STANDARD,UK,tonnes,6.41061,"DEFRA/DESNZ 2024 full set (advanced users) — sheet 'Waste disposal', row 76 (group: Closed-loop; activity/type: Plastic / Plastics: average plastic rigid)"
SCOPE_3,ref_waste_disposal,plastic_plastics_average_plastic_rigid_combustion_tonnes,STANDARD,UK,tonnes,6.41061,"DEFRA/DESNZ 2024 full set (advanced users) — sheet 'Waste disposal', row 76 (group: Combustion; activity/type: Plastic / Plastics: average plastic rigid)"
SCOPE_3,ref_waste_disposal,plastic_plastics_average_plastic_rigid_landfill_tonnes,STANDARD,UK,tonnes,8.88386,"DEFRA/DESNZ 2024 full set (advanced users) — sheet 'Waste disposal', row 76 (group: Landfill; activity/type: Plastic / Plastics: average plastic rigid)"
SCOPE_3,ref_waste_disposal,plastic_plastics_hdpe_incl_forming_open_loop_tonnes,STANDARD,UK,tonnes,6.41061,"DEFRA/DESNZ 2024 full set (advanced users) — sheet 'Waste disposal', row 77 (group: Open-loop; activity/type: Plastic / Plastics: HDPE (incl. forming))"
SCOPE_3,ref_waste_disposal,plastic_plastics_hdpe_incl_forming_closed_loop_tonnes,STANDARD,UK,tonnes,6.41061,"DEFRA/DESNZ 2024 full set (advanced users) — sheet 'Waste disposal', row 77 (group: Closed-loop; activity/type: Plastic / Plastics: HDPE (incl. forming))"
SCOPE_3,ref_waste_disposal,plastic_plastics_hdpe_incl_forming_combustion_tonnes,STANDARD,UK,tonnes,6.41061,"DEFRA/DESNZ 2024 full set (advanced users) — sheet 'Waste disposal', row 77 (group: Combustion; activity/type: Plastic / Plastics: HDPE (incl. forming))"
SCOPE_3,ref_waste_disposal,plastic_plastics_hdpe_incl_forming_landfill_tonnes,STANDARD,UK,tonnes,8.88386,"DEFRA/DESNZ 2024 full set (advanced users) — sheet 'Waste disposal', row 77 (group: Landfill; activity/type: Plastic / Plastics: HDPE (incl. forming))"
SCOPE_3,ref_waste_disposal,plastic_plastics_ldpe_and_lldpe_incl_forming_open_loop_tonnes,STANDARD,UK,tonnes,6.41061,"DEFRA/DESNZ 2024 full set (advanced users) — sheet 'Waste disposal', row 78 (group: Open-loop; activity/type: Plastic / Plastics: LDPE and LLDPE (incl. forming))"
SCOPE_3,ref_waste_disposal,plastic_plastics_ldpe_and_lldpe_incl_forming_closed_loop_tonnes,STANDARD,UK,tonnes,6.41061,"DEFRA/DESNZ 2024 full set (advanced users) — sheet 'Waste disposal', row 78 (group: Closed-loop; activity/type: Plastic / Plastics: LDPE and LLDPE (incl. forming))"
SCOPE_3,ref_waste_disposal,plastic_plastics_ldpe_and_lldpe_incl_forming_combustion_tonnes,STANDARD,UK,tonnes,6.41061,"DEFRA/DESNZ 2024 full set (advanced users) — sheet 'Waste disposal', row 78 (group: Combustion; activity/type: Plastic / Plastics: LDPE and LLDPE (incl. forming))"
SCOPE_3,ref_waste_disposal,plastic_plastics_ldpe_and_lldpe_incl_forming_landfill_tonnes,STANDARD,UK,tonnes,8.88386,"DEFRA/DESNZ 2024 full set (advanced users) — sheet 'Waste disposal', row 78 (group: Landfill; activity/type: Plastic / Plastics: LDPE and LLDPE (incl. forming))"
SCOPE_3,ref_waste_disposal,plastic_plastics_pet_incl_forming_open_loop_tonnes,STANDARD,UK,tonnes,6.41061,"DEFRA/DESNZ 2024 full set (advanced users) — sheet 'Waste disposal', row 79 (group: Open-loop; activity/type: Plastic / Plastics: PET (incl. forming))"
SCOPE_3,ref_waste_disposal,plastic_plastics_pet_incl_forming_closed_loop_tonnes,STANDARD,UK,tonnes,6.41061,"DEFRA/DESNZ 2024 full set (advanced users) — sheet 'Waste disposal', row 79 (group: Closed-loop; activity/type: Plastic / Plastics: PET (incl. forming))"
SCOPE_3,ref_waste_disposal,plastic_plastics_pet_incl_forming_combustion_tonnes,STANDARD,UK,tonnes,6.41061,"DEFRA/DESNZ 2024 full set (advanced users) — sheet 'Waste disposal', row 79 (group: Combustion; activity/type: Plastic / Plastics: PET (incl. forming))"
SCOPE_3,ref_waste_disposal,plastic_plastics_pet_incl_forming_landfill_tonnes,STANDARD,UK,tonnes,8.88386,"DEFRA/DESNZ 2024 full set (advanced users) — sheet 'Waste disposal', row 79 (group: Landfill; activity/type: Plastic / Plastics: PET (incl. forming))"
SCOPE_3,ref_waste_disposal,plastic_plastics_pp_incl_forming_open_loop_tonnes,STANDARD,UK,tonnes,6.41061,"DEFRA/DESNZ 2024 full set (advanced users) — sheet 'Waste disposal', row 80 (group: Open-loop; activity/type: Plastic / Plastics: PP (incl. forming))"
SCOPE_3,ref_waste_disposal,plastic_plastics_pp_incl_forming_closed_loop_tonnes,STANDARD,UK,tonnes,6.41061,"DEFRA/DESNZ 2024 full set (advanced users) — sheet 'Waste disposal', row 80 (group: Closed-loop; activity/type: Plastic / Plastics: PP (incl. forming))"
SCOPE_3,ref_waste_disposal,plastic_plastics_pp_incl_forming_combustion_tonnes,STANDARD,UK,tonnes,6.41061,"DEFRA/DESNZ 2024 full set (advanced users) — sheet 'Waste disposal', row 80 (group: Combustion; activity/type: Plastic / Plastics: PP (incl. forming))"
SCOPE_3,ref_waste_disposal,plastic_plastics_pp_incl_forming_landfill_tonnes,STANDARD,UK,tonnes,8.88386,"DEFRA/DESNZ 2024 full set (advanced users) — sheet 'Waste disposal', row 80 (group: Landfill; activity/type: Plastic / Plastics: PP (incl. forming))"
SCOPE_3,ref_waste_disposal,plastic_plastics_ps_incl_forming_open_loop_tonnes,STANDARD,UK,tonnes,6.41061,"DEFRA/DESNZ 2024 full set (advanced users) — sheet 'Waste disposal', row 81 (group: Open-loop; activity/type: Plastic / Plastics: PS (incl. forming))"
SCOPE_3,ref_waste_disposal,plastic_plastics_ps_incl_forming_closed_loop_tonnes,STANDARD,UK,tonnes,6.41061,"DEFRA/DESNZ 2024 full set (advanced users) — sheet 'Waste disposal', row 81 (group: Closed-loop; activity/type: Plastic / Plastics: PS (incl. forming))"
SCOPE_3,ref_waste_disposal,plastic_plastics_ps_incl_forming_combustion_tonnes,STANDARD,UK,tonnes,6.41061,"DEFRA/DESNZ 2024 full set (advanced users) — sheet 'Waste disposal', row 81 (group: Combustion; activity/type: Plastic / Plastics: PS (incl. forming))"
SCOPE_3,ref_waste_disposal,plastic_plastics_ps_incl_forming_landfill_tonnes,STANDARD,UK,tonnes,8.88386,"DEFRA/DESNZ 2024 full set (advanced users) — sheet 'Waste disposal', row 81 (group: Landfill; activity/type: Plastic / Plastics: PS (incl. forming))"
SCOPE_3,ref_waste_disposal,plastic_plastics_pvc_incl_forming_open_loop_tonnes,STANDARD,UK,tonnes,6.41061,"DEFRA/DESNZ 2024 full set (advanced users) — sheet 'Waste disposal', row 82 (group: Open-loop; activity/type: Plastic / Plastics: PVC (incl. forming))"
SCOPE_3,ref_waste_disposal,plastic_plastics_pvc_incl_forming_closed_loop_tonnes,STANDARD,UK,tonnes,6.41061,"DEFRA/DESNZ 2024 full set (advanced users) — sheet 'Waste disposal', row 82 (group: Closed-loop; activity/type: Plastic / Plastics: PVC (incl. forming))"
SCOPE_3,ref_waste_disposal,plastic_plastics_pvc_incl_forming_combustion_tonnes,STANDARD,UK,tonnes,6.41061,"DEFRA/DESNZ 2024 full set (advanced users) — sheet 'Waste disposal', row 82 (group: Combustion; activity/type: Plastic / Plastics: PVC (incl. forming))"
SCOPE_3,ref_waste_disposal,plastic_plastics_pvc_incl_forming_landfill_tonnes,STANDARD,UK,tonnes,8.88386,"DEFRA/DESNZ 2024 full set (advanced users) — sheet 'Waste disposal', row 82 (group: Landfill; activity/type: Plastic / Plastics: PVC (incl. forming))"
SCOPE_3,ref_waste_disposal,paper_paper_and_board_board_closed_loop_tonnes,STANDARD,UK,tonnes,6.41061,"DEFRA/DESNZ 2024 full set (advanced users) — sheet 'Waste disposal', row 87 (group: Closed-loop; activity/type: Paper / Paper and board: board)"
SCOPE_3,ref_waste_disposal,paper_paper_and_board_board_combustion_tonnes,STANDARD,UK,tonnes,6.41061,"DEFRA/DESNZ 2024 full set (advanced users) — sheet 'Waste disposal', row 87 (group: Combustion; activity/type: Paper / Paper and board: board)"
SCOPE_3,ref_waste_disposal,paper_paper_and_board_board_composting_tonnes,STANDARD,UK,tonnes,8.88386,"DEFRA/DESNZ 2024 full set (advanced users) — sheet 'Waste disposal', row 87 (group: Composting; activity/type: Paper / Paper and board: board)"
SCOPE_3,ref_waste_disposal,paper_paper_and_board_board_landfill_tonnes,STANDARD,UK,tonnes,1164.39015,"DEFRA/DESNZ 2024 full set (advanced users) — sheet 'Waste disposal', row 87 (group: Landfill; activity/type: Paper / Paper and board: board)"
SCOPE_3,ref_waste_disposal,paper_paper_and_board_mixed_closed_loop_tonnes,STANDARD,UK,tonnes,6.41061,"DEFRA/DESNZ 2024 full set (advanced users) — sheet 'Waste disposal', row 88 (group: Closed-loop; activity/type: Paper / Paper and board: mixed)"
SCOPE_3,ref_waste_disposal,paper_paper_and_board_mixed_combustion_tonnes,STANDARD,UK,tonnes,6.41061,"DEFRA/DESNZ 2024 full set (advanced users) — sheet 'Waste disposal', row 88 (group: Combustion; activity/type: Paper / Paper and board: mixed)"
SCOPE_3,ref_waste_disposal,paper_paper_and_board_mixed_composting_tonnes,STANDARD,UK,tonnes,8.88386,"DEFRA/DESNZ 2024 full set (advanced users) — sheet 'Waste disposal', row 88 (group: Composting; activity/type: Paper / Paper and board: mixed)"
SCOPE_3,ref_waste_disposal,paper_paper_and_board_mixed_landfill_tonnes,STANDARD,UK,tonnes,1164.39015,"DEFRA/DESNZ 2024 full set (advanced users) — sheet 'Waste disposal', row 88 (group: Landfill; activity/type: Paper / Paper and board: mixed)"
SCOPE_3,ref_waste_disposal,paper_paper_and_board_paper_closed_loop_tonnes,STANDARD,UK,tonnes,6.41061,"DEFRA/DESNZ 2024 full set (advanced users) — sheet 'Waste disposal', row 89 (group: Closed-loop; activity/type: Paper / Paper and board: paper)"
SCOPE_3,ref_waste_disposal,paper_paper_and_board_paper_combustion_tonnes,STANDARD,UK,tonnes,6.41061,"DEFRA/DESNZ 2024 full set (advanced users) — sheet 'Waste disposal', row 89 (group: Combustion; activity/type: Paper / Paper and board: paper)"
SCOPE_3,ref_waste_disposal,paper_paper_and_board_paper_composting_tonnes,STANDARD,UK,tonnes,8.88386,"DEFRA/DESNZ 2024 full set (advanced users) — sheet 'Waste disposal', row 89 (group: Composting; activity/type: Paper / Paper and board: paper)"
SCOPE_3,ref_waste_disposal,paper_paper_and_board_paper_landfill_tonnes,STANDARD,UK,tonnes,1164.39015,"DEFRA/DESNZ 2024 full set (advanced users) — sheet 'Waste disposal', row 89 (group: Landfill; activity/type: Paper / Paper and board: paper)"
SCOPE_3,ref_business_travel_air,flights_domestic_to_from_uk_average_passenger_with_rf_passenger_km,STANDARD,UK,passenger.km,0.27257,"DEFRA/DESNZ 2024 full set (advanced users) — sheet 'Business travel- air', row 23 (group: With RF; activity/type: Flights / Domestic, to/from UK / Average passenger)"
SCOPE_3,ref_business_travel_air,flights_domestic_to_from_uk_average_passenger_without_rf_passenger_km,STANDARD,UK,passenger.km,0.16098,"DEFRA/DESNZ 2024 full set (advanced users) — sheet 'Business travel- air', row 23 (group: Without RF; activity/type: Flights / Domestic, to/from UK / Average passenger)"
SCOPE_3,ref_business_travel_air,flights_short_haul_to_from_uk_average_passenger_with_rf_passenger_km,STANDARD,UK,passenger.km,0.18592,"DEFRA/DESNZ 2024 full set (advanced users) — sheet 'Business travel- air', row 24 (group: With RF; activity/type: Flights / Short-haul, to/from UK / Average passenger)"
SCOPE_3,ref_business_travel_air,flights_short_haul_to_from_uk_average_passenger_without_rf_passenger_km,STANDARD,UK,passenger.km,0.10974,"DEFRA/DESNZ 2024 full set (advanced users) — sheet 'Business travel- air', row 24 (group: Without RF; activity/type: Flights / Short-haul, to/from UK / Average passenger)"
SCOPE_3,ref_business_travel_air,flights_short_haul_to_from_uk_economy_class_with_rf_passenger_km,STANDARD,UK,passenger.km,0.18287,"DEFRA/DESNZ 2024 full set (advanced users) — sheet 'Business travel- air', row 25 (group: With RF; activity/type: Flights / Short-haul, to/from UK / Economy class)"
SCOPE_3,ref_business_travel_air,flights_short_haul_to_from_uk_economy_class_without_rf_passenger_km,STANDARD,UK,passenger.km,0.10794,"DEFRA/DESNZ 2024 full set (advanced users) — sheet 'Business travel- air', row 25 (group: Without RF; activity/type: Flights / Short-haul, to/from UK / Economy class)"
SCOPE_3,ref_business_travel_air,flights_short_haul_to_from_uk_business_class_with_rf_passenger_km,STANDARD,UK,passenger.km,0.2743,"DEFRA/DESNZ 2024 full set (advanced users) — sheet 'Business travel- air', row 26 (group: With RF; activity/type: Flights / Short-haul, to/from UK / Business class)"
SCOPE_3,ref_business_travel_air,flights_short_haul_to_from_uk_business_class_without_rf_passenger_km,STANDARD,UK,passenger.km,0.16191,"DEFRA/DESNZ 2024 full set (advanced users) — sheet 'Business travel- air', row 26 (group: Without RF; activity/type: Flights / Short-haul, to/from UK / Business class)"
SCOPE_3,ref_business_travel_air,flights_long_haul_to_from_uk_average_passenger_with_rf_passenger_km,STANDARD,UK,passenger.km,0.26128,"DEFRA/DESNZ 2024 full set (advanced users) — sheet 'Business travel- air', row 27 (group: With RF; activity/type: Flights / Long-haul, to/from UK / Average passenger)"
SCOPE_3,ref_business_travel_air,flights_long_haul_to_from_uk_average_passenger_without_rf_passenger_km,STANDARD,UK,passenger.km,0.15423,"DEFRA/DESNZ 2024 full set (advanced users) — sheet 'Business travel- air', row 27 (group: Without RF; activity/type: Flights / Long-haul, to/from UK / Average passenger)"
SCOPE_3,ref_business_travel_air,flights_long_haul_to_from_uk_economy_class_with_rf_passenger_km,STANDARD,UK,passenger.km,0.20011,"DEFRA/DESNZ 2024 full set (advanced users) — sheet 'Business travel- air', row 28 (group: With RF; activity/type: Flights / Long-haul, to/from UK / Economy class)"
SCOPE_3,ref_business_travel_air,flights_long_haul_to_from_uk_economy_class_without_rf_passenger_km,STANDARD,UK,passenger.km,0.11812,"DEFRA/DESNZ 2024 full set (advanced users) — sheet 'Business travel- air', row 28 (group: Without RF; activity/type: Flights / Long-haul, to/from UK / Economy class)"
SCOPE_3,ref_business_travel_air,flights_long_haul_to_from_uk_premium_economy_class_with_rf_passenger_km,STANDARD,UK,passenger.km,0.32015,"DEFRA/DESNZ 2024 full set (advanced users) — sheet 'Business travel- air', row 29 (group: With RF; activity/type: Flights / Long-haul, to/from UK / Premium economy class)"
SCOPE_3,ref_business_travel_air,flights_long_haul_to_from_uk_premium_economy_class_without_rf_passenger_km,STANDARD,UK,passenger.km,0.18897,"DEFRA/DESNZ 2024 full set (advanced users) — sheet 'Business travel- air', row 29 (group: Without RF; activity/type: Flights / Long-haul, to/from UK / Premium economy class)"
SCOPE_3,ref_business_travel_air,flights_long_haul_to_from_uk_business_class_with_rf_passenger_km,STANDARD,UK,passenger.km,0.58028,"DEFRA/DESNZ 2024 full set (advanced users) — sheet 'Business travel- air', row 30 (group: With RF; activity/type: Flights / Long-haul, to/from UK / Business class)"
SCOPE_3,ref_business_travel_air,flights_long_haul_to_from_uk_business_class_without_rf_passenger_km,STANDARD,UK,passenger.km,0.34252,"DEFRA/DESNZ 2024 full set (advanced users) — sheet 'Business travel- air', row 30 (group: Without RF; activity/type: Flights / Long-haul, to/from UK / Business class)"
SCOPE_3,ref_business_travel_air,flights_long_haul_to_from_uk_first_class_with_rf_passenger_km,STANDARD,UK,passenger.km,0.8004,"DEFRA/DESNZ 2024 full set (advanced users) — sheet 'Business travel- air', row 31 (group: With RF; activity/type: Flights / Long-haul, to/from UK / First class)"
SCOPE_3,ref_business_travel_air,flights_long_haul_to_from_uk_first_class_without_rf_passenger_km,STANDARD,UK,passenger.km,0.47246,"DEFRA/DESNZ 2024 full set (advanced users) — sheet 'Business travel- air', row 31 (group: Without RF; activity/type: Flights / Long-haul, to/from UK / First class)"
SCOPE_3,ref_business_travel_air,flights_international_to_from_non_uk_average_passenger_with_rf_passenger_km,STANDARD,UK,passenger.km,0.1758,"DEFRA/DESNZ 2024 full set (advanced users) — sheet 'Business travel- air', row 32 (group: With RF; activity/type: Flights / International, to/from non-UK / Average passenger)"
SCOPE_3,ref_business_travel_air,flights_international_to_from_non_uk_average_passenger_without_rf_passenger_km,STANDARD,UK,passenger.km,0.10377,"DEFRA/DESNZ 2024 full set (advanced users) — sheet 'Business travel- air', row 32 (group: Without RF; activity/type: Flights / International, to/from non-UK / Average passenger)"
SCOPE_3,ref_business_travel_air,flights_international_to_from_non_uk_economy_class_with_rf_passenger_km,STANDARD,UK,passenger.km,0.13465,"DEFRA/DESNZ 2024 full set (advanced users) — sheet 'Business travel- air', row 33 (group: With RF; activity/type: Flights / International, to/from non-UK / Economy class)"
SCOPE_3,ref_business_travel_air,flights_international_to_from_non_uk_economy_class_without_rf_passenger_km,STANDARD,UK,passenger.km,0.07948,"DEFRA/DESNZ 2024 full set (advanced users) — sheet 'Business travel- air', row 33 (group: Without RF; activity/type: Flights / International, to/from non-UK / Economy class)"
SCOPE_3,ref_business_travel_air,flights_international_to_from_non_uk_premium_economy_class_with_rf_passenger_km,STANDARD,UK,passenger.km,0.21542,"DEFRA/DESNZ 2024 full set (advanced users) — sheet 'Business travel- air', row 34 (group: With RF; activity/type: Flights / International, to/from non-UK / Premium economy class)"
SCOPE_3,ref_business_travel_air,flights_international_to_from_non_uk_premium_economy_class_without_rf_passenger_km,STANDARD,UK,passenger.km,0.12716,"DEFRA/DESNZ 2024 full set (advanced users) — sheet 'Business travel- air', row 34 (group: Without RF; activity/type: Flights / International, to/from non-UK / Premium economy class)"
SCOPE_3,ref_business_travel_air,flights_international_to_from_non_uk_business_class_with_rf_passenger_km,STANDARD,UK,passenger.km,0.39044,"DEFRA/DESNZ 2024 full set (advanced users) — sheet 'Business travel- air', row 35 (group: With RF; activity/type: Flights / International, to/from non-UK / Business class)"
SCOPE_3,ref_business_travel_air,flights_international_to_from_non_uk_business_class_without_rf_passenger_km,STANDARD,UK,passenger.km,0.23047,"DEFRA/DESNZ 2024 full set (advanced users) — sheet 'Business travel- air', row 35 (group: Without RF; activity/type: Flights / International, to/from non-UK / Business class)"
SCOPE_3,ref_business_travel_air,flights_international_to_from_non_uk_first_class_with_rf_passenger_km,STANDARD,UK,passenger.km,0.53854,"DEFRA/DESNZ 2024 full set (advanced users) — sheet 'Business travel- air', row 36 (group: With RF; activity/type: Flights / International, to/from non-UK / First class)"
SCOPE_3,ref_business_travel_air,flights_international_to_from_non_uk_first_class_without_rf_passenger_km,STANDARD,UK,passenger.km,0.31789,"DEFRA/DESNZ 2024 full set (advanced users) — sheet 'Business travel- air', row 36 (group: Without RF; activity/type: Flights / International, to/from non-UK / First class)"
SCOPE_3,ref_wtt_business_travel_air,wtt_flights_domestic_to_from_uk_average_passenger_with_rf_passenger_km,STANDARD,UK,passenger.km,0.0335,"DEFRA/DESNZ 2024 full set (advanced users) — sheet 'WTT- business travel- air', row 20 (group: With RF; activity/type: WTT- flights / Domestic, to/from UK / Average passenger)"
SCOPE_3,ref_wtt_business_travel_air,wtt_flights_domestic_to_from_uk_average_passenger_without_rf_passenger_km,STANDARD,UK,passenger.km,0.0335,"DEFRA/DESNZ 2024 full set (advanced users) — sheet 'WTT- business travel- air', row 20 (group: Without RF; activity/type: WTT- flights / Domestic, to/from UK / Average passenger)"
SCOPE_3,ref_wtt_business_travel_air,wtt_flights_short_haul_to_from_uk_average_passenger_with_rf_passenger_km,STANDARD,UK,passenger.km,0.02286,"DEFRA/DESNZ 2024 full set (advanced users) — sheet 'WTT- business travel- air', row 21 (group: With RF; activity/type: WTT- flights / Short-haul, to/from UK / Average passenger)"
SCOPE_3,ref_wtt_business_travel_air,wtt_flights_short_haul_to_from_uk_average_passenger_without_rf_passenger_km,STANDARD,UK,passenger.km,0.02286,"DEFRA/DESNZ 2024 full set (advanced users) — sheet 'WTT- business travel- air', row 21 (group: Without RF; activity/type: WTT- flights / Short-haul, to/from UK / Average passenger)"
SCOPE_3,ref_wtt_business_travel_air,wtt_flights_short_haul_to_from_uk_economy_class_with_rf_passenger_km,STANDARD,UK,passenger.km,0.02249,"DEFRA/DESNZ 2024 full set (advanced users) — sheet 'WTT- business travel- air', row 22 (group: With RF; activity/type: WTT- flights / Short-haul, to/from UK / Economy class)"
SCOPE_3,ref_wtt_business_travel_air,wtt_flights_short_haul_to_from_uk_economy_class_without_rf_passenger_km,STANDARD,UK,passenger.km,0.02249,"DEFRA/DESNZ 2024 full set (advanced users) — sheet 'WTT- business travel- air', row 22 (group: Without RF; activity/type: WTT- flights / Short-haul, to/from UK / Economy class)"
SCOPE_3,ref_wtt_business_travel_air,wtt_flights_short_haul_to_from_uk_business_class_with_rf_passenger_km,STANDARD,UK,passenger.km,0.03373,"DEFRA/DESNZ 2024 full set (advanced users) — sheet 'WTT- business travel- air', row 23 (group: With RF; activity/type: WTT- flights / Short-haul, to/from UK / Business class)"
SCOPE_3,ref_wtt_business_travel_air,wtt_flights_short_haul_to_from_uk_business_class_without_rf_passenger_km,STANDARD,UK,passenger.km,0.03373,"DEFRA/DESNZ 2024 full set (advanced users) — sheet 'WTT- business travel- air', row 23 (group: Without RF; activity/type: WTT- flights / Short-haul, to/from UK / Business class)"
SCOPE_3,ref_wtt_business_travel_air,wtt_flights_long_haul_to_from_uk_average_passenger_with_rf_passenger_km,STANDARD,UK,passenger.km,0.03213,"DEFRA/DESNZ 2024 full set (advanced users) — sheet 'WTT- business travel- air', row 24 (group: With RF; activity/type: WTT- flights / Long-haul, to/from UK / Average passenger)"
SCOPE_3,ref_wtt_business_travel_air,wtt_flights_long_haul_to_from_uk_average_passenger_without_rf_passenger_km,STANDARD,UK,passenger.km,0.03213,"DEFRA/DESNZ 2024 full set (advanced users) — sheet 'WTT- business travel- air', row 24 (group: Without RF; activity/type: WTT- flights / Long-haul, to/from UK / Average passenger)"
SCOPE_3,ref_wtt_business_travel_air,wtt_flights_long_haul_to_from_uk_economy_class_with_rf_passenger_km,STANDARD,UK,passenger.km,0.02461,"DEFRA/DESNZ 2024 full set (advanced users) — sheet 'WTT- business travel- air', row 25 (group: With RF; activity/type: WTT- flights / Long-haul, to/from UK / Economy class)"
SCOPE_3,ref_wtt_business_travel_air,wtt_flights_long_haul_to_from_uk_economy_class_without_rf_passenger_km,STANDARD,UK,passenger.km,0.02461,"DEFRA/DESNZ 2024 full set (advanced users) — sheet 'WTT- business travel- air', row 25 (group: Without RF; activity/type: WTT- flights / Long-haul, to/from UK / Economy class)"
SCOPE_3,ref_wtt_business_travel_air,wtt_flights_long_haul_to_from_uk_premium_economy_class_with_rf_passenger_km,STANDARD,UK,passenger.km,0.03937,"DEFRA/DESNZ 2024 full set (advanced users) — sheet 'WTT- business travel- air', row 26 (group: With RF; activity/type: WTT- flights / Long-haul, to/from UK / Premium economy class)"
SCOPE_3,ref_wtt_business_travel_air,wtt_flights_long_haul_to_from_uk_premium_economy_class_without_rf_passenger_km,STANDARD,UK,passenger.km,0.03937,"DEFRA/DESNZ 2024 full set (advanced users) — sheet 'WTT- business travel- air', row 26 (group: Without RF; activity/type: WTT- flights / Long-haul, to/from UK / Premium economy class)"
SCOPE_3,ref_wtt_business_travel_air,wtt_flights_long_haul_to_from_uk_business_class_with_rf_passenger_km,STANDARD,UK,passenger.km,0.07137,"DEFRA/DESNZ 2024 full set (advanced users) — sheet 'WTT- business travel- air', row 27 (group: With RF; activity/type: WTT- flights / Long-haul, to/from UK / Business class)"
SCOPE_3,ref_wtt_business_travel_air,wtt_flights_long_haul_to_from_uk_business_class_without_rf_passenger_km,STANDARD,UK,passenger.km,0.07137,"DEFRA/DESNZ 2024 full set (advanced users) — sheet 'WTT- business travel- air', row 27 (group: Without RF; activity/type: WTT- flights / Long-haul, to/from UK / Business class)"
SCOPE_3,ref_wtt_business_travel_air,wtt_flights_long_haul_to_from_uk_first_class_with_rf_passenger_km,STANDARD,UK,passenger.km,0.09844,"DEFRA/DESNZ 2024 full set (advanced users) — sheet 'WTT- business travel- air', row 28 (group: With RF; activity/type: WTT- flights / Long-haul, to/from UK / First class)"
SCOPE_3,ref_wtt_business_travel_air,wtt_flights_long_haul_to_from_uk_first_class_without_rf_passenger_km,STANDARD,UK,passenger.km,0.09844,"DEFRA/DESNZ 2024 full set (advanced users) — sheet 'WTT- business travel- air', row 28 (group: Without RF; activity/type: WTT- flights / Long-haul, to/from UK / First class)"
SCOPE_3,ref_wtt_business_travel_air,wtt_flights_international_to_from_non_uk_average_passenger_with_rf_passenger_km,STANDARD,UK,passenger.km,0.02162,"DEFRA/DESNZ 2024 full set (advanced users) — sheet 'WTT- business travel- air', row 29 (group: With RF; activity/type: WTT- flights / International, to/from non-UK / Average passenger)"
SCOPE_3,ref_wtt_business_travel_air,wtt_flights_international_to_from_non_uk_average_passenger_without_rf_passenger_km,STANDARD,UK,passenger.km,0.02162,"DEFRA/DESNZ 2024 full set (advanced users) — sheet 'WTT- business travel- air', row 29 (group: Without RF; activity/type: WTT- flights / International, to/from non-UK / Average passenger)"
SCOPE_3,ref_wtt_business_travel_air,wtt_flights_international_to_from_non_uk_economy_class_with_rf_passenger_km,STANDARD,UK,passenger.km,0.01656,"DEFRA/DESNZ 2024 full set (advanced users) — sheet 'WTT- business travel- air', row 30 (group: With RF; activity/type: WTT- flights / International, to/from non-UK / Economy class)"
SCOPE_3,ref_wtt_business_travel_air,wtt_flights_international_to_from_non_uk_economy_class_without_rf_passenger_km,STANDARD,UK,passenger.km,0.01656,"DEFRA/DESNZ 2024 full set (advanced users) — sheet 'WTT- business travel- air', row 30 (group: Without RF; activity/type: WTT- flights / International, to/from non-UK / Economy class)"
SCOPE_3,ref_wtt_business_travel_air,wtt_flights_international_to_from_non_uk_premium_economy_class_with_rf_passenger_km,STANDARD,UK,passenger.km,0.02649,"DEFRA/DESNZ 2024 full set (advanced users) — sheet 'WTT- business travel- air', row 31 (group: With RF; activity/type: WTT- flights / International, to/from non-UK / Premium economy class)"
SCOPE_3,ref_wtt_business_travel_air,wtt_flights_international_to_from_non_uk_premium_economy_class_without_rf_passenger_km,STANDARD,UK,passenger.km,0.02649,"DEFRA/DESNZ 2024 full set (advanced users) — sheet 'WTT- business travel- air', row 31 (group: Without RF; activity/type: WTT- flights / International, to/from non-UK / Premium economy class)"
SCOPE_3,ref_wtt_business_travel_air,wtt_flights_international_to_from_non_uk_business_class_with_rf_passenger_km,STANDARD,UK,passenger.km,0.04802,"DEFRA/DESNZ 2024 full set (advanced users) — sheet 'WTT- business travel- air', row 32 (group: With RF; activity/type: WTT- flights / International, to/from non-UK / Business class)"
SCOPE_3,ref_wtt_business_travel_air,wtt_flights_international_to_from_non_uk_business_class_without_rf_passenger_km,STANDARD,UK,passenger.km,0.04802,"DEFRA/DESNZ 2024 full set (advanced users) — sheet 'WTT- business travel- air', row 32 (group: Without RF; activity/type: WTT- flights / International, to/from non-UK / Business class)"
SCOPE_3,ref_wtt_business_travel_air,wtt_flights_international_to_from_non_uk_first_class_with_rf_passenger_km,STANDARD,UK,passenger.km,0.06623,"DEFRA/DESNZ 2024 full set (advanced users) — sheet 'WTT- business travel- air', row 33 (group: With RF; activity/type: WTT- flights / International, to/from non-UK / First class)"
SCOPE_3,ref_wtt_business_travel_air,wtt_flights_international_to_from_non_uk_first_class_without_rf_passenger_km,STANDARD,UK,passenger.km,0.06623,"DEFRA/DESNZ 2024 full set (advanced users) — sheet 'WTT- business travel- air', row 33 (group: Without RF; activity/type: WTT- flights / International, to/from non-UK / First class)"
SCOPE_3,ref_business_travel_sea,ferry_foot_passenger_passenger_km,STANDARD,UK,passenger.km,0.01871,"DEFRA/DESNZ 2024 full set (advanced users) — sheet 'Business travel- sea', row 18 (activity/type: Ferry / Foot passenger)"
SCOPE_3,ref_business_travel_sea,ferry_car_passenger_passenger_km,STANDARD,UK,passenger.km,0.12933,"DEFRA/DESNZ 2024 full set (advanced users) — sheet 'Business travel- sea', row 19 (activity/type: Ferry / Car passenger)"
SCOPE_3,ref_business_travel_sea,ferry_average_all_passenger_passenger_km,STANDARD,UK,passenger.km,0.1127,"DEFRA/DESNZ 2024 full set (advanced users) — sheet 'Business travel- sea', row 20 (activity/type: Ferry / Average (all passenger))"
SCOPE_3,ref_wtt_business_travel_sea,wtt_ferry_foot_passenger_passenger_km,STANDARD,UK,passenger.km,0.00424,"DEFRA/DESNZ 2024 full set (advanced users) — sheet 'WTT- business travel- sea', row 18 (activity/type: WTT- ferry / Foot passenger)"
SCOPE_3,ref_wtt_business_travel_sea,wtt_ferry_car_passenger_passenger_km,STANDARD,UK,passenger.km,0.02932,"DEFRA/DESNZ 2024 full set (advanced users) — sheet 'WTT- business travel- sea', row 19 (activity/type: WTT- ferry / Car passenger)"
SCOPE_3,ref_wtt_business_travel_sea,wtt_ferry_average_all_passenger_passenger_km,STANDARD,UK,passenger.km,0.02555,"DEFRA/DESNZ 2024 full set (advanced users) — sheet 'WTT- business travel- sea', row 20 (activity/type: WTT- ferry / Average (all passenger))"
SCOPE_3,ref_business_travel_land,cars_by_market_segment_mini_diesel_km,STANDARD,UK,km,0.10764,"DEFRA/DESNZ 2024 full set (advanced users) — sheet 'Business travel- land', row 25 (group: Diesel; activity/type: Cars (by market segment) / Mini)"
SCOPE_3,ref_business_travel_land,cars_by_market_segment_mini_petrol_km,STANDARD,UK,km,0.13087,"DEFRA/DESNZ 2024 full set (advanced users) — sheet 'Business travel- land', row 25 (group: Petrol; activity/type: Cars (by market segment) / Mini)"
SCOPE_3,ref_business_travel_land,cars_by_market_segment_mini_unknown_km,STANDARD,UK,km,0.13073,"DEFRA/DESNZ 2024 full set (advanced users) — sheet 'Business travel- land', row 25 (group: Unknown; activity/type: Cars (by market segment) / Mini)"
SCOPE_3,ref_business_travel_land,cars_by_market_segment_mini_battery_electric_vehicle_km,STANDARD,UK,km,0.0385,"DEFRA/DESNZ 2024 full set (advanced users) — sheet 'Business travel- land', row 25 (group: Battery Electric Vehicle; activity/type: Cars (by market segment) / Mini)"
SCOPE_3,ref_business_travel_land,cars_by_market_segment_mini_diesel_miles,STANDARD,UK,miles,0.17325,"DEFRA/DESNZ 2024 full set (advanced users) — sheet 'Business travel- land', row 26 (group: Diesel; activity/type: Cars (by market segment) / Mini)"
SCOPE_3,ref_business_travel_land,cars_by_market_segment_mini_petrol_miles,STANDARD,UK,miles,0.21061,"DEFRA/DESNZ 2024 full set (advanced users) — sheet 'Business travel- land', row 26 (group: Petrol; activity/type: Cars (by market segment) / Mini)"
SCOPE_3,ref_business_travel_land,cars_by_market_segment_mini_unknown_miles,STANDARD,UK,miles,0.21038,"DEFRA/DESNZ 2024 full set (advanced users) — sheet 'Business travel- land', row 26 (group: Unknown; activity/type: Cars (by market segment) / Mini)"
SCOPE_3,ref_business_travel_land,cars_by_market_segment_mini_battery_electric_vehicle_miles,STANDARD,UK,miles,0.06196,"DEFRA/DESNZ 2024 full set (advanced users) — sheet 'Business travel- land', row 26 (group: Battery Electric Vehicle; activity/type: Cars (by market segment) / Mini)"
SCOPE_3,ref_business_travel_land,cars_by_market_segment_supermini_diesel_km,STANDARD,UK,km,0.13178,"DEFRA/DESNZ 2024 full set (advanced users) — sheet 'Business travel- land', row 27 (group: Diesel; activity/type: Cars (by market segment) / Supermini)"
SCOPE_3,ref_business_travel_land,cars_by_market_segment_supermini_petrol_km,STANDARD,UK,km,0.14387,"DEFRA/DESNZ 2024 full set (advanced users) — sheet 'Business travel- land', row 27 (group: Petrol; activity/type: Cars (by market segment) / Supermini)"
SCOPE_3,ref_business_travel_land,cars_by_market_segment_supermini_unknown_km,STANDARD,UK,km,0.14256,"DEFRA/DESNZ 2024 full set (advanced users) — sheet 'Business travel- land', row 27 (group: Unknown; activity/type: Cars (by market segment) / Supermini)"
SCOPE_3,ref_business_travel_land,cars_by_market_segment_supermini_plug_in_hybrid_electric_vehicle_km,STANDARD,UK,km,0.06078,"DEFRA/DESNZ 2024 full set (advanced users) — sheet 'Business travel- land', row 27 (group: Plug-in Hybrid Electric Vehicle; activity/type: Cars (by market segment) / Supermini)"
SCOPE_3,ref_business_travel_land,cars_by_market_segment_supermini_battery_electric_vehicle_km,STANDARD,UK,km,0.0439,"DEFRA/DESNZ 2024 full set (advanced users) — sheet 'Business travel- land', row 27 (group: Battery Electric Vehicle; activity/type: Cars (by market segment) / Supermini)"
SCOPE_3,ref_business_travel_land,cars_by_market_segment_supermini_diesel_miles,STANDARD,UK,miles,0.21209,"DEFRA/DESNZ 2024 full set (advanced users) — sheet 'Business travel- land', row 28 (group: Diesel; activity/type: Cars (by market segment) / Supermini)"
SCOPE_3,ref_business_travel_land,cars_by_market_segment_supermini_petrol_miles,STANDARD,UK,miles,0.23153,"DEFRA/DESNZ 2024 full set (advanced users) — sheet 'Business travel- land', row 28 (group: Petrol; activity/type: Cars (by market segment) / Supermini)"
SCOPE_3,ref_business_travel_land,cars_by_market_segment_supermini_unknown_miles,STANDARD,UK,miles,0.22942,"DEFRA/DESNZ 2024 full set (advanced users) — sheet 'Business travel- land', row 28 (group: Unknown; activity/type: Cars (by market segment) / Supermini)"
SCOPE_3,ref_business_travel_land,cars_by_market_segment_supermini_plug_in_hybrid_electric_vehicle_miles,STANDARD,UK,miles,0.09782,"DEFRA/DESNZ 2024 full set (advanced users) — sheet 'Business travel- land', row 28 (group: Plug-in Hybrid Electric Vehicle; activity/type: Cars (by market segment) / Supermini)"
SCOPE_3,ref_business_travel_land,cars_by_market_segment_supermini_battery_electric_vehicle_miles,STANDARD,UK,miles,0.07065,"DEFRA/DESNZ 2024 full set (advanced users) — sheet 'Business travel- land', row 28 (group: Battery Electric Vehicle; activity/type: Cars (by market segment) / Supermini)"
SCOPE_3,ref_business_travel_land,cars_by_market_segment_lower_medium_diesel_km,STANDARD,UK,km,0.14288,"DEFRA/DESNZ 2024 full set (advanced users) — sheet 'Business travel- land', row 29 (group: Diesel; activity/type: Cars (by market segment) / Lower medium)"
SCOPE_3,ref_business_travel_land,cars_by_market_segment_lower_medium_petrol_km,STANDARD,UK,km,0.16392,"DEFRA/DESNZ 2024 full set (advanced users) — sheet 'Business travel- land', row 29 (group: Petrol; activity/type: Cars (by market segment) / Lower medium)"
SCOPE_3,ref_business_travel_land,cars_by_market_segment_lower_medium_unknown_km,STANDARD,UK,km,0.15504,"DEFRA/DESNZ 2024 full set (advanced users) — sheet 'Business travel- land', row 29 (group: Unknown; activity/type: Cars (by market segment) / Lower medium)"
SCOPE_3,ref_business_travel_land,cars_by_market_segment_lower_medium_plug_in_hybrid_electric_vehicle_km,STANDARD,UK,km,0.08914,"DEFRA/DESNZ 2024 full set (advanced users) — sheet 'Business travel- land', row 29 (group: Plug-in Hybrid Electric Vehicle; activity/type: Cars (by market segment) / Lower medium)"
SCOPE_3,ref_business_travel_land,cars_by_market_segment_lower_medium_battery_electric_vehicle_km,STANDARD,UK,km,0.04615,"DEFRA/DESNZ 2024 full set (advanced users) — sheet 'Business travel- land', row 29 (group: Battery Electric Vehicle; activity/type: Cars (by market segment) / Lower medium)"
SCOPE_3,ref_business_travel_land,cars_by_market_segment_lower_medium_diesel_miles,STANDARD,UK,miles,0.22996,"DEFRA/DESNZ 2024 full set (advanced users) — sheet 'Business travel- land', row 30 (group: Diesel; activity/type: Cars (by market segment) / Lower medium)"
SCOPE_3,ref_business_travel_land,cars_by_market_segment_lower_medium_petrol_miles,STANDARD,UK,miles,0.2638,"DEFRA/DESNZ 2024 full set (advanced users) — sheet 'Business travel- land', row 30 (group: Petrol; activity/type: Cars (by market segment) / Lower medium)"
SCOPE_3,ref_business_travel_land,cars_by_market_segment_lower_medium_unknown_miles,STANDARD,UK,miles,0.24951,"DEFRA/DESNZ 2024 full set (advanced users) — sheet 'Business travel- land', row 30 (group: Unknown; activity/type: Cars (by market segment) / Lower medium)"
SCOPE_3,ref_business_travel_land,cars_by_market_segment_lower_medium_plug_in_hybrid_electric_vehicle_miles,STANDARD,UK,miles,0.14346,"DEFRA/DESNZ 2024 full set (advanced users) — sheet 'Business travel- land', row 30 (group: Plug-in Hybrid Electric Vehicle; activity/type: Cars (by market segment) / Lower medium)"
SCOPE_3,ref_business_travel_land,cars_by_market_segment_lower_medium_battery_electric_vehicle_miles,STANDARD,UK,miles,0.07428,"DEFRA/DESNZ 2024 full set (advanced users) — sheet 'Business travel- land', row 30 (group: Battery Electric Vehicle; activity/type: Cars (by market segment) / Lower medium)"
SCOPE_3,ref_business_travel_land,cars_by_market_segment_upper_medium_diesel_km,STANDARD,UK,km,0.16048,"DEFRA/DESNZ 2024 full set (advanced users) — sheet 'Business travel- land', row 31 (group: Diesel; activity/type: Cars (by market segment) / Upper medium)"
SCOPE_3,ref_business_travel_land,cars_by_market_segment_upper_medium_petrol_km,STANDARD,UK,km,0.18953,"DEFRA/DESNZ 2024 full set (advanced users) — sheet 'Business travel- land', row 31 (group: Petrol; activity/type: Cars (by market segment) / Upper medium)"
SCOPE_3,ref_business_travel_land,cars_by_market_segment_upper_medium_unknown_km,STANDARD,UK,km,0.16763,"DEFRA/DESNZ 2024 full set (advanced users) — sheet 'Business travel- land', row 31 (group: Unknown; activity/type: Cars (by market segment) / Upper medium)"
SCOPE_3,ref_business_travel_land,cars_by_market_segment_upper_medium_plug_in_hybrid_electric_vehicle_km,STANDARD,UK,km,0.09706,"DEFRA/DESNZ 2024 full set (advanced users) — sheet 'Business travel- land', row 31 (group: Plug-in Hybrid Electric Vehicle; activity/type: Cars (by market segment) / Upper medium)"
SCOPE_3,ref_business_travel_land,cars_by_market_segment_upper_medium_battery_electric_vehicle_km,STANDARD,UK,km,0.04707,"DEFRA/DESNZ 2024 full set (advanced users) — sheet 'Business travel- land', row 31 (group: Battery Electric Vehicle; activity/type: Cars (by market segment) / Upper medium)"
SCOPE_3,ref_business_travel_land,cars_by_market_segment_upper_medium_diesel_miles,STANDARD,UK,miles,0.25827,"DEFRA/DESNZ 2024 full set (advanced users) — sheet 'Business travel- land', row 32 (group: Diesel; activity/type: Cars (by market segment) / Upper medium)"
SCOPE_3,ref_business_travel_land,cars_by_market_segment_upper_medium_petrol_miles,STANDARD,UK,miles,0.30501,"DEFRA/DESNZ 2024 full set (advanced users) — sheet 'Business travel- land', row 32 (group: Petrol; activity/type: Cars (by market segment) / Upper medium)"
SCOPE_3,ref_business_travel_land,cars_by_market_segment_upper_medium_unknown_miles,STANDARD,UK,miles,0.26975,"DEFRA/DESNZ 2024 full set (advanced users) — sheet 'Business travel- land', row 32 (group: Unknown; activity/type: Cars (by market segment) / Upper medium)"
SCOPE_3,ref_business_travel_land,cars_by_market_segment_upper_medium_plug_in_hybrid_electric_vehicle_miles,STANDARD,UK,miles,0.1562,"DEFRA/DESNZ 2024 full set (advanced users) — sheet 'Business travel- land', row 32 (group: Plug-in Hybrid Electric Vehicle; activity/type: Cars (by market segment) / Upper medium)"
SCOPE_3,ref_business_travel_land,cars_by_market_segment_upper_medium_battery_electric_vehicle_miles,STANDARD,UK,miles,0.07574,"DEFRA/DESNZ 2024 full set (advanced users) — sheet 'Business travel- land', row 32 (group: Battery Electric Vehicle; activity/type: Cars (by market segment) / Upper medium)"
SCOPE_3,ref_business_travel_land,cars_by_market_segment_executive_diesel_km,STANDARD,UK,km,0.17001,"DEFRA/DESNZ 2024 full set (advanced users) — sheet 'Business travel- land', row 33 (group: Diesel; activity/type: Cars (by market segment) / Executive)"
SCOPE_3,ref_business_travel_land,cars_by_market_segment_executive_petrol_km,STANDARD,UK,km,0.20817,"DEFRA/DESNZ 2024 full set (advanced users) — sheet 'Business travel- land', row 33 (group: Petrol; activity/type: Cars (by market segment) / Executive)"
SCOPE_3,ref_business_travel_land,cars_by_market_segment_executive_unknown_km,STANDARD,UK,km,0.17929,"DEFRA/DESNZ 2024 full set (advanced users) — sheet 'Business travel- land', row 33 (group: Unknown; activity/type: Cars (by market segment) / Executive)"
SCOPE_3,ref_business_travel_land,cars_by_market_segment_executive_plug_in_hybrid_electric_vehicle_km,STANDARD,UK,km,0.09616,"DEFRA/DESNZ 2024 full set (advanced users) — sheet 'Business travel- land', row 33 (group: Plug-in Hybrid Electric Vehicle; activity/type: Cars (by market segment) / Executive)"
SCOPE_3,ref_business_travel_land,cars_by_market_segment_executive_battery_electric_vehicle_km,STANDARD,UK,km,0.04271,"DEFRA/DESNZ 2024 full set (advanced users) — sheet 'Business travel- land', row 33 (group: Battery Electric Vehicle; activity/type: Cars (by market segment) / Executive)"
SCOPE_3,ref_business_travel_land,cars_by_market_segment_executive_diesel_miles,STANDARD,UK,miles,0.27362,"DEFRA/DESNZ 2024 full set (advanced users) — sheet 'Business travel- land', row 34 (group: Diesel; activity/type: Cars (by market segment) / Executive)"
SCOPE_3,ref_business_travel_land,cars_by_market_segment_executive_petrol_miles,STANDARD,UK,miles,0.33501,"DEFRA/DESNZ 2024 full set (advanced users) — sheet 'Business travel- land', row 34 (group: Petrol; activity/type: Cars (by market segment) / Executive)"
SCOPE_3,ref_business_travel_land,cars_by_market_segment_executive_unknown_miles,STANDARD,UK,miles,0.28855,"DEFRA/DESNZ 2024 full set (advanced users) — sheet 'Business travel- land', row 34 (group: Unknown; activity/type: Cars (by market segment) / Executive)"
SCOPE_3,ref_business_travel_land,cars_by_market_segment_executive_plug_in_hybrid_electric_vehicle_miles,STANDARD,UK,miles,0.15475,"DEFRA/DESNZ 2024 full set (advanced users) — sheet 'Business travel- land', row 34 (group: Plug-in Hybrid Electric Vehicle; activity/type: Cars (by market segment) / Executive)"
SCOPE_3,ref_business_travel_land,cars_by_market_segment_executive_battery_electric_vehicle_miles,STANDARD,UK,miles,0.06874,"DEFRA/DESNZ 2024 full set (advanced users) — sheet 'Business travel- land', row 34 (group: Battery Electric Vehicle; activity/type: Cars (by market segment) / Executive)"
SCOPE_3,ref_business_travel_land,cars_by_market_segment_luxury_diesel_km,STANDARD,UK,km,0.20695,"DEFRA/DESNZ 2024 full set (advanced users) — sheet 'Business travel- land', row 35 (group: Diesel; activity/type: Cars (by market segment) / Luxury)"
SCOPE_3,ref_business_travel_land,cars_by_market_segment_luxury_petrol_km,STANDARD,UK,km,0.31949,"DEFRA/DESNZ 2024 full set (advanced users) — sheet 'Business travel- land', row 35 (group: Petrol; activity/type: Cars (by market segment) / Luxury)"
SCOPE_3,ref_business_travel_land,cars_by_market_segment_luxury_unknown_km,STANDARD,UK,km,0.25825,"DEFRA/DESNZ 2024 full set (advanced users) — sheet 'Business travel- land', row 35 (group: Unknown; activity/type: Cars (by market segment) / Luxury)"
SCOPE_3,ref_business_travel_land,cars_by_market_segment_luxury_plug_in_hybrid_electric_vehicle_km,STANDARD,UK,km,0.13245,"DEFRA/DESNZ 2024 full set (advanced users) — sheet 'Business travel- land', row 35 (group: Plug-in Hybrid Electric Vehicle; activity/type: Cars (by market segment) / Luxury)"
SCOPE_3,ref_business_travel_land,cars_by_market_segment_luxury_battery_electric_vehicle_km,STANDARD,UK,km,0.05749,"DEFRA/DESNZ 2024 full set (advanced users) — sheet 'Business travel- land', row 35 (group: Battery Electric Vehicle; activity/type: Cars (by market segment) / Luxury)"
SCOPE_3,ref_business_travel_land,cars_by_market_segment_luxury_diesel_miles,STANDARD,UK,miles,0.33306,"DEFRA/DESNZ 2024 full set (advanced users) — sheet 'Business travel- land', row 36 (group: Diesel; activity/type: Cars (by market segment) / Luxury)"
SCOPE_3,ref_business_travel_land,cars_by_market_segment_luxury_petrol_miles,STANDARD,UK,miles,0.51417,"DEFRA/DESNZ 2024 full set (advanced users) — sheet 'Business travel- land', row 36 (group: Petrol; activity/type: Cars (by market segment) / Luxury)"
SCOPE_3,ref_business_travel_land,cars_by_market_segment_luxury_unknown_miles,STANDARD,UK,miles,0.41562,"DEFRA/DESNZ 2024 full set (advanced users) — sheet 'Business travel- land', row 36 (group: Unknown; activity/type: Cars (by market segment) / Luxury)"
SCOPE_3,ref_business_travel_land,cars_by_market_segment_luxury_plug_in_hybrid_electric_vehicle_miles,STANDARD,UK,miles,0.21315,"DEFRA/DESNZ 2024 full set (advanced users) — sheet 'Business travel- land', row 36 (group: Plug-in Hybrid Electric Vehicle; activity/type: Cars (by market segment) / Luxury)"
SCOPE_3,ref_business_travel_land,cars_by_market_segment_luxury_battery_electric_vehicle_miles,STANDARD,UK,miles,0.09251,"DEFRA/DESNZ 2024 full set (advanced users) — sheet 'Business travel- land', row 36 (group: Battery Electric Vehicle; activity/type: Cars (by market segment) / Luxury)"
SCOPE_3,ref_business_travel_land,cars_by_market_segment_sports_diesel_km,STANDARD,UK,km,0.17016,"DEFRA/DESNZ 2024 full set (advanced users) — sheet 'Business travel- land', row 37 (group: Diesel; activity/type: Cars (by market segment) / Sports)"
SCOPE_3,ref_business_travel_land,cars_by_market_segment_sports_petrol_km,STANDARD,UK,km,0.23535,"DEFRA/DESNZ 2024 full set (advanced users) — sheet 'Business travel- land', row 37 (group: Petrol; activity/type: Cars (by market segment) / Sports)"
SCOPE_3,ref_business_travel_land,cars_by_market_segment_sports_unknown_km,STANDARD,UK,km,0.22519,"DEFRA/DESNZ 2024 full set (advanced users) — sheet 'Business travel- land', row 37 (group: Unknown; activity/type: Cars (by market segment) / Sports)"
SCOPE_3,ref_business_travel_land,cars_by_market_segment_sports_plug_in_hybrid_electric_vehicle_km,STANDARD,UK,km,0.13116,"DEFRA/DESNZ 2024 full set (advanced users) — sheet 'Business travel- land', row 37 (group: Plug-in Hybrid Electric Vehicle; activity/type: Cars (by market segment) / Sports)"
SCOPE_3,ref_business_travel_land,cars_by_market_segment_sports_battery_electric_vehicle_km,STANDARD,UK,km,0.07353,"DEFRA/DESNZ 2024 full set (advanced users) — sheet 'Business travel- land', row 37 (group: Battery Electric Vehicle; activity/type: Cars (by market segment) / Sports)"
SCOPE_3,ref_business_travel_land,cars_by_market_segment_sports_diesel_miles,STANDARD,UK,miles,0.27387,"DEFRA/DESNZ 2024 full set (advanced users) — sheet 'Business travel- land', row 38 (group: Diesel; activity/type: Cars (by market segment) / Sports)"
SCOPE_3,ref_business_travel_land,cars_by_market_segment_sports_petrol_miles,STANDARD,UK,miles,0.37875,"DEFRA/DESNZ 2024 full set (advanced users) — sheet 'Business travel- land', row 38 (group: Petrol; activity/type: Cars (by market segment) / Sports)"
SCOPE_3,ref_business_travel_land,cars_by_market_segment_sports_unknown_miles,STANDARD,UK,miles,0.36241,"DEFRA/DESNZ 2024 full set (advanced users) — sheet 'Business travel- land', row 38 (group: Unknown; activity/type: Cars (by market segment) / Sports)"
SCOPE_3,ref_business_travel_land,cars_by_market_segment_sports_plug_in_hybrid_electric_vehicle_miles,STANDARD,UK,miles,0.21107,"DEFRA/DESNZ 2024 full set (advanced users) — sheet 'Business travel- land', row 38 (group: Plug-in Hybrid Electric Vehicle; activity/type: Cars (by market segment) / Sports)"
SCOPE_3,ref_business_travel_land,cars_by_market_segment_sports_battery_electric_vehicle_miles,STANDARD,UK,miles,0.11832,"DEFRA/DESNZ 2024 full set (advanced users) — sheet 'Business travel- land', row 38 (group: Battery Electric Vehicle; activity/type: Cars (by market segment) / Sports)"
SCOPE_3,ref_business_travel_land,cars_by_market_segment_dual_purpose_4x4_diesel_km,STANDARD,UK,km,0.19757,"DEFRA/DESNZ 2024 full set (advanced users) — sheet 'Business travel- land', row 39 (group: Diesel; activity/type: Cars (by market segment) / Dual purpose 4X4)"
SCOPE_3,ref_business_travel_land,cars_by_market_segment_dual_purpose_4x4_petrol_km,STANDARD,UK,km,0.19626,"DEFRA/DESNZ 2024 full set (advanced users) — sheet 'Business travel- land', row 39 (group: Petrol; activity/type: Cars (by market segment) / Dual purpose 4X4)"
SCOPE_3,ref_business_travel_land,cars_by_market_segment_dual_purpose_4x4_unknown_km,STANDARD,UK,km,0.19721,"DEFRA/DESNZ 2024 full set (advanced users) — sheet 'Business travel- land', row 39 (group: Unknown; activity/type: Cars (by market segment) / Dual purpose 4X4)"
SCOPE_3,ref_business_travel_land,cars_by_market_segment_dual_purpose_4x4_plug_in_hybrid_electric_vehicle_km,STANDARD,UK,km,0.12239,"DEFRA/DESNZ 2024 full set (advanced users) — sheet 'Business travel- land', row 39 (group: Plug-in Hybrid Electric Vehicle; activity/type: Cars (by market segment) / Dual purpose 4X4)"
SCOPE_3,ref_business_travel_land,cars_by_market_segment_dual_purpose_4x4_battery_electric_vehicle_km,STANDARD,UK,km,0.05012,"DEFRA/DESNZ 2024 full set (advanced users) — sheet 'Business travel- land', row 39 (group: Battery Electric Vehicle; activity/type: Cars (by market segment) / Dual purpose 4X4)"
SCOPE_3,ref_business_travel_land,cars_by_market_segment_dual_purpose_4x4_diesel_miles,STANDARD,UK,miles,0.31797,"DEFRA/DESNZ 2024 full set (advanced users) — sheet 'Business travel- land', row 40 (group: Diesel; activity/type: Cars (by market segment) / Dual purpose 4X4)"
SCOPE_3,ref_business_travel_land,cars_by_market_segment_dual_purpose_4x4_petrol_miles,STANDARD,UK,miles,0.31585,"DEFRA/DESNZ 2024 full set (advanced users) — sheet 'Business travel- land', row 40 (group: Petrol; activity/type: Cars (by market segment) / Dual purpose 4X4)"
SCOPE_3,ref_business_travel_land,cars_by_market_segment_dual_purpose_4x4_unknown_miles,STANDARD,UK,miles,0.31737,"DEFRA/DESNZ 2024 full set (advanced users) — sheet 'Business travel- land', row 40 (group: Unknown; activity/type: Cars (by market segment) / Dual purpose 4X4)"
SCOPE_3,ref_business_travel_land,cars_by_market_segment_dual_purpose_4x4_plug_in_hybrid_electric_vehicle_miles,STANDARD,UK,miles,0.19698,"DEFRA/DESNZ 2024 full set (advanced users) — sheet 'Business travel- land', row 40 (group: Plug-in Hybrid Electric Vehicle; activity/type: Cars (by market segment) / Dual purpose 4X4)"
SCOPE_3,ref_business_travel_land,cars_by_market_segment_dual_purpose_4x4_battery_electric_vehicle_miles,STANDARD,UK,miles,0.08066,"DEFRA/DESNZ 2024 full set (advanced users) — sheet 'Business travel- land', row 40 (group: Battery Electric Vehicle; activity/type: Cars (by market segment) / Dual purpose 4X4)"
SCOPE_3,ref_business_travel_land,cars_by_market_segment_mpv_diesel_km,STANDARD,UK,km,0.17751,"DEFRA/DESNZ 2024 full set (advanced users) — sheet 'Business travel- land', row 41 (group: Diesel; activity/type: Cars (by market segment) / MPV)"
SCOPE_3,ref_business_travel_land,cars_by_market_segment_mpv_petrol_km,STANDARD,UK,km,0.18287,"DEFRA/DESNZ 2024 full set (advanced users) — sheet 'Business travel- land', row 41 (group: Petrol; activity/type: Cars (by market segment) / MPV)"
SCOPE_3,ref_business_travel_land,cars_by_market_segment_mpv_unknown_km,STANDARD,UK,km,0.17891,"DEFRA/DESNZ 2024 full set (advanced users) — sheet 'Business travel- land', row 41 (group: Unknown; activity/type: Cars (by market segment) / MPV)"
SCOPE_3,ref_business_travel_land,cars_by_market_segment_mpv_plug_in_hybrid_electric_vehicle_km,STANDARD,UK,km,0.10178,"DEFRA/DESNZ 2024 full set (advanced users) — sheet 'Business travel- land', row 41 (group: Plug-in Hybrid Electric Vehicle; activity/type: Cars (by market segment) / MPV)"
SCOPE_3,ref_business_travel_land,cars_by_market_segment_mpv_battery_electric_vehicle_km,STANDARD,UK,km,0.06576,"DEFRA/DESNZ 2024 full set (advanced users) — sheet 'Business travel- land', row 41 (group: Battery Electric Vehicle; activity/type: Cars (by market segment) / MPV)"
SCOPE_3,ref_business_travel_land,cars_by_market_segment_mpv_diesel_miles,STANDARD,UK,miles,0.28569,"DEFRA/DESNZ 2024 full set (advanced users) — sheet 'Business travel- land', row 42 (group: Diesel; activity/type: Cars (by market segment) / MPV)"
SCOPE_3,ref_business_travel_land,cars_by_market_segment_mpv_petrol_miles,STANDARD,UK,miles,0.2943,"DEFRA/DESNZ 2024 full set (advanced users) — sheet 'Business travel- land', row 42 (group: Petrol; activity/type: Cars (by market segment) / MPV)"
SCOPE_3,ref_business_travel_land,cars_by_market_segment_mpv_unknown_miles,STANDARD,UK,miles,0.28793,"DEFRA/DESNZ 2024 full set (advanced users) — sheet 'Business travel- land', row 42 (group: Unknown; activity/type: Cars (by market segment) / MPV)"
SCOPE_3,ref_business_travel_land,cars_by_market_segment_mpv_plug_in_hybrid_electric_vehicle_miles,STANDARD,UK,miles,0.16381,"DEFRA/DESNZ 2024 full set (advanced users) — sheet 'Business travel- land', row 42 (group: Plug-in Hybrid Electric Vehicle; activity/type: Cars (by market segment) / MPV)"
SCOPE_3,ref_business_travel_land,cars_by_market_segment_mpv_battery_electric_vehicle_miles,STANDARD,UK,miles,0.10584,"DEFRA/DESNZ 2024 full set (advanced users) — sheet 'Business travel- land', row 42 (group: Battery Electric Vehicle; activity/type: Cars (by market segment) / MPV)"
SCOPE_3,ref_business_travel_land,cars_by_size_small_car_diesel_km,STANDARD,UK,km,0.13994,"DEFRA/DESNZ 2024 full set (advanced users) — sheet 'Business travel- land', row 47 (group: Diesel; activity/type: Cars (by size) / Small car)"
SCOPE_3,ref_business_travel_land,cars_by_size_small_car_petrol_km,STANDARD,UK,km,0.1437,"DEFRA/DESNZ 2024 full set (advanced users) — sheet 'Business travel- land', row 47 (group: Petrol; activity/type: Cars (by size) / Small car)"
SCOPE_3,ref_business_travel_land,cars_by_size_small_car_hybrid_km,STANDARD,UK,km,0.11274,"DEFRA/DESNZ 2024 full set (advanced users) — sheet 'Business travel- land', row 47 (group: Hybrid; activity/type: Cars (by size) / Small car)"
SCOPE_3,ref_business_travel_land,cars_by_size_small_car_unknown_km,STANDARD,UK,km,0.14262,"DEFRA/DESNZ 2024 full set (advanced users) — sheet 'Business travel- land', row 47 (group: Unknown; activity/type: Cars (by size) / Small car)"
SCOPE_3,ref_business_travel_land,cars_by_size_small_car_plug_in_hybrid_electric_vehicle_km,STANDARD,UK,km,0.06078,"DEFRA/DESNZ 2024 full set (advanced users) — sheet 'Business travel- land', row 47 (group: Plug-in Hybrid Electric Vehicle; activity/type: Cars (by size) / Small car)"
SCOPE_3,ref_business_travel_land,cars_by_size_small_car_battery_electric_vehicle_km,STANDARD,UK,km,0.04284,"DEFRA/DESNZ 2024 full set (advanced users) — sheet 'Business travel- land', row 47 (group: Battery Electric Vehicle; activity/type: Cars (by size) / Small car)"
SCOPE_3,ref_business_travel_land,cars_by_size_small_car_diesel_miles,STANDARD,UK,miles,0.22522,"DEFRA/DESNZ 2024 full set (advanced users) — sheet 'Business travel- land', row 48 (group: Diesel; activity/type: Cars (by size) / Small car)"
SCOPE_3,ref_business_travel_land,cars_by_size_small_car_petrol_miles,STANDARD,UK,miles,0.23126,"DEFRA/DESNZ 2024 full set (advanced users) — sheet 'Business travel- land', row 48 (group: Petrol; activity/type: Cars (by size) / Small car)"
SCOPE_3,ref_business_travel_land,cars_by_size_small_car_hybrid_miles,STANDARD,UK,miles,0.18143,"DEFRA/DESNZ 2024 full set (advanced users) — sheet 'Business travel- land', row 48 (group: Hybrid; activity/type: Cars (by size) / Small car)"
SCOPE_3,ref_business_travel_land,cars_by_size_small_car_unknown_miles,STANDARD,UK,miles,0.22953,"DEFRA/DESNZ 2024 full set (advanced users) — sheet 'Business travel- land', row 48 (group: Unknown; activity/type: Cars (by size) / Small car)"
SCOPE_3,ref_business_travel_land,cars_by_size_small_car_plug_in_hybrid_electric_vehicle_miles,STANDARD,UK,miles,0.09782,"DEFRA/DESNZ 2024 full set (advanced users) — sheet 'Business travel- land', row 48 (group: Plug-in Hybrid Electric Vehicle; activity/type: Cars (by size) / Small car)"
SCOPE_3,ref_business_travel_land,cars_by_size_small_car_battery_electric_vehicle_miles,STANDARD,UK,miles,0.06895,"DEFRA/DESNZ 2024 full set (advanced users) — sheet 'Business travel- land', row 48 (group: Battery Electric Vehicle; activity/type: Cars (by size) / Small car)"
SCOPE_3,ref_business_travel_land,cars_by_size_medium_car_diesel_km,STANDARD,UK,km,0.16807,"DEFRA/DESNZ 2024 full set (advanced users) — sheet 'Business travel- land', row 49 (group: Diesel; activity/type: Cars (by size) / Medium car)"
SCOPE_3,ref_business_travel_land,cars_by_size_medium_car_petrol_km,STANDARD,UK,km,0.17726,"DEFRA/DESNZ 2024 full set (advanced users) — sheet 'Business travel- land', row 49 (group: Petrol; activity/type: Cars (by size) / Medium car)"
SCOPE_3,ref_business_travel_land,cars_by_size_medium_car_hybrid_km,STANDARD,UK,km,0.1149,"DEFRA/DESNZ 2024 full set (advanced users) — sheet 'Business travel- land', row 49 (group: Hybrid; activity/type: Cars (by size) / Medium car)"
SCOPE_3,ref_business_travel_land,cars_by_size_medium_car_cng_km,STANDARD,UK,km,0.15682,"DEFRA/DESNZ 2024 full set (advanced users) — sheet 'Business travel- land', row 49 (group: CNG; activity/type: Cars (by size) / Medium car)"
SCOPE_3,ref_business_travel_land,cars_by_size_medium_car_lpg_km,STANDARD,UK,km,0.17634,"DEFRA/DESNZ 2024 full set (advanced users) — sheet 'Business travel- land', row 49 (group: LPG; activity/type: Cars (by size) / Medium car)"
SCOPE_3,ref_business_travel_land,cars_by_size_medium_car_unknown_km,STANDARD,UK,km,0.17256,"DEFRA/DESNZ 2024 full set (advanced users) — sheet 'Business travel- land', row 49 (group: Unknown; activity/type: Cars (by size) / Medium car)"
SCOPE_3,ref_business_travel_land,cars_by_size_medium_car_plug_in_hybrid_electric_vehicle_km,STANDARD,UK,km,0.09312,"DEFRA/DESNZ 2024 full set (advanced users) — sheet 'Business travel- land', row 49 (group: Plug-in Hybrid Electric Vehicle; activity/type: Cars (by size) / Medium car)"
SCOPE_3,ref_business_travel_land,cars_by_size_medium_car_battery_electric_vehicle_km,STANDARD,UK,km,0.04625,"DEFRA/DESNZ 2024 full set (advanced users) — sheet 'Business travel- land', row 49 (group: Battery Electric Vehicle; activity/type: Cars (by size) / Medium car)"
SCOPE_3,ref_business_travel_land,cars_by_size_medium_car_diesel_miles,STANDARD,UK,miles,0.2705,"DEFRA/DESNZ 2024 full set (advanced users) — sheet 'Business travel- land', row 50 (group: Diesel; activity/type: Cars (by size) / Medium car)"
SCOPE_3,ref_business_travel_land,cars_by_size_medium_car_petrol_miles,STANDARD,UK,miles,0.28526,"DEFRA/DESNZ 2024 full set (advanced users) — sheet 'Business travel- land', row 50 (group: Petrol; activity/type: Cars (by size) / Medium car)"
SCOPE_3,ref_business_travel_land,cars_by_size_medium_car_hybrid_miles,STANDARD,UK,miles,0.18492,"DEFRA/DESNZ 2024 full set (advanced users) — sheet 'Business travel- land', row 50 (group: Hybrid; activity/type: Cars (by size) / Medium car)"
SCOPE_3,ref_business_travel_land,cars_by_size_medium_car_cng_miles,STANDARD,UK,miles,0.25238,"DEFRA/DESNZ 2024 full set (advanced users) — sheet 'Business travel- land', row 50 (group: CNG; activity/type: Cars (by size) / Medium car)"
SCOPE_3,ref_business_travel_land,cars_by_size_medium_car_lpg_miles,STANDARD,UK,miles,0.28378,"DEFRA/DESNZ 2024 full set (advanced users) — sheet 'Business travel- land', row 50 (group: LPG; activity/type: Cars (by size) / Medium car)"
SCOPE_3,ref_business_travel_land,cars_by_size_medium_car_unknown_miles,STANDARD,UK,miles,0.27771,"DEFRA/DESNZ 2024 full set (advanced users) — sheet 'Business travel- land', row 50 (group: Unknown; activity/type: Cars (by size) / Medium car)"
SCOPE_3,ref_business_travel_land,cars_by_size_medium_car_plug_in_hybrid_electric_vehicle_miles,STANDARD,UK,miles,0.14985,"DEFRA/DESNZ 2024 full set (advanced users) — sheet 'Business travel- land', row 50 (group: Plug-in Hybrid Electric Vehicle; activity/type: Cars (by size) / Medium car)"
SCOPE_3,ref_business_travel_land,cars_by_size_medium_car_battery_electric_vehicle_miles,STANDARD,UK,miles,0.07443,"DEFRA/DESNZ 2024 full set (advanced users) — sheet 'Business travel- land', row 50 (group: Battery Electric Vehicle; activity/type: Cars (by size) / Medium car)"
SCOPE_3,ref_business_travel_land,cars_by_size_large_car_diesel_km,STANDARD,UK,km,0.20729,"DEFRA/DESNZ 2024 full set (advanced users) — sheet 'Business travel- land', row 51 (group: Diesel; activity/type: Cars (by size) / Large car)"
SCOPE_3,ref_business_travel_land,cars_by_size_large_car_petrol_km,STANDARD,UK,km,0.26885,"DEFRA/DESNZ 2024 full set (advanced users) — sheet 'Business travel- land', row 51 (group: Petrol; activity/type: Cars (by size) / Large car)"
SCOPE_3,ref_business_travel_land,cars_by_size_large_car_hybrid_km,STANDARD,UK,km,0.15486,"DEFRA/DESNZ 2024 full set (advanced users) — sheet 'Business travel- land', row 51 (group: Hybrid; activity/type: Cars (by size) / Large car)"
SCOPE_3,ref_business_travel_land,cars_by_size_large_car_cng_km,STANDARD,UK,km,0.23705,"DEFRA/DESNZ 2024 full set (advanced users) — sheet 'Business travel- land', row 51 (group: CNG; activity/type: Cars (by size) / Large car)"
SCOPE_3,ref_business_travel_land,cars_by_size_large_car_lpg_km,STANDARD,UK,km,0.26759,"DEFRA/DESNZ 2024 full set (advanced users) — sheet 'Business travel- land', row 51 (group: LPG; activity/type: Cars (by size) / Large car)"
SCOPE_3,ref_business_travel_land,cars_by_size_large_car_unknown_km,STANDARD,UK,km,0.22472,"DEFRA/DESNZ 2024 full set (advanced users) — sheet 'Business travel- land', row 51 (group: Unknown; activity/type: Cars (by size) / Large car)"
SCOPE_3,ref_business_travel_land,cars_by_size_large_car_plug_in_hybrid_electric_vehicle_km,STANDARD,UK,km,0.11923,"DEFRA/DESNZ 2024 full set (advanced users) — sheet 'Business travel- land', row 51 (group: Plug-in Hybrid Electric Vehicle; activity/type: Cars (by size) / Large car)"
SCOPE_3,ref_business_travel_land,cars_by_size_large_car_battery_electric_vehicle_km,STANDARD,UK,km,0.04925,"DEFRA/DESNZ 2024 full set (advanced users) — sheet 'Business travel- land', row 51 (group: Battery Electric Vehicle; activity/type: Cars (by size) / Large car)"
SCOPE_3,ref_business_travel_land,cars_by_size_large_car_diesel_miles,STANDARD,UK,miles,0.33362,"DEFRA/DESNZ 2024 full set (advanced users) — sheet 'Business travel- land', row 52 (group: Diesel; activity/type: Cars (by size) / Large car)"
SCOPE_3,ref_business_travel_land,cars_by_size_large_car_petrol_miles,STANDARD,UK,miles,0.43267,"DEFRA/DESNZ 2024 full set (advanced users) — sheet 'Business travel- land', row 52 (group: Petrol; activity/type: Cars (by size) / Large car)"
SCOPE_3,ref_business_travel_land,cars_by_size_large_car_hybrid_miles,STANDARD,UK,miles,0.24921,"DEFRA/DESNZ 2024 full set (advanced users) — sheet 'Business travel- land', row 52 (group: Hybrid; activity/type: Cars (by size) / Large car)"
SCOPE_3,ref_business_travel_land,cars_by_size_large_car_cng_miles,STANDARD,UK,miles,0.38151,"DEFRA/DESNZ 2024 full set (advanced users) — sheet 'Business travel- land', row 52 (group: CNG; activity/type: Cars (by size) / Large car)"
SCOPE_3,ref_business_travel_land,cars_by_size_large_car_lpg_miles,STANDARD,UK,miles,0.43064,"DEFRA/DESNZ 2024 full set (advanced users) — sheet 'Business travel- land', row 52 (group: LPG; activity/type: Cars (by size) / Large car)"
SCOPE_3,ref_business_travel_land,cars_by_size_large_car_unknown_miles,STANDARD,UK,miles,0.36164,"DEFRA/DESNZ 2024 full set (advanced users) — sheet 'Business travel- land', row 52 (group: Unknown; activity/type: Cars (by size) / Large car)"
SCOPE_3,ref_business_travel_land,cars_by_size_large_car_plug_in_hybrid_electric_vehicle_miles,STANDARD,UK,miles,0.1919,"DEFRA/DESNZ 2024 full set (advanced users) — sheet 'Business travel- land', row 52 (group: Plug-in Hybrid Electric Vehicle; activity/type: Cars (by size) / Large car)"
SCOPE_3,ref_business_travel_land,cars_by_size_large_car_battery_electric_vehicle_miles,STANDARD,UK,miles,0.07925,"DEFRA/DESNZ 2024 full set (advanced users) — sheet 'Business travel- land', row 52 (group: Battery Electric Vehicle; activity/type: Cars (by size) / Large car)"
SCOPE_3,ref_business_travel_land,cars_by_size_average_car_diesel_km,STANDARD,UK,km,0.16984,"DEFRA/DESNZ 2024 full set (advanced users) — sheet 'Business travel- land', row 53 (group: Diesel; activity/type: Cars (by size) / Average car)"
SCOPE_3,ref_business_travel_land,cars_by_size_average_car_petrol_km,STANDARD,UK,km,0.1645,"DEFRA/DESNZ 2024 full set (advanced users) — sheet 'Business travel- land', row 53 (group: Petrol; activity/type: Cars (by size) / Average car)"
SCOPE_3,ref_business_travel_land,cars_by_size_average_car_hybrid_km,STANDARD,UK,km,0.12607,"DEFRA/DESNZ 2024 full set (advanced users) — sheet 'Business travel- land', row 53 (group: Hybrid; activity/type: Cars (by size) / Average car)"
SCOPE_3,ref_business_travel_land,cars_by_size_average_car_cng_km,STANDARD,UK,km,0.17514,"DEFRA/DESNZ 2024 full set (advanced users) — sheet 'Business travel- land', row 53 (group: CNG; activity/type: Cars (by size) / Average car)"
SCOPE_3,ref_business_travel_land,cars_by_size_average_car_lpg_km,STANDARD,UK,km,0.19718,"DEFRA/DESNZ 2024 full set (advanced users) — sheet 'Business travel- land', row 53 (group: LPG; activity/type: Cars (by size) / Average car)"
SCOPE_3,ref_business_travel_land,cars_by_size_average_car_unknown_km,STANDARD,UK,km,0.16691,"DEFRA/DESNZ 2024 full set (advanced users) — sheet 'Business travel- land', row 53 (group: Unknown; activity/type: Cars (by size) / Average car)"
SCOPE_3,ref_business_travel_land,cars_by_size_average_car_plug_in_hybrid_electric_vehicle_km,STANDARD,UK,km,0.10853,"DEFRA/DESNZ 2024 full set (advanced users) — sheet 'Business travel- land', row 53 (group: Plug-in Hybrid Electric Vehicle; activity/type: Cars (by size) / Average car)"
SCOPE_3,ref_business_travel_land,cars_by_size_average_car_battery_electric_vehicle_km,STANDARD,UK,km,0.04745,"DEFRA/DESNZ 2024 full set (advanced users) — sheet 'Business travel- land', row 53 (group: Battery Electric Vehicle; activity/type: Cars (by size) / Average car)"
SCOPE_3,ref_business_travel_land,cars_by_size_average_car_diesel_miles,STANDARD,UK,miles,0.27334,"DEFRA/DESNZ 2024 full set (advanced users) — sheet 'Business travel- land', row 54 (group: Diesel; activity/type: Cars (by size) / Average car)"
SCOPE_3,ref_business_travel_land,cars_by_size_average_car_petrol_miles,STANDARD,UK,miles,0.26473,"DEFRA/DESNZ 2024 full set (advanced users) — sheet 'Business travel- land', row 54 (group: Petrol; activity/type: Cars (by size) / Average car)"
SCOPE_3,ref_business_travel_land,cars_by_size_average_car_hybrid_miles,STANDARD,UK,miles,0.20288,"DEFRA/DESNZ 2024 full set (advanced users) — sheet 'Business travel- land', row 54 (group: Hybrid; activity/type: Cars (by size) / Average car)"
SCOPE_3,ref_business_travel_land,cars_by_size_average_car_cng_miles,STANDARD,UK,miles,0.28187,"DEFRA/DESNZ 2024 full set (advanced users) — sheet 'Business travel- land', row 54 (group: CNG; activity/type: Cars (by size) / Average car)"
SCOPE_3,ref_business_travel_land,cars_by_size_average_car_lpg_miles,STANDARD,UK,miles,0.31732,"DEFRA/DESNZ 2024 full set (advanced users) — sheet 'Business travel- land', row 54 (group: LPG; activity/type: Cars (by size) / Average car)"
SCOPE_3,ref_business_travel_land,cars_by_size_average_car_unknown_miles,STANDARD,UK,miles,0.2686,"DEFRA/DESNZ 2024 full set (advanced users) — sheet 'Business travel- land', row 54 (group: Unknown; activity/type: Cars (by size) / Average car)"
SCOPE_3,ref_business_travel_land,cars_by_size_average_car_plug_in_hybrid_electric_vehicle_miles,STANDARD,UK,miles,0.17465,"DEFRA/DESNZ 2024 full set (advanced users) — sheet 'Business travel- land', row 54 (group: Plug-in Hybrid Electric Vehicle; activity/type: Cars (by size) / Average car)"
SCOPE_3,ref_business_travel_land,cars_by_size_average_car_battery_electric_vehicle_miles,STANDARD,UK,miles,0.07636,"DEFRA/DESNZ 2024 full set (advanced users) — sheet 'Business travel- land', row 54 (group: Battery Electric Vehicle; activity/type: Cars (by size) / Average car)"
SCOPE_3,ref_business_travel_land,motorbike_small_km,STANDARD,UK,km,0.08319,"DEFRA/DESNZ 2024 full set (advanced users) — sheet 'Business travel- land', row 59 (activity/type: Motorbike / Small)"
SCOPE_3,ref_business_travel_land,motorbike_small_miles,STANDARD,UK,miles,0.13389,"DEFRA/DESNZ 2024 full set (advanced users) — sheet 'Business travel- land', row 60 (activity/type: Motorbike / Small)"
SCOPE_3,ref_business_travel_land,motorbike_medium_km,STANDARD,UK,km,0.10107,"DEFRA/DESNZ 2024 full set (advanced users) — sheet 'Business travel- land', row 61 (activity/type: Motorbike / Medium)"
SCOPE_3,ref_business_travel_land,motorbike_medium_miles,STANDARD,UK,miles,0.16265,"DEFRA/DESNZ 2024 full set (advanced users) — sheet 'Business travel- land', row 62 (activity/type: Motorbike / Medium)"
SCOPE_3,ref_business_travel_land,motorbike_large_km,STANDARD,UK,km,0.13252,"DEFRA/DESNZ 2024 full set (advanced users) — sheet 'Business travel- land', row 63 (activity/type: Motorbike / Large)"
SCOPE_3,ref_business_travel_land,motorbike_large_miles,STANDARD,UK,miles,0.21326,"DEFRA/DESNZ 2024 full set (advanced users) — sheet 'Business travel- land', row 64 (activity/type: Motorbike / Large)"
SCOPE_3,ref_business_travel_land,motorbike_average_km,STANDARD,UK,km,0.11367,"DEFRA/DESNZ 2024 full set (advanced users) — sheet 'Business travel- land', row 65 (activity/type: Motorbike / Average)"
SCOPE_3,ref_business_travel_land,motorbike_average_miles,STANDARD,UK,miles,0.18293,"DEFRA/DESNZ 2024 full set (advanced users) — sheet 'Business travel- land', row 66 (activity/type: Motorbike / Average)"
SCOPE_3,ref_business_travel_land,taxis_regular_taxi_passenger_km,STANDARD,UK,passenger.km,0.14861,"DEFRA/DESNZ 2024 full set (advanced users) — sheet 'Business travel- land', row 71 (activity/type: Taxis / Regular taxi)"
SCOPE_3,ref_business_travel_land,taxis_regular_taxi_km,STANDARD,UK,km,0.20805,"DEFRA/DESNZ 2024 full set (advanced users) — sheet 'Business travel- land', row 72 (activity/type: Taxis / Regular taxi)"
SCOPE_3,ref_business_travel_land,taxis_black_cab_passenger_km,STANDARD,UK,passenger.km,0.20402,"DEFRA/DESNZ 2024 full set (advanced users) — sheet 'Business travel- land', row 73 (activity/type: Taxis / Black cab)"
SCOPE_3,ref_business_travel_land,taxis_black_cab_km,STANDARD,UK,km,0.30603,"DEFRA/DESNZ 2024 full set (advanced users) — sheet 'Business travel- land', row 74 (activity/type: Taxis / Black cab)"
SCOPE_3,ref_business_travel_land,bus_local_bus_not_london_passenger_km,STANDARD,UK,passenger.km,0.12999,"DEFRA/DESNZ 2024 full set (advanced users) — sheet 'Business travel- land', row 79 (activity/type: Bus / Local bus (not London))"
SCOPE_3,ref_business_travel_land,bus_local_london_bus_passenger_km,STANDARD,UK,passenger.km,0.07447,"DEFRA/DESNZ 2024 full set (advanced users) — sheet 'Business travel- land', row 80 (activity/type: Bus / Local London bus)"
SCOPE_3,ref_business_travel_land,bus_average_local_bus_passenger_km,STANDARD,UK,passenger.km,0.10846,"DEFRA/DESNZ 2024 full set (advanced users) — sheet 'Business travel- land', row 81 (activity/type: Bus / Average local bus)"
SCOPE_3,ref_business_travel_land,bus_coach_passenger_km,STANDARD,UK,passenger.km,0.02717,"DEFRA/DESNZ 2024 full set (advanced users) — sheet 'Business travel- land', row 82 (activity/type: Bus / Coach)"
SCOPE_3,ref_business_travel_land,rail_national_rail_passenger_km,STANDARD,UK,passenger.km,0.03546,"DEFRA/DESNZ 2024 full set (advanced users) — sheet 'Business travel- land', row 87 (activity/type: Rail / National rail)"
SCOPE_3,ref_business_travel_land,rail_international_rail_passenger_km,STANDARD,UK,passenger.km,0.00446,"DEFRA/DESNZ 2024 full set (advanced users) — sheet 'Business travel- land', row 88 (activity/type: Rail / International rail)"
SCOPE_3,ref_business_travel_land,rail_light_rail_and_tram_passenger_km,STANDARD,UK,passenger.km,0.0286,"DEFRA/DESNZ 2024 full set (advanced users) — sheet 'Business travel- land', row 89 (activity/type: Rail / Light rail and tram)"
SCOPE_3,ref_business_travel_land,rail_london_underground_passenger_km,STANDARD,UK,passenger.km,0.0278,"DEFRA/DESNZ 2024 full set (advanced users) — sheet 'Business travel- land', row 90 (activity/type: Rail / London Underground)"
SCOPE_3,ref_wtt_pass_vehs_travel_land,wtt_cars_by_market_segment_mini_diesel_km,STANDARD,UK,km,0.02613,"DEFRA/DESNZ 2024 full set (advanced users) — sheet 'WTT- pass vehs & travel- land', row 21 (group: Diesel; activity/type: WTT- cars (by market segment) / Mini)"
SCOPE_3,ref_wtt_pass_vehs_travel_land,wtt_cars_by_market_segment_mini_petrol_km,STANDARD,UK,km,0.03655,"DEFRA/DESNZ 2024 full set (advanced users) — sheet 'WTT- pass vehs & travel- land', row 21 (group: Petrol; activity/type: WTT- cars (by market segment) / Mini)"
SCOPE_3,ref_wtt_pass_vehs_travel_land,wtt_cars_by_market_segment_mini_unknown_km,STANDARD,UK,km,0.03648,"DEFRA/DESNZ 2024 full set (advanced users) — sheet 'WTT- pass vehs & travel- land', row 21 (group: Unknown; activity/type: WTT- cars (by market segment) / Mini)"
SCOPE_3,ref_wtt_pass_vehs_travel_land,wtt_cars_by_market_segment_mini_battery_electric_vehicle_km,STANDARD,UK,km,0.00851,"DEFRA/DESNZ 2024 full set (advanced users) — sheet 'WTT- pass vehs & travel- land', row 21 (group: Battery Electric Vehicle; activity/type: WTT- cars (by market segment) / Mini)"
SCOPE_3,ref_wtt_pass_vehs_travel_land,wtt_cars_by_market_segment_mini_diesel_miles,STANDARD,UK,miles,0.04205,"DEFRA/DESNZ 2024 full set (advanced users) — sheet 'WTT- pass vehs & travel- land', row 22 (group: Diesel; activity/type: WTT- cars (by market segment) / Mini)"
SCOPE_3,ref_wtt_pass_vehs_travel_land,wtt_cars_by_market_segment_mini_petrol_miles,STANDARD,UK,miles,0.05881,"DEFRA/DESNZ 2024 full set (advanced users) — sheet 'WTT- pass vehs & travel- land', row 22 (group: Petrol; activity/type: WTT- cars (by market segment) / Mini)"
SCOPE_3,ref_wtt_pass_vehs_travel_land,wtt_cars_by_market_segment_mini_unknown_miles,STANDARD,UK,miles,0.05871,"DEFRA/DESNZ 2024 full set (advanced users) — sheet 'WTT- pass vehs & travel- land', row 22 (group: Unknown; activity/type: WTT- cars (by market segment) / Mini)"
SCOPE_3,ref_wtt_pass_vehs_travel_land,wtt_cars_by_market_segment_mini_battery_electric_vehicle_miles,STANDARD,UK,miles,0.0137,"DEFRA/DESNZ 2024 full set (advanced users) — sheet 'WTT- pass vehs & travel- land', row 22 (group: Battery Electric Vehicle; activity/type: WTT- cars (by market segment) / Mini)"
SCOPE_3,ref_wtt_pass_vehs_travel_land,wtt_cars_by_market_segment_supermini_diesel_km,STANDARD,UK,km,0.03208,"DEFRA/DESNZ 2024 full set (advanced users) — sheet 'WTT- pass vehs & travel- land', row 23 (group: Diesel; activity/type: WTT- cars (by market segment) / Supermini)"
SCOPE_3,ref_wtt_pass_vehs_travel_land,wtt_cars_by_market_segment_supermini_petrol_km,STANDARD,UK,km,0.04019,"DEFRA/DESNZ 2024 full set (advanced users) — sheet 'WTT- pass vehs & travel- land', row 23 (group: Petrol; activity/type: WTT- cars (by market segment) / Supermini)"
SCOPE_3,ref_wtt_pass_vehs_travel_land,wtt_cars_by_market_segment_supermini_unknown_km,STANDARD,UK,km,0.03929,"DEFRA/DESNZ 2024 full set (advanced users) — sheet 'WTT- pass vehs & travel- land', row 23 (group: Unknown; activity/type: WTT- cars (by market segment) / Supermini)"
SCOPE_3,ref_wtt_pass_vehs_travel_land,wtt_cars_by_market_segment_supermini_plug_in_hybrid_electric_vehicle_km,STANDARD,UK,km,0.0152,"DEFRA/DESNZ 2024 full set (advanced users) — sheet 'WTT- pass vehs & travel- land', row 23 (group: Plug-in Hybrid Electric Vehicle; activity/type: WTT- cars (by market segment) / Supermini)"
SCOPE_3,ref_wtt_pass_vehs_travel_land,wtt_cars_by_market_segment_supermini_battery_electric_vehicle_km,STANDARD,UK,km,0.00971,"DEFRA/DESNZ 2024 full set (advanced users) — sheet 'WTT- pass vehs & travel- land', row 23 (group: Battery Electric Vehicle; activity/type: WTT- cars (by market segment) / Supermini)"
SCOPE_3,ref_wtt_pass_vehs_travel_land,wtt_cars_by_market_segment_supermini_diesel_miles,STANDARD,UK,miles,0.05162,"DEFRA/DESNZ 2024 full set (advanced users) — sheet 'WTT- pass vehs & travel- land', row 24 (group: Diesel; activity/type: WTT- cars (by market segment) / Supermini)"
SCOPE_3,ref_wtt_pass_vehs_travel_land,wtt_cars_by_market_segment_supermini_petrol_miles,STANDARD,UK,miles,0.06469,"DEFRA/DESNZ 2024 full set (advanced users) — sheet 'WTT- pass vehs & travel- land', row 24 (group: Petrol; activity/type: WTT- cars (by market segment) / Supermini)"
SCOPE_3,ref_wtt_pass_vehs_travel_land,wtt_cars_by_market_segment_supermini_unknown_miles,STANDARD,UK,miles,0.06324,"DEFRA/DESNZ 2024 full set (advanced users) — sheet 'WTT- pass vehs & travel- land', row 24 (group: Unknown; activity/type: WTT- cars (by market segment) / Supermini)"
SCOPE_3,ref_wtt_pass_vehs_travel_land,wtt_cars_by_market_segment_supermini_plug_in_hybrid_electric_vehicle_miles,STANDARD,UK,miles,0.02446,"DEFRA/DESNZ 2024 full set (advanced users) — sheet 'WTT- pass vehs & travel- land', row 24 (group: Plug-in Hybrid Electric Vehicle; activity/type: WTT- cars (by market segment) / Supermini)"
SCOPE_3,ref_wtt_pass_vehs_travel_land,wtt_cars_by_market_segment_supermini_battery_electric_vehicle_miles,STANDARD,UK,miles,0.01563,"DEFRA/DESNZ 2024 full set (advanced users) — sheet 'WTT- pass vehs & travel- land', row 24 (group: Battery Electric Vehicle; activity/type: WTT- cars (by market segment) / Supermini)"
SCOPE_3,ref_wtt_pass_vehs_travel_land,wtt_cars_by_market_segment_lower_medium_diesel_km,STANDARD,UK,km,0.03482,"DEFRA/DESNZ 2024 full set (advanced users) — sheet 'WTT- pass vehs & travel- land', row 25 (group: Diesel; activity/type: WTT- cars (by market segment) / Lower medium)"
SCOPE_3,ref_wtt_pass_vehs_travel_land,wtt_cars_by_market_segment_lower_medium_petrol_km,STANDARD,UK,km,0.04582,"DEFRA/DESNZ 2024 full set (advanced users) — sheet 'WTT- pass vehs & travel- land', row 25 (group: Petrol; activity/type: WTT- cars (by market segment) / Lower medium)"
SCOPE_3,ref_wtt_pass_vehs_travel_land,wtt_cars_by_market_segment_lower_medium_unknown_km,STANDARD,UK,km,0.04114,"DEFRA/DESNZ 2024 full set (advanced users) — sheet 'WTT- pass vehs & travel- land', row 25 (group: Unknown; activity/type: WTT- cars (by market segment) / Lower medium)"
SCOPE_3,ref_wtt_pass_vehs_travel_land,wtt_cars_by_market_segment_lower_medium_plug_in_hybrid_electric_vehicle_km,STANDARD,UK,km,0.0242,"DEFRA/DESNZ 2024 full set (advanced users) — sheet 'WTT- pass vehs & travel- land', row 25 (group: Plug-in Hybrid Electric Vehicle; activity/type: WTT- cars (by market segment) / Lower medium)"
SCOPE_3,ref_wtt_pass_vehs_travel_land,wtt_cars_by_market_segment_lower_medium_battery_electric_vehicle_km,STANDARD,UK,km,0.0102,"DEFRA/DESNZ 2024 full set (advanced users) — sheet 'WTT- pass vehs & travel- land', row 25 (group: Battery Electric Vehicle; activity/type: WTT- cars (by market segment) / Lower medium)"
SCOPE_3,ref_wtt_pass_vehs_travel_land,wtt_cars_by_market_segment_lower_medium_diesel_miles,STANDARD,UK,miles,0.05603,"DEFRA/DESNZ 2024 full set (advanced users) — sheet 'WTT- pass vehs & travel- land', row 26 (group: Diesel; activity/type: WTT- cars (by market segment) / Lower medium)"
SCOPE_3,ref_wtt_pass_vehs_travel_land,wtt_cars_by_market_segment_lower_medium_petrol_miles,STANDARD,UK,miles,0.07375,"DEFRA/DESNZ 2024 full set (advanced users) — sheet 'WTT- pass vehs & travel- land', row 26 (group: Petrol; activity/type: WTT- cars (by market segment) / Lower medium)"
SCOPE_3,ref_wtt_pass_vehs_travel_land,wtt_cars_by_market_segment_lower_medium_unknown_miles,STANDARD,UK,miles,0.0662,"DEFRA/DESNZ 2024 full set (advanced users) — sheet 'WTT- pass vehs & travel- land', row 26 (group: Unknown; activity/type: WTT- cars (by market segment) / Lower medium)"
SCOPE_3,ref_wtt_pass_vehs_travel_land,wtt_cars_by_market_segment_lower_medium_plug_in_hybrid_electric_vehicle_miles,STANDARD,UK,miles,0.03894,"DEFRA/DESNZ 2024 full set (advanced users) — sheet 'WTT- pass vehs & travel- land', row 26 (group: Plug-in Hybrid Electric Vehicle; activity/type: WTT- cars (by market segment) / Lower medium)"
SCOPE_3,ref_wtt_pass_vehs_travel_land,wtt_cars_by_market_segment_lower_medium_battery_electric_vehicle_miles,STANDARD,UK,miles,0.01642,"DEFRA/DESNZ 2024 full set (advanced users) — sheet 'WTT- pass vehs & travel- land', row 26 (group: Battery Electric Vehicle; activity/type: WTT- cars (by market segment) / Lower medium)"
SCOPE_3,ref_wtt_pass_vehs_travel_land,wtt_cars_by_market_segment_upper_medium_diesel_km,STANDARD,UK,km,0.03915,"DEFRA/DESNZ 2024 full set (advanced users) — sheet 'WTT- pass vehs & travel- land', row 27 (group: Diesel; activity/type: WTT- cars (by market segment) / Upper medium)"
SCOPE_3,ref_wtt_pass_vehs_travel_land,wtt_cars_by_market_segment_upper_medium_petrol_km,STANDARD,UK,km,0.05301,"DEFRA/DESNZ 2024 full set (advanced users) — sheet 'WTT- pass vehs & travel- land', row 27 (group: Petrol; activity/type: WTT- cars (by market segment) / Upper medium)"
SCOPE_3,ref_wtt_pass_vehs_travel_land,wtt_cars_by_market_segment_upper_medium_unknown_km,STANDARD,UK,km,0.04255,"DEFRA/DESNZ 2024 full set (advanced users) — sheet 'WTT- pass vehs & travel- land', row 27 (group: Unknown; activity/type: WTT- cars (by market segment) / Upper medium)"
SCOPE_3,ref_wtt_pass_vehs_travel_land,wtt_cars_by_market_segment_upper_medium_plug_in_hybrid_electric_vehicle_km,STANDARD,UK,km,0.02629,"DEFRA/DESNZ 2024 full set (advanced users) — sheet 'WTT- pass vehs & travel- land', row 27 (group: Plug-in Hybrid Electric Vehicle; activity/type: WTT- cars (by market segment) / Upper medium)"
SCOPE_3,ref_wtt_pass_vehs_travel_land,wtt_cars_by_market_segment_upper_medium_battery_electric_vehicle_km,STANDARD,UK,km,0.01044,"DEFRA/DESNZ 2024 full set (advanced users) — sheet 'WTT- pass vehs & travel- land', row 27 (group: Battery Electric Vehicle; activity/type: WTT- cars (by market segment) / Upper medium)"
SCOPE_3,ref_wtt_pass_vehs_travel_land,wtt_cars_by_market_segment_upper_medium_diesel_miles,STANDARD,UK,miles,0.06301,"DEFRA/DESNZ 2024 full set (advanced users) — sheet 'WTT- pass vehs & travel- land', row 28 (group: Diesel; activity/type: WTT- cars (by market segment) / Upper medium)"
SCOPE_3,ref_wtt_pass_vehs_travel_land,wtt_cars_by_market_segment_upper_medium_petrol_miles,STANDARD,UK,miles,0.08531,"DEFRA/DESNZ 2024 full set (advanced users) — sheet 'WTT- pass vehs & travel- land', row 28 (group: Petrol; activity/type: WTT- cars (by market segment) / Upper medium)"
SCOPE_3,ref_wtt_pass_vehs_travel_land,wtt_cars_by_market_segment_upper_medium_unknown_miles,STANDARD,UK,miles,0.06847,"DEFRA/DESNZ 2024 full set (advanced users) — sheet 'WTT- pass vehs & travel- land', row 28 (group: Unknown; activity/type: WTT- cars (by market segment) / Upper medium)"
SCOPE_3,ref_wtt_pass_vehs_travel_land,wtt_cars_by_market_segment_upper_medium_plug_in_hybrid_electric_vehicle_miles,STANDARD,UK,miles,0.04231,"DEFRA/DESNZ 2024 full set (advanced users) — sheet 'WTT- pass vehs & travel- land', row 28 (group: Plug-in Hybrid Electric Vehicle; activity/type: WTT- cars (by market segment) / Upper medium)"
SCOPE_3,ref_wtt_pass_vehs_travel_land,wtt_cars_by_market_segment_upper_medium_battery_electric_vehicle_miles,STANDARD,UK,miles,0.0168,"DEFRA/DESNZ 2024 full set (advanced users) — sheet 'WTT- pass vehs & travel- land', row 28 (group: Battery Electric Vehicle; activity/type: WTT- cars (by market segment) / Upper medium)"
SCOPE_3,ref_wtt_pass_vehs_travel_land,wtt_cars_by_market_segment_executive_diesel_km,STANDARD,UK,km,0.0415,"DEFRA/DESNZ 2024 full set (advanced users) — sheet 'WTT- pass vehs & travel- land', row 29 (group: Diesel; activity/type: WTT- cars (by market segment) / Executive)"
SCOPE_3,ref_wtt_pass_vehs_travel_land,wtt_cars_by_market_segment_executive_petrol_km,STANDARD,UK,km,0.05824,"DEFRA/DESNZ 2024 full set (advanced users) — sheet 'WTT- pass vehs & travel- land', row 29 (group: Petrol; activity/type: WTT- cars (by market segment) / Executive)"
SCOPE_3,ref_wtt_pass_vehs_travel_land,wtt_cars_by_market_segment_executive_unknown_km,STANDARD,UK,km,0.04557,"DEFRA/DESNZ 2024 full set (advanced users) — sheet 'WTT- pass vehs & travel- land', row 29 (group: Unknown; activity/type: WTT- cars (by market segment) / Executive)"
SCOPE_3,ref_wtt_pass_vehs_travel_land,wtt_cars_by_market_segment_executive_plug_in_hybrid_electric_vehicle_km,STANDARD,UK,km,0.02588,"DEFRA/DESNZ 2024 full set (advanced users) — sheet 'WTT- pass vehs & travel- land', row 29 (group: Plug-in Hybrid Electric Vehicle; activity/type: WTT- cars (by market segment) / Executive)"
SCOPE_3,ref_wtt_pass_vehs_travel_land,wtt_cars_by_market_segment_executive_battery_electric_vehicle_km,STANDARD,UK,km,0.00944,"DEFRA/DESNZ 2024 full set (advanced users) — sheet 'WTT- pass vehs & travel- land', row 29 (group: Battery Electric Vehicle; activity/type: WTT- cars (by market segment) / Executive)"
SCOPE_3,ref_wtt_pass_vehs_travel_land,wtt_cars_by_market_segment_executive_diesel_miles,STANDARD,UK,miles,0.06679,"DEFRA/DESNZ 2024 full set (advanced users) — sheet 'WTT- pass vehs & travel- land', row 30 (group: Diesel; activity/type: WTT- cars (by market segment) / Executive)"
SCOPE_3,ref_wtt_pass_vehs_travel_land,wtt_cars_by_market_segment_executive_petrol_miles,STANDARD,UK,miles,0.09373,"DEFRA/DESNZ 2024 full set (advanced users) — sheet 'WTT- pass vehs & travel- land', row 30 (group: Petrol; activity/type: WTT- cars (by market segment) / Executive)"
SCOPE_3,ref_wtt_pass_vehs_travel_land,wtt_cars_by_market_segment_executive_unknown_miles,STANDARD,UK,miles,0.07334,"DEFRA/DESNZ 2024 full set (advanced users) — sheet 'WTT- pass vehs & travel- land', row 30 (group: Unknown; activity/type: WTT- cars (by market segment) / Executive)"
SCOPE_3,ref_wtt_pass_vehs_travel_land,wtt_cars_by_market_segment_executive_plug_in_hybrid_electric_vehicle_miles,STANDARD,UK,miles,0.04165,"DEFRA/DESNZ 2024 full set (advanced users) — sheet 'WTT- pass vehs & travel- land', row 30 (group: Plug-in Hybrid Electric Vehicle; activity/type: WTT- cars (by market segment) / Executive)"
SCOPE_3,ref_wtt_pass_vehs_travel_land,wtt_cars_by_market_segment_executive_battery_electric_vehicle_miles,STANDARD,UK,miles,0.01519,"DEFRA/DESNZ 2024 full set (advanced users) — sheet 'WTT- pass vehs & travel- land', row 30 (group: Battery Electric Vehicle; activity/type: WTT- cars (by market segment) / Executive)"
SCOPE_3,ref_wtt_pass_vehs_travel_land,wtt_cars_by_market_segment_luxury_diesel_km,STANDARD,UK,km,0.05061,"DEFRA/DESNZ 2024 full set (advanced users) — sheet 'WTT- pass vehs & travel- land', row 31 (group: Diesel; activity/type: WTT- cars (by market segment) / Luxury)"
SCOPE_3,ref_wtt_pass_vehs_travel_land,wtt_cars_by_market_segment_luxury_petrol_km,STANDARD,UK,km,0.08949,"DEFRA/DESNZ 2024 full set (advanced users) — sheet 'WTT- pass vehs & travel- land', row 31 (group: Petrol; activity/type: WTT- cars (by market segment) / Luxury)"
SCOPE_3,ref_wtt_pass_vehs_travel_land,wtt_cars_by_market_segment_luxury_unknown_km,STANDARD,UK,km,0.06834,"DEFRA/DESNZ 2024 full set (advanced users) — sheet 'WTT- pass vehs & travel- land', row 31 (group: Unknown; activity/type: WTT- cars (by market segment) / Luxury)"
SCOPE_3,ref_wtt_pass_vehs_travel_land,wtt_cars_by_market_segment_luxury_plug_in_hybrid_electric_vehicle_km,STANDARD,UK,km,0.03629,"DEFRA/DESNZ 2024 full set (advanced users) — sheet 'WTT- pass vehs & travel- land', row 31 (group: Plug-in Hybrid Electric Vehicle; activity/type: WTT- cars (by market segment) / Luxury)"
SCOPE_3,ref_wtt_pass_vehs_travel_land,wtt_cars_by_market_segment_luxury_battery_electric_vehicle_km,STANDARD,UK,km,0.01272,"DEFRA/DESNZ 2024 full set (advanced users) — sheet 'WTT- pass vehs & travel- land', row 31 (group: Battery Electric Vehicle; activity/type: WTT- cars (by market segment) / Luxury)"
SCOPE_3,ref_wtt_pass_vehs_travel_land,wtt_cars_by_market_segment_luxury_diesel_miles,STANDARD,UK,miles,0.08145,"DEFRA/DESNZ 2024 full set (advanced users) — sheet 'WTT- pass vehs & travel- land', row 32 (group: Diesel; activity/type: WTT- cars (by market segment) / Luxury)"
SCOPE_3,ref_wtt_pass_vehs_travel_land,wtt_cars_by_market_segment_luxury_petrol_miles,STANDARD,UK,miles,0.14403,"DEFRA/DESNZ 2024 full set (advanced users) — sheet 'WTT- pass vehs & travel- land', row 32 (group: Petrol; activity/type: WTT- cars (by market segment) / Luxury)"
SCOPE_3,ref_wtt_pass_vehs_travel_land,wtt_cars_by_market_segment_luxury_unknown_miles,STANDARD,UK,miles,0.10998,"DEFRA/DESNZ 2024 full set (advanced users) — sheet 'WTT- pass vehs & travel- land', row 32 (group: Unknown; activity/type: WTT- cars (by market segment) / Luxury)"
SCOPE_3,ref_wtt_pass_vehs_travel_land,wtt_cars_by_market_segment_luxury_plug_in_hybrid_electric_vehicle_miles,STANDARD,UK,miles,0.05841,"DEFRA/DESNZ 2024 full set (advanced users) — sheet 'WTT- pass vehs & travel- land', row 32 (group: Plug-in Hybrid Electric Vehicle; activity/type: WTT- cars (by market segment) / Luxury)"
SCOPE_3,ref_wtt_pass_vehs_travel_land,wtt_cars_by_market_segment_luxury_battery_electric_vehicle_miles,STANDARD,UK,miles,0.02047,"DEFRA/DESNZ 2024 full set (advanced users) — sheet 'WTT- pass vehs & travel- land', row 32 (group: Battery Electric Vehicle; activity/type: WTT- cars (by market segment) / Luxury)"
SCOPE_3,ref_wtt_pass_vehs_travel_land,wtt_cars_by_market_segment_sports_diesel_km,STANDARD,UK,km,0.04154,"DEFRA/DESNZ 2024 full set (advanced users) — sheet 'WTT- pass vehs & travel- land', row 33 (group: Diesel; activity/type: WTT- cars (by market segment) / Sports)"
SCOPE_3,ref_wtt_pass_vehs_travel_land,wtt_cars_by_market_segment_sports_petrol_km,STANDARD,UK,km,0.06587,"DEFRA/DESNZ 2024 full set (advanced users) — sheet 'WTT- pass vehs & travel- land', row 33 (group: Petrol; activity/type: WTT- cars (by market segment) / Sports)"
SCOPE_3,ref_wtt_pass_vehs_travel_land,wtt_cars_by_market_segment_sports_unknown_km,STANDARD,UK,km,0.06208,"DEFRA/DESNZ 2024 full set (advanced users) — sheet 'WTT- pass vehs & travel- land', row 33 (group: Unknown; activity/type: WTT- cars (by market segment) / Sports)"
SCOPE_3,ref_wtt_pass_vehs_travel_land,wtt_cars_by_market_segment_sports_plug_in_hybrid_electric_vehicle_km,STANDARD,UK,km,0.03615,"DEFRA/DESNZ 2024 full set (advanced users) — sheet 'WTT- pass vehs & travel- land', row 33 (group: Plug-in Hybrid Electric Vehicle; activity/type: WTT- cars (by market segment) / Sports)"
SCOPE_3,ref_wtt_pass_vehs_travel_land,wtt_cars_by_market_segment_sports_battery_electric_vehicle_km,STANDARD,UK,km,0.01628,"DEFRA/DESNZ 2024 full set (advanced users) — sheet 'WTT- pass vehs & travel- land', row 33 (group: Battery Electric Vehicle; activity/type: WTT- cars (by market segment) / Sports)"
SCOPE_3,ref_wtt_pass_vehs_travel_land,wtt_cars_by_market_segment_sports_diesel_miles,STANDARD,UK,miles,0.06686,"DEFRA/DESNZ 2024 full set (advanced users) — sheet 'WTT- pass vehs & travel- land', row 34 (group: Diesel; activity/type: WTT- cars (by market segment) / Sports)"
SCOPE_3,ref_wtt_pass_vehs_travel_land,wtt_cars_by_market_segment_sports_petrol_miles,STANDARD,UK,miles,0.10601,"DEFRA/DESNZ 2024 full set (advanced users) — sheet 'WTT- pass vehs & travel- land', row 34 (group: Petrol; activity/type: WTT- cars (by market segment) / Sports)"
SCOPE_3,ref_wtt_pass_vehs_travel_land,wtt_cars_by_market_segment_sports_unknown_miles,STANDARD,UK,miles,0.09991,"DEFRA/DESNZ 2024 full set (advanced users) — sheet 'WTT- pass vehs & travel- land', row 34 (group: Unknown; activity/type: WTT- cars (by market segment) / Sports)"
SCOPE_3,ref_wtt_pass_vehs_travel_land,wtt_cars_by_market_segment_sports_plug_in_hybrid_electric_vehicle_miles,STANDARD,UK,miles,0.05817,"DEFRA/DESNZ 2024 full set (advanced users) — sheet 'WTT- pass vehs & travel- land', row 34 (group: Plug-in Hybrid Electric Vehicle; activity/type: WTT- cars (by market segment) / Sports)"
SCOPE_3,ref_wtt_pass_vehs_travel_land,wtt_cars_by_market_segment_sports_battery_electric_vehicle_miles,STANDARD,UK,miles,0.02619,"DEFRA/DESNZ 2024 full set (advanced users) — sheet 'WTT- pass vehs & travel- land', row 34 (group: Battery Electric Vehicle; activity/type: WTT- cars (by market segment) / Sports)"
SCOPE_3,ref_wtt_pass_vehs_travel_land,wtt_cars_by_market_segment_dual_purpose_4x4_diesel_km,STANDARD,UK,km,0.0483,"DEFRA/DESNZ 2024 full set (advanced users) — sheet 'WTT- pass vehs & travel- land', row 35 (group: Diesel; activity/type: WTT- cars (by market segment) / Dual purpose 4X4)"
SCOPE_3,ref_wtt_pass_vehs_travel_land,wtt_cars_by_market_segment_dual_purpose_4x4_petrol_km,STANDARD,UK,km,0.0549,"DEFRA/DESNZ 2024 full set (advanced users) — sheet 'WTT- pass vehs & travel- land', row 35 (group: Petrol; activity/type: WTT- cars (by market segment) / Dual purpose 4X4)"
SCOPE_3,ref_wtt_pass_vehs_travel_land,wtt_cars_by_market_segment_dual_purpose_4x4_unknown_km,STANDARD,UK,km,0.05061,"DEFRA/DESNZ 2024 full set (advanced users) — sheet 'WTT- pass vehs & travel- land', row 35 (group: Unknown; activity/type: WTT- cars (by market segment) / Dual purpose 4X4)"
SCOPE_3,ref_wtt_pass_vehs_travel_land,wtt_cars_by_market_segment_dual_purpose_4x4_plug_in_hybrid_electric_vehicle_km,STANDARD,UK,km,0.03308,"DEFRA/DESNZ 2024 full set (advanced users) — sheet 'WTT- pass vehs & travel- land', row 35 (group: Plug-in Hybrid Electric Vehicle; activity/type: WTT- cars (by market segment) / Dual purpose 4X4)"
SCOPE_3,ref_wtt_pass_vehs_travel_land,wtt_cars_by_market_segment_dual_purpose_4x4_battery_electric_vehicle_km,STANDARD,UK,km,0.01106,"DEFRA/DESNZ 2024 full set (advanced users) — sheet 'WTT- pass vehs & travel- land', row 35 (group: Battery Electric Vehicle; activity/type: WTT- cars (by market segment) / Dual purpose 4X4)"
SCOPE_3,ref_wtt_pass_vehs_travel_land,wtt_cars_by_market_segment_dual_purpose_4x4_diesel_miles,STANDARD,UK,miles,0.07773,"DEFRA/DESNZ 2024 full set (advanced users) — sheet 'WTT- pass vehs & travel- land', row 36 (group: Diesel; activity/type: WTT- cars (by market segment) / Dual purpose 4X4)"
SCOPE_3,ref_wtt_pass_vehs_travel_land,wtt_cars_by_market_segment_dual_purpose_4x4_petrol_miles,STANDARD,UK,miles,0.08836,"DEFRA/DESNZ 2024 full set (advanced users) — sheet 'WTT- pass vehs & travel- land', row 36 (group: Petrol; activity/type: WTT- cars (by market segment) / Dual purpose 4X4)"
SCOPE_3,ref_wtt_pass_vehs_travel_land,wtt_cars_by_market_segment_dual_purpose_4x4_unknown_miles,STANDARD,UK,miles,0.08145,"DEFRA/DESNZ 2024 full set (advanced users) — sheet 'WTT- pass vehs & travel- land', row 36 (group: Unknown; activity/type: WTT- cars (by market segment) / Dual purpose 4X4)"
SCOPE_3,ref_wtt_pass_vehs_travel_land,wtt_cars_by_market_segment_dual_purpose_4x4_plug_in_hybrid_electric_vehicle_miles,STANDARD,UK,miles,0.05323,"DEFRA/DESNZ 2024 full set (advanced users) — sheet 'WTT- pass vehs & travel- land', row 36 (group: Plug-in Hybrid Electric Vehicle; activity/type: WTT- cars (by market segment) / Dual purpose 4X4)"
SCOPE_3,ref_wtt_pass_vehs_travel_land,wtt_cars_by_market_segment_dual_purpose_4x4_battery_electric_vehicle_miles,STANDARD,UK,miles,0.0178,"DEFRA/DESNZ 2024 full set (advanced users) — sheet 'WTT- pass vehs & travel- land', row 36 (group: Battery Electric Vehicle; activity/type: WTT- cars (by market segment) / Dual purpose 4X4)"
SCOPE_3,ref_wtt_pass_vehs_travel_land,wtt_cars_by_market_segment_mpv_diesel_km,STANDARD,UK,km,0.04335,"DEFRA/DESNZ 2024 full set (advanced users) — sheet 'WTT- pass vehs & travel- land', row 37 (group: Diesel; activity/type: WTT- cars (by market segment) / MPV)"
SCOPE_3,ref_wtt_pass_vehs_travel_land,wtt_cars_by_market_segment_mpv_petrol_km,STANDARD,UK,km,0.05114,"DEFRA/DESNZ 2024 full set (advanced users) — sheet 'WTT- pass vehs & travel- land', row 37 (group: Petrol; activity/type: WTT- cars (by market segment) / MPV)"
SCOPE_3,ref_wtt_pass_vehs_travel_land,wtt_cars_by_market_segment_mpv_unknown_km,STANDARD,UK,km,0.04538,"DEFRA/DESNZ 2024 full set (advanced users) — sheet 'WTT- pass vehs & travel- land', row 37 (group: Unknown; activity/type: WTT- cars (by market segment) / MPV)"
SCOPE_3,ref_wtt_pass_vehs_travel_land,wtt_cars_by_market_segment_mpv_plug_in_hybrid_electric_vehicle_km,STANDARD,UK,km,0.02715,"DEFRA/DESNZ 2024 full set (advanced users) — sheet 'WTT- pass vehs & travel- land', row 37 (group: Plug-in Hybrid Electric Vehicle; activity/type: WTT- cars (by market segment) / MPV)"
SCOPE_3,ref_wtt_pass_vehs_travel_land,wtt_cars_by_market_segment_mpv_battery_electric_vehicle_km,STANDARD,UK,km,0.01455,"DEFRA/DESNZ 2024 full set (advanced users) — sheet 'WTT- pass vehs & travel- land', row 37 (group: Battery Electric Vehicle; activity/type: WTT- cars (by market segment) / MPV)"
SCOPE_3,ref_wtt_pass_vehs_travel_land,wtt_cars_by_market_segment_mpv_diesel_miles,STANDARD,UK,miles,0.06977,"DEFRA/DESNZ 2024 full set (advanced users) — sheet 'WTT- pass vehs & travel- land', row 38 (group: Diesel; activity/type: WTT- cars (by market segment) / MPV)"
SCOPE_3,ref_wtt_pass_vehs_travel_land,wtt_cars_by_market_segment_mpv_petrol_miles,STANDARD,UK,miles,0.08231,"DEFRA/DESNZ 2024 full set (advanced users) — sheet 'WTT- pass vehs & travel- land', row 38 (group: Petrol; activity/type: WTT- cars (by market segment) / MPV)"
SCOPE_3,ref_wtt_pass_vehs_travel_land,wtt_cars_by_market_segment_mpv_unknown_miles,STANDARD,UK,miles,0.07303,"DEFRA/DESNZ 2024 full set (advanced users) — sheet 'WTT- pass vehs & travel- land', row 38 (group: Unknown; activity/type: WTT- cars (by market segment) / MPV)"
SCOPE_3,ref_wtt_pass_vehs_travel_land,wtt_cars_by_market_segment_mpv_plug_in_hybrid_electric_vehicle_miles,STANDARD,UK,miles,0.04369,"DEFRA/DESNZ 2024 full set (advanced users) — sheet 'WTT- pass vehs & travel- land', row 38 (group: Plug-in Hybrid Electric Vehicle; activity/type: WTT- cars (by market segment) / MPV)"
SCOPE_3,ref_wtt_pass_vehs_travel_land,wtt_cars_by_market_segment_mpv_battery_electric_vehicle_miles,STANDARD,UK,miles,0.02341,"DEFRA/DESNZ 2024 full set (advanced users) — sheet 'WTT- pass vehs & travel- land', row 38 (group: Battery Electric Vehicle; activity/type: WTT- cars (by market segment) / MPV)"
SCOPE_3,ref_wtt_pass_vehs_travel_land,wtt_cars_by_size_small_car_diesel_km,STANDARD,UK,km,0.03409,"DEFRA/DESNZ 2024 full set (advanced users) — sheet 'WTT- pass vehs & travel- land', row 43 (group: Diesel; activity/type: WTT- cars (by size) / Small car)"
SCOPE_3,ref_wtt_pass_vehs_travel_land,wtt_cars_by_size_small_car_petrol_km,STANDARD,UK,km,0.04015,"DEFRA/DESNZ 2024 full set (advanced users) — sheet 'WTT- pass vehs & travel- land', row 43 (group: Petrol; activity/type: WTT- cars (by size) / Small car)"
SCOPE_3,ref_wtt_pass_vehs_travel_land,wtt_cars_by_size_small_car_hybrid_km,STANDARD,UK,km,0.03026,"DEFRA/DESNZ 2024 full set (advanced users) — sheet 'WTT- pass vehs & travel- land', row 43 (group: Hybrid; activity/type: WTT- cars (by size) / Small car)"
SCOPE_3,ref_wtt_pass_vehs_travel_land,wtt_cars_by_size_small_car_unknown_km,STANDARD,UK,km,0.03836,"DEFRA/DESNZ 2024 full set (advanced users) — sheet 'WTT- pass vehs & travel- land', row 43 (group: Unknown; activity/type: WTT- cars (by size) / Small car)"
SCOPE_3,ref_wtt_pass_vehs_travel_land,wtt_cars_by_size_small_car_plug_in_hybrid_electric_vehicle_km,STANDARD,UK,km,0.0152,"DEFRA/DESNZ 2024 full set (advanced users) — sheet 'WTT- pass vehs & travel- land', row 43 (group: Plug-in Hybrid Electric Vehicle; activity/type: WTT- cars (by size) / Small car)"
SCOPE_3,ref_wtt_pass_vehs_travel_land,wtt_cars_by_size_small_car_battery_electric_vehicle_km,STANDARD,UK,km,0.00948,"DEFRA/DESNZ 2024 full set (advanced users) — sheet 'WTT- pass vehs & travel- land', row 43 (group: Battery Electric Vehicle; activity/type: WTT- cars (by size) / Small car)"
SCOPE_3,ref_wtt_pass_vehs_travel_land,wtt_cars_by_size_small_car_diesel_miles,STANDARD,UK,miles,0.05486,"DEFRA/DESNZ 2024 full set (advanced users) — sheet 'WTT- pass vehs & travel- land', row 44 (group: Diesel; activity/type: WTT- cars (by size) / Small car)"
SCOPE_3,ref_wtt_pass_vehs_travel_land,wtt_cars_by_size_small_car_petrol_miles,STANDARD,UK,miles,0.06461,"DEFRA/DESNZ 2024 full set (advanced users) — sheet 'WTT- pass vehs & travel- land', row 44 (group: Petrol; activity/type: WTT- cars (by size) / Small car)"
SCOPE_3,ref_wtt_pass_vehs_travel_land,wtt_cars_by_size_small_car_hybrid_miles,STANDARD,UK,miles,0.0487,"DEFRA/DESNZ 2024 full set (advanced users) — sheet 'WTT- pass vehs & travel- land', row 44 (group: Hybrid; activity/type: WTT- cars (by size) / Small car)"
SCOPE_3,ref_wtt_pass_vehs_travel_land,wtt_cars_by_size_small_car_unknown_miles,STANDARD,UK,miles,0.06173,"DEFRA/DESNZ 2024 full set (advanced users) — sheet 'WTT- pass vehs & travel- land', row 44 (group: Unknown; activity/type: WTT- cars (by size) / Small car)"
SCOPE_3,ref_wtt_pass_vehs_travel_land,wtt_cars_by_size_small_car_plug_in_hybrid_electric_vehicle_miles,STANDARD,UK,miles,0.02446,"DEFRA/DESNZ 2024 full set (advanced users) — sheet 'WTT- pass vehs & travel- land', row 44 (group: Plug-in Hybrid Electric Vehicle; activity/type: WTT- cars (by size) / Small car)"
SCOPE_3,ref_wtt_pass_vehs_travel_land,wtt_cars_by_size_small_car_battery_electric_vehicle_miles,STANDARD,UK,miles,0.01525,"DEFRA/DESNZ 2024 full set (advanced users) — sheet 'WTT- pass vehs & travel- land', row 44 (group: Battery Electric Vehicle; activity/type: WTT- cars (by size) / Small car)"
SCOPE_3,ref_wtt_pass_vehs_travel_land,wtt_cars_by_size_medium_car_diesel_km,STANDARD,UK,km,0.04103,"DEFRA/DESNZ 2024 full set (advanced users) — sheet 'WTT- pass vehs & travel- land', row 45 (group: Diesel; activity/type: WTT- cars (by size) / Medium car)"
SCOPE_3,ref_wtt_pass_vehs_travel_land,wtt_cars_by_size_medium_car_petrol_km,STANDARD,UK,km,0.04957,"DEFRA/DESNZ 2024 full set (advanced users) — sheet 'WTT- pass vehs & travel- land', row 45 (group: Petrol; activity/type: WTT- cars (by size) / Medium car)"
SCOPE_3,ref_wtt_pass_vehs_travel_land,wtt_cars_by_size_medium_car_hybrid_km,STANDARD,UK,km,0.02998,"DEFRA/DESNZ 2024 full set (advanced users) — sheet 'WTT- pass vehs & travel- land', row 45 (group: Hybrid; activity/type: WTT- cars (by size) / Medium car)"
SCOPE_3,ref_wtt_pass_vehs_travel_land,wtt_cars_by_size_medium_car_cng_km,STANDARD,UK,km,0.03211,"DEFRA/DESNZ 2024 full set (advanced users) — sheet 'WTT- pass vehs & travel- land', row 45 (group: CNG; activity/type: WTT- cars (by size) / Medium car)"
SCOPE_3,ref_wtt_pass_vehs_travel_land,wtt_cars_by_size_medium_car_lpg_km,STANDARD,UK,km,0.02093,"DEFRA/DESNZ 2024 full set (advanced users) — sheet 'WTT- pass vehs & travel- land', row 45 (group: LPG; activity/type: WTT- cars (by size) / Medium car)"
SCOPE_3,ref_wtt_pass_vehs_travel_land,wtt_cars_by_size_medium_car_unknown_km,STANDARD,UK,km,0.04518,"DEFRA/DESNZ 2024 full set (advanced users) — sheet 'WTT- pass vehs & travel- land', row 45 (group: Unknown; activity/type: WTT- cars (by size) / Medium car)"
SCOPE_3,ref_wtt_pass_vehs_travel_land,wtt_cars_by_size_medium_car_plug_in_hybrid_electric_vehicle_km,STANDARD,UK,km,0.02524,"DEFRA/DESNZ 2024 full set (advanced users) — sheet 'WTT- pass vehs & travel- land', row 45 (group: Plug-in Hybrid Electric Vehicle; activity/type: WTT- cars (by size) / Medium car)"
SCOPE_3,ref_wtt_pass_vehs_travel_land,wtt_cars_by_size_medium_car_battery_electric_vehicle_km,STANDARD,UK,km,0.01022,"DEFRA/DESNZ 2024 full set (advanced users) — sheet 'WTT- pass vehs & travel- land', row 45 (group: Battery Electric Vehicle; activity/type: WTT- cars (by size) / Medium car)"
SCOPE_3,ref_wtt_pass_vehs_travel_land,wtt_cars_by_size_medium_car_diesel_miles,STANDARD,UK,miles,0.06603,"DEFRA/DESNZ 2024 full set (advanced users) — sheet 'WTT- pass vehs & travel- land', row 46 (group: Diesel; activity/type: WTT- cars (by size) / Medium car)"
SCOPE_3,ref_wtt_pass_vehs_travel_land,wtt_cars_by_size_medium_car_petrol_miles,STANDARD,UK,miles,0.07977,"DEFRA/DESNZ 2024 full set (advanced users) — sheet 'WTT- pass vehs & travel- land', row 46 (group: Petrol; activity/type: WTT- cars (by size) / Medium car)"
SCOPE_3,ref_wtt_pass_vehs_travel_land,wtt_cars_by_size_medium_car_hybrid_miles,STANDARD,UK,miles,0.04824,"DEFRA/DESNZ 2024 full set (advanced users) — sheet 'WTT- pass vehs & travel- land', row 46 (group: Hybrid; activity/type: WTT- cars (by size) / Medium car)"
SCOPE_3,ref_wtt_pass_vehs_travel_land,wtt_cars_by_size_medium_car_cng_miles,STANDARD,UK,miles,0.05167,"DEFRA/DESNZ 2024 full set (advanced users) — sheet 'WTT- pass vehs & travel- land', row 46 (group: CNG; activity/type: WTT- cars (by size) / Medium car)"
SCOPE_3,ref_wtt_pass_vehs_travel_land,wtt_cars_by_size_medium_car_lpg_miles,STANDARD,UK,miles,0.03368,"DEFRA/DESNZ 2024 full set (advanced users) — sheet 'WTT- pass vehs & travel- land', row 46 (group: LPG; activity/type: WTT- cars (by size) / Medium car)"
SCOPE_3,ref_wtt_pass_vehs_travel_land,wtt_cars_by_size_medium_car_unknown_miles,STANDARD,UK,miles,0.07271,"DEFRA/DESNZ 2024 full set (advanced users) — sheet 'WTT- pass vehs & travel- land', row 46 (group: Unknown; activity/type: WTT- cars (by size) / Medium car)"
SCOPE_3,ref_wtt_pass_vehs_travel_land,wtt_cars_by_size_medium_car_plug_in_hybrid_electric_vehicle_miles,STANDARD,UK,miles,0.04063,"DEFRA/DESNZ 2024 full set (advanced users) — sheet 'WTT- pass vehs & travel- land', row 46 (group: Plug-in Hybrid Electric Vehicle; activity/type: WTT- cars (by size) / Medium car)"
SCOPE_3,ref_wtt_pass_vehs_travel_land,wtt_cars_by_size_medium_car_battery_electric_vehicle_miles,STANDARD,UK,miles,0.01645,"DEFRA/DESNZ 2024 full set (advanced users) — sheet 'WTT- pass vehs & travel- land', row 46 (group: Battery Electric Vehicle; activity/type: WTT- cars (by size) / Medium car)"
SCOPE_3,ref_wtt_pass_vehs_travel_land,wtt_cars_by_size_large_car_diesel_km,STANDARD,UK,km,0.0507,"DEFRA/DESNZ 2024 full set (advanced users) — sheet 'WTT- pass vehs & travel- land', row 47 (group: Diesel; activity/type: WTT- cars (by size) / Large car)"
SCOPE_3,ref_wtt_pass_vehs_travel_land,wtt_cars_by_size_large_car_petrol_km,STANDARD,UK,km,0.07528,"DEFRA/DESNZ 2024 full set (advanced users) — sheet 'WTT- pass vehs & travel- land', row 47 (group: Petrol; activity/type: WTT- cars (by size) / Large car)"
SCOPE_3,ref_wtt_pass_vehs_travel_land,wtt_cars_by_size_large_car_hybrid_km,STANDARD,UK,km,0.03961,"DEFRA/DESNZ 2024 full set (advanced users) — sheet 'WTT- pass vehs & travel- land', row 47 (group: Hybrid; activity/type: WTT- cars (by size) / Large car)"
SCOPE_3,ref_wtt_pass_vehs_travel_land,wtt_cars_by_size_large_car_cng_km,STANDARD,UK,km,0.04876,"DEFRA/DESNZ 2024 full set (advanced users) — sheet 'WTT- pass vehs & travel- land', row 47 (group: CNG; activity/type: WTT- cars (by size) / Large car)"
SCOPE_3,ref_wtt_pass_vehs_travel_land,wtt_cars_by_size_large_car_lpg_km,STANDARD,UK,km,0.03179,"DEFRA/DESNZ 2024 full set (advanced users) — sheet 'WTT- pass vehs & travel- land', row 47 (group: LPG; activity/type: WTT- cars (by size) / Large car)"
SCOPE_3,ref_wtt_pass_vehs_travel_land,wtt_cars_by_size_large_car_unknown_km,STANDARD,UK,km,0.05764,"DEFRA/DESNZ 2024 full set (advanced users) — sheet 'WTT- pass vehs & travel- land', row 47 (group: Unknown; activity/type: WTT- cars (by size) / Large car)"
SCOPE_3,ref_wtt_pass_vehs_travel_land,wtt_cars_by_size_large_car_plug_in_hybrid_electric_vehicle_km,STANDARD,UK,km,0.03221,"DEFRA/DESNZ 2024 full set (advanced users) — sheet 'WTT- pass vehs & travel- land', row 47 (group: Plug-in Hybrid Electric Vehicle; activity/type: WTT- cars (by size) / Large car)"
SCOPE_3,ref_wtt_pass_vehs_travel_land,wtt_cars_by_size_large_car_battery_electric_vehicle_km,STANDARD,UK,km,0.01088,"DEFRA/DESNZ 2024 full set (advanced users) — sheet 'WTT- pass vehs & travel- land', row 47 (group: Battery Electric Vehicle; activity/type: WTT- cars (by size) / Large car)"
SCOPE_3,ref_wtt_pass_vehs_travel_land,wtt_cars_by_size_large_car_diesel_miles,STANDARD,UK,miles,0.08159,"DEFRA/DESNZ 2024 full set (advanced users) — sheet 'WTT- pass vehs & travel- land', row 48 (group: Diesel; activity/type: WTT- cars (by size) / Large car)"
SCOPE_3,ref_wtt_pass_vehs_travel_land,wtt_cars_by_size_large_car_petrol_miles,STANDARD,UK,miles,0.12115,"DEFRA/DESNZ 2024 full set (advanced users) — sheet 'WTT- pass vehs & travel- land', row 48 (group: Petrol; activity/type: WTT- cars (by size) / Large car)"
SCOPE_3,ref_wtt_pass_vehs_travel_land,wtt_cars_by_size_large_car_hybrid_miles,STANDARD,UK,miles,0.06374,"DEFRA/DESNZ 2024 full set (advanced users) — sheet 'WTT- pass vehs & travel- land', row 48 (group: Hybrid; activity/type: WTT- cars (by size) / Large car)"
SCOPE_3,ref_wtt_pass_vehs_travel_land,wtt_cars_by_size_large_car_cng_miles,STANDARD,UK,miles,0.07847,"DEFRA/DESNZ 2024 full set (advanced users) — sheet 'WTT- pass vehs & travel- land', row 48 (group: CNG; activity/type: WTT- cars (by size) / Large car)"
SCOPE_3,ref_wtt_pass_vehs_travel_land,wtt_cars_by_size_large_car_lpg_miles,STANDARD,UK,miles,0.05115,"DEFRA/DESNZ 2024 full set (advanced users) — sheet 'WTT- pass vehs & travel- land', row 48 (group: LPG; activity/type: WTT- cars (by size) / Large car)"
SCOPE_3,ref_wtt_pass_vehs_travel_land,wtt_cars_by_size_large_car_unknown_miles,STANDARD,UK,miles,0.09276,"DEFRA/DESNZ 2024 full set (advanced users) — sheet 'WTT- pass vehs & travel- land', row 48 (group: Unknown; activity/type: WTT- cars (by size) / Large car)"
SCOPE_3,ref_wtt_pass_vehs_travel_land,wtt_cars_by_size_large_car_plug_in_hybrid_electric_vehicle_miles,STANDARD,UK,miles,0.05184,"DEFRA/DESNZ 2024 full set (advanced users) — sheet 'WTT- pass vehs & travel- land', row 48 (group: Plug-in Hybrid Electric Vehicle; activity/type: WTT- cars (by size) / Large car)"
SCOPE_3,ref_wtt_pass_vehs_travel_land,wtt_cars_by_size_large_car_battery_electric_vehicle_miles,STANDARD,UK,miles,0.0175,"DEFRA/DESNZ 2024 full set (advanced users) — sheet 'WTT- pass vehs & travel- land', row 48 (group: Battery Electric Vehicle; activity/type: WTT- cars (by size) / Large car)"
SCOPE_3,ref_wtt_pass_vehs_travel_land,wtt_cars_by_size_average_car_diesel_km,STANDARD,UK,km,0.04146,"DEFRA/DESNZ 2024 full set (advanced users) — sheet 'WTT- pass vehs & travel- land', row 49 (group: Diesel; activity/type: WTT- cars (by size) / Average car)"
SCOPE_3,ref_wtt_pass_vehs_travel_land,wtt_cars_by_size_average_car_petrol_km,STANDARD,UK,km,0.04599,"DEFRA/DESNZ 2024 full set (advanced users) — sheet 'WTT- pass vehs & travel- land', row 49 (group: Petrol; activity/type: WTT- cars (by size) / Average car)"
SCOPE_3,ref_wtt_pass_vehs_travel_land,wtt_cars_by_size_average_car_hybrid_km,STANDARD,UK,km,0.03315,"DEFRA/DESNZ 2024 full set (advanced users) — sheet 'WTT- pass vehs & travel- land', row 49 (group: Hybrid; activity/type: WTT- cars (by size) / Average car)"
SCOPE_3,ref_wtt_pass_vehs_travel_land,wtt_cars_by_size_average_car_cng_km,STANDARD,UK,km,0.03591,"DEFRA/DESNZ 2024 full set (advanced users) — sheet 'WTT- pass vehs & travel- land', row 49 (group: CNG; activity/type: WTT- cars (by size) / Average car)"
SCOPE_3,ref_wtt_pass_vehs_travel_land,wtt_cars_by_size_average_car_lpg_km,STANDARD,UK,km,0.02341,"DEFRA/DESNZ 2024 full set (advanced users) — sheet 'WTT- pass vehs & travel- land', row 49 (group: LPG; activity/type: WTT- cars (by size) / Average car)"
SCOPE_3,ref_wtt_pass_vehs_travel_land,wtt_cars_by_size_average_car_unknown_km,STANDARD,UK,km,0.04399,"DEFRA/DESNZ 2024 full set (advanced users) — sheet 'WTT- pass vehs & travel- land', row 49 (group: Unknown; activity/type: WTT- cars (by size) / Average car)"
SCOPE_3,ref_wtt_pass_vehs_travel_land,wtt_cars_by_size_average_car_plug_in_hybrid_electric_vehicle_km,STANDARD,UK,km,0.02934,"DEFRA/DESNZ 2024 full set (advanced users) — sheet 'WTT- pass vehs & travel- land', row 49 (group: Plug-in Hybrid Electric Vehicle; activity/type: WTT- cars (by size) / Average car)"
SCOPE_3,ref_wtt_pass_vehs_travel_land,wtt_cars_by_size_average_car_battery_electric_vehicle_km,STANDARD,UK,km,0.01049,"DEFRA/DESNZ 2024 full set (advanced users) — sheet 'WTT- pass vehs & travel- land', row 49 (group: Battery Electric Vehicle; activity/type: WTT- cars (by size) / Average car)"
SCOPE_3,ref_wtt_pass_vehs_travel_land,wtt_cars_by_size_average_car_diesel_miles,STANDARD,UK,miles,0.06673,"DEFRA/DESNZ 2024 full set (advanced users) — sheet 'WTT- pass vehs & travel- land', row 50 (group: Diesel; activity/type: WTT- cars (by size) / Average car)"
SCOPE_3,ref_wtt_pass_vehs_travel_land,wtt_cars_by_size_average_car_petrol_miles,STANDARD,UK,miles,0.07401,"DEFRA/DESNZ 2024 full set (advanced users) — sheet 'WTT- pass vehs & travel- land', row 50 (group: Petrol; activity/type: WTT- cars (by size) / Average car)"
SCOPE_3,ref_wtt_pass_vehs_travel_land,wtt_cars_by_size_average_car_hybrid_miles,STANDARD,UK,miles,0.05335,"DEFRA/DESNZ 2024 full set (advanced users) — sheet 'WTT- pass vehs & travel- land', row 50 (group: Hybrid; activity/type: WTT- cars (by size) / Average car)"
SCOPE_3,ref_wtt_pass_vehs_travel_land,wtt_cars_by_size_average_car_cng_miles,STANDARD,UK,miles,0.05779,"DEFRA/DESNZ 2024 full set (advanced users) — sheet 'WTT- pass vehs & travel- land', row 50 (group: CNG; activity/type: WTT- cars (by size) / Average car)"
SCOPE_3,ref_wtt_pass_vehs_travel_land,wtt_cars_by_size_average_car_lpg_miles,STANDARD,UK,miles,0.03767,"DEFRA/DESNZ 2024 full set (advanced users) — sheet 'WTT- pass vehs & travel- land', row 50 (group: LPG; activity/type: WTT- cars (by size) / Average car)"
SCOPE_3,ref_wtt_pass_vehs_travel_land,wtt_cars_by_size_average_car_unknown_miles,STANDARD,UK,miles,0.07079,"DEFRA/DESNZ 2024 full set (advanced users) — sheet 'WTT- pass vehs & travel- land', row 50 (group: Unknown; activity/type: WTT- cars (by size) / Average car)"
SCOPE_3,ref_wtt_pass_vehs_travel_land,wtt_cars_by_size_average_car_plug_in_hybrid_electric_vehicle_miles,STANDARD,UK,miles,0.04721,"DEFRA/DESNZ 2024 full set (advanced users) — sheet 'WTT- pass vehs & travel- land', row 50 (group: Plug-in Hybrid Electric Vehicle; activity/type: WTT- cars (by size) / Average car)"
SCOPE_3,ref_wtt_pass_vehs_travel_land,wtt_cars_by_size_average_car_battery_electric_vehicle_miles,STANDARD,UK,miles,0.01688,"DEFRA/DESNZ 2024 full set (advanced users) — sheet 'WTT- pass vehs & travel- land', row 50 (group: Battery Electric Vehicle; activity/type: WTT- cars (by size) / Average car)"
SCOPE_3,ref_wtt_pass_vehs_travel_land,wtt_motorbike_small_km,STANDARD,UK,km,0.02148,"DEFRA/DESNZ 2024 full set (advanced users) — sheet 'WTT- pass vehs & travel- land', row 55 (activity/type: WTT- motorbike / Small)"
SCOPE_3,ref_wtt_pass_vehs_travel_land,wtt_motorbike_small_miles,STANDARD,UK,miles,0.03457,"DEFRA/DESNZ 2024 full set (advanced users) — sheet 'WTT- pass vehs & travel- land', row 56 (activity/type: WTT- motorbike / Small)"
SCOPE_3,ref_wtt_pass_vehs_travel_land,wtt_motorbike_medium_km,STANDARD,UK,km,0.02608,"DEFRA/DESNZ 2024 full set (advanced users) — sheet 'WTT- pass vehs & travel- land', row 57 (activity/type: WTT- motorbike / Medium)"
SCOPE_3,ref_wtt_pass_vehs_travel_land,wtt_motorbike_medium_miles,STANDARD,UK,miles,0.04196,"DEFRA/DESNZ 2024 full set (advanced users) — sheet 'WTT- pass vehs & travel- land', row 58 (activity/type: WTT- motorbike / Medium)"
SCOPE_3,ref_wtt_pass_vehs_travel_land,wtt_motorbike_large_km,STANDARD,UK,km,0.03469,"DEFRA/DESNZ 2024 full set (advanced users) — sheet 'WTT- pass vehs & travel- land', row 59 (activity/type: WTT- motorbike / Large)"
SCOPE_3,ref_wtt_pass_vehs_travel_land,wtt_motorbike_large_miles,STANDARD,UK,miles,0.05583,"DEFRA/DESNZ 2024 full set (advanced users) — sheet 'WTT- pass vehs & travel- land', row 60 (activity/type: WTT- motorbike / Large)"
SCOPE_3,ref_wtt_pass_vehs_travel_land,wtt_motorbike_average_km,STANDARD,UK,km,0.02956,"DEFRA/DESNZ 2024 full set (advanced users) — sheet 'WTT- pass vehs & travel- land', row 61 (activity/type: WTT- motorbike / Average)"
SCOPE_3,ref_wtt_pass_vehs_travel_land,wtt_motorbike_average_miles,STANDARD,UK,miles,0.04757,"DEFRA/DESNZ 2024 full set (advanced users) — sheet 'WTT- pass vehs & travel- land', row 62 (activity/type: WTT- motorbike / Average)"
SCOPE_3,ref_wtt_pass_vehs_travel_land,wtt_taxis_regular_taxi_passenger_km,STANDARD,UK,passenger.km,0.03697,"DEFRA/DESNZ 2024 full set (advanced users) — sheet 'WTT- pass vehs & travel- land', row 67 (activity/type: WTT- taxis / Regular taxi)"
SCOPE_3,ref_wtt_pass_vehs_travel_land,wtt_taxis_regular_taxi_km,STANDARD,UK,km,0.05176,"DEFRA/DESNZ 2024 full set (advanced users) — sheet 'WTT- pass vehs & travel- land', row 68 (activity/type: WTT- taxis / Regular taxi)"
SCOPE_3,ref_wtt_pass_vehs_travel_land,wtt_taxis_black_cab_passenger_km,STANDARD,UK,passenger.km,0.0509,"DEFRA/DESNZ 2024 full set (advanced users) — sheet 'WTT- pass vehs & travel- land', row 69 (activity/type: WTT- taxis / Black cab)"
SCOPE_3,ref_wtt_pass_vehs_travel_land,wtt_taxis_black_cab_km,STANDARD,UK,km,0.07634,"DEFRA/DESNZ 2024 full set (advanced users) — sheet 'WTT- pass vehs & travel- land', row 70 (activity/type: WTT- taxis / Black cab)"
SCOPE_3,ref_wtt_pass_vehs_travel_land,wtt_bus_local_bus_not_london_passenger_km,STANDARD,UK,passenger.km,0.03174,"DEFRA/DESNZ 2024 full set (advanced users) — sheet 'WTT- pass vehs & travel- land', row 75 (activity/type: WTT- bus / Local bus (not London))"
SCOPE_3,ref_wtt_pass_vehs_travel_land,wtt_bus_local_london_bus_passenger_km,STANDARD,UK,passenger.km,0.01821,"DEFRA/DESNZ 2024 full set (advanced users) — sheet 'WTT- pass vehs & travel- land', row 76 (activity/type: WTT- bus / Local London bus)"
SCOPE_3,ref_wtt_pass_vehs_travel_land,wtt_bus_average_local_bus_passenger_km,STANDARD,UK,passenger.km,0.02649,"DEFRA/DESNZ 2024 full set (advanced users) — sheet 'WTT- pass vehs & travel- land', row 77 (activity/type: WTT- bus / Average local bus)"
SCOPE_3,ref_wtt_pass_vehs_travel_land,wtt_bus_coach_passenger_km,STANDARD,UK,passenger.km,0.00656,"DEFRA/DESNZ 2024 full set (advanced users) — sheet 'WTT- pass vehs & travel- land', row 78 (activity/type: WTT- bus / Coach)"
SCOPE_3,ref_wtt_pass_vehs_travel_land,wtt_rail_national_rail_passenger_km,STANDARD,UK,passenger.km,0.00897,"DEFRA/DESNZ 2024 full set (advanced users) — sheet 'WTT- pass vehs & travel- land', row 83 (activity/type: WTT- rail / National rail)"
SCOPE_3,ref_wtt_pass_vehs_travel_land,wtt_rail_international_rail_passenger_km,STANDARD,UK,passenger.km,0.00117,"DEFRA/DESNZ 2024 full set (advanced users) — sheet 'WTT- pass vehs & travel- land', row 84 (activity/type: WTT- rail / International rail)"
SCOPE_3,ref_wtt_pass_vehs_travel_land,wtt_rail_light_rail_and_tram_passenger_km,STANDARD,UK,passenger.km,0.00749,"DEFRA/DESNZ 2024 full set (advanced users) — sheet 'WTT- pass vehs & travel- land', row 85 (activity/type: WTT- rail / Light rail and tram)"
SCOPE_3,ref_wtt_pass_vehs_travel_land,wtt_rail_london_underground_passenger_km,STANDARD,UK,passenger.km,0.00728,"DEFRA/DESNZ 2024 full set (advanced users) — sheet 'WTT- pass vehs & travel- land', row 86 (activity/type: WTT- rail / London Underground)"
SCOPE_3,ref_freighting_goods,vans_class_i_up_to_1_305_tonnes_diesel_tonne_km,STANDARD,UK,tonne.km,0.85353,"DEFRA/DESNZ 2024 full set (advanced users) — sheet 'Freighting goods', row 26 (group: Diesel; activity/type: Vans / Class I (up to 1.305 tonnes))"
SCOPE_3,ref_freighting_goods,vans_class_i_up_to_1_305_tonnes_petrol_tonne_km,STANDARD,UK,tonne.km,1.17394,"DEFRA/DESNZ 2024 full set (advanced users) — sheet 'Freighting goods', row 26 (group: Petrol; activity/type: Vans / Class I (up to 1.305 tonnes))"
SCOPE_3,ref_freighting_goods,vans_class_i_up_to_1_305_tonnes_battery_electric_vehicle_tonne_km,STANDARD,UK,tonne.km,0.15753,"DEFRA/DESNZ 2024 full set (advanced users) — sheet 'Freighting goods', row 26 (group: Battery Electric Vehicle; activity/type: Vans / Class I (up to 1.305 tonnes))"
SCOPE_3,ref_freighting_goods,vans_class_i_up_to_1_305_tonnes_diesel_km,STANDARD,UK,km,0.15356,"DEFRA/DESNZ 2024 full set (advanced users) — sheet 'Freighting goods', row 27 (group: Diesel; activity/type: Vans / Class I (up to 1.305 tonnes))"
SCOPE_3,ref_freighting_goods,vans_class_i_up_to_1_305_tonnes_petrol_km,STANDARD,UK,km,0.20071,"DEFRA/DESNZ 2024 full set (advanced users) — sheet 'Freighting goods', row 27 (group: Petrol; activity/type: Vans / Class I (up to 1.305 tonnes))"
SCOPE_3,ref_freighting_goods,vans_class_i_up_to_1_305_tonnes_battery_electric_vehicle_km,STANDARD,UK,km,0.04254,"DEFRA/DESNZ 2024 full set (advanced users) — sheet 'Freighting goods', row 27 (group: Battery Electric Vehicle; activity/type: Vans / Class I (up to 1.305 tonnes))"
SCOPE_3,ref_freighting_goods,vans_class_i_up_to_1_305_tonnes_diesel_miles,STANDARD,UK,miles,0.24716,"DEFRA/DESNZ 2024 full set (advanced users) — sheet 'Freighting goods', row 28 (group: Diesel; activity/type: Vans / Class I (up to 1.305 tonnes))"
SCOPE_3,ref_freighting_goods,vans_class_i_up_to_1_305_tonnes_petrol_miles,STANDARD,UK,miles,0.32299,"DEFRA/DESNZ 2024 full set (advanced users) — sheet 'Freighting goods', row 28 (group: Petrol; activity/type: Vans / Class I (up to 1.305 tonnes))"
SCOPE_3,ref_freighting_goods,vans_class_i_up_to_1_305_tonnes_battery_electric_vehicle_miles,STANDARD,UK,miles,0.06847,"DEFRA/DESNZ 2024 full set (advanced users) — sheet 'Freighting goods', row 28 (group: Battery Electric Vehicle; activity/type: Vans / Class I (up to 1.305 tonnes))"
SCOPE_3,ref_freighting_goods,vans_class_ii_1_305_to_1_74_tonnes_diesel_tonne_km,STANDARD,UK,tonne.km,0.61153,"DEFRA/DESNZ 2024 full set (advanced users) — sheet 'Freighting goods', row 29 (group: Diesel; activity/type: Vans / Class II (1.305 to 1.74 tonnes))"
SCOPE_3,ref_freighting_goods,vans_class_ii_1_305_to_1_74_tonnes_petrol_tonne_km,STANDARD,UK,tonne.km,0.82739,"DEFRA/DESNZ 2024 full set (advanced users) — sheet 'Freighting goods', row 29 (group: Petrol; activity/type: Vans / Class II (1.305 to 1.74 tonnes))"
SCOPE_3,ref_freighting_goods,vans_class_ii_1_305_to_1_74_tonnes_battery_electric_vehicle_tonne_km,STANDARD,UK,tonne.km,0.27927,"DEFRA/DESNZ 2024 full set (advanced users) — sheet 'Freighting goods', row 29 (group: Battery Electric Vehicle; activity/type: Vans / Class II (1.305 to 1.74 tonnes))"
SCOPE_3,ref_freighting_goods,vans_class_ii_1_305_to_1_74_tonnes_diesel_km,STANDARD,UK,km,0.18832,"DEFRA/DESNZ 2024 full set (advanced users) — sheet 'Freighting goods', row 30 (group: Diesel; activity/type: Vans / Class II (1.305 to 1.74 tonnes))"
SCOPE_3,ref_freighting_goods,vans_class_ii_1_305_to_1_74_tonnes_petrol_km,STANDARD,UK,km,0.21709,"DEFRA/DESNZ 2024 full set (advanced users) — sheet 'Freighting goods', row 30 (group: Petrol; activity/type: Vans / Class II (1.305 to 1.74 tonnes))"
SCOPE_3,ref_freighting_goods,vans_class_ii_1_305_to_1_74_tonnes_battery_electric_vehicle_km,STANDARD,UK,km,0.06556,"DEFRA/DESNZ 2024 full set (advanced users) — sheet 'Freighting goods', row 30 (group: Battery Electric Vehicle; activity/type: Vans / Class II (1.305 to 1.74 tonnes))"
SCOPE_3,ref_freighting_goods,vans_class_ii_1_305_to_1_74_tonnes_diesel_miles,STANDARD,UK,miles,0.30309,"DEFRA/DESNZ 2024 full set (advanced users) — sheet 'Freighting goods', row 31 (group: Diesel; activity/type: Vans / Class II (1.305 to 1.74 tonnes))"
SCOPE_3,ref_freighting_goods,vans_class_ii_1_305_to_1_74_tonnes_petrol_miles,STANDARD,UK,miles,0.34936,"DEFRA/DESNZ 2024 full set (advanced users) — sheet 'Freighting goods', row 31 (group: Petrol; activity/type: Vans / Class II (1.305 to 1.74 tonnes))"
SCOPE_3,ref_freighting_goods,vans_class_ii_1_305_to_1_74_tonnes_battery_electric_vehicle_miles,STANDARD,UK,miles,0.10553,"DEFRA/DESNZ 2024 full set (advanced users) — sheet 'Freighting goods', row 31 (group: Battery Electric Vehicle; activity/type: Vans / Class II (1.305 to 1.74 tonnes))"
SCOPE_3,ref_freighting_goods,vans_class_iii_1_74_to_3_5_tonnes_diesel_tonne_km,STANDARD,UK,tonne.km,0.61363,"DEFRA/DESNZ 2024 full set (advanced users) — sheet 'Freighting goods', row 32 (group: Diesel; activity/type: Vans / Class III (1.74 to 3.5 tonnes))"
SCOPE_3,ref_freighting_goods,vans_class_iii_1_74_to_3_5_tonnes_petrol_tonne_km,STANDARD,UK,tonne.km,0.86252,"DEFRA/DESNZ 2024 full set (advanced users) — sheet 'Freighting goods', row 32 (group: Petrol; activity/type: Vans / Class III (1.74 to 3.5 tonnes))"
SCOPE_3,ref_freighting_goods,vans_class_iii_1_74_to_3_5_tonnes_plug_in_hybrid_electric_vehicle_tonne_km,STANDARD,UK,tonne.km,0.37952,"DEFRA/DESNZ 2024 full set (advanced users) — sheet 'Freighting goods', row 32 (group: Plug-in Hybrid Electric Vehicle; activity/type: Vans / Class III (1.74 to 3.5 tonnes))"
SCOPE_3,ref_freighting_goods,vans_class_iii_1_74_to_3_5_tonnes_battery_electric_vehicle_tonne_km,STANDARD,UK,tonne.km,0.23666,"DEFRA/DESNZ 2024 full set (advanced users) — sheet 'Freighting goods', row 32 (group: Battery Electric Vehicle; activity/type: Vans / Class III (1.74 to 3.5 tonnes))"
SCOPE_3,ref_freighting_goods,vans_class_iii_1_74_to_3_5_tonnes_diesel_km,STANDARD,UK,km,0.27365,"DEFRA/DESNZ 2024 full set (advanced users) — sheet 'Freighting goods', row 33 (group: Diesel; activity/type: Vans / Class III (1.74 to 3.5 tonnes))"
SCOPE_3,ref_freighting_goods,vans_class_iii_1_74_to_3_5_tonnes_petrol_km,STANDARD,UK,km,0.34923,"DEFRA/DESNZ 2024 full set (advanced users) — sheet 'Freighting goods', row 33 (group: Petrol; activity/type: Vans / Class III (1.74 to 3.5 tonnes))"
SCOPE_3,ref_freighting_goods,vans_class_iii_1_74_to_3_5_tonnes_plug_in_hybrid_electric_vehicle_km,STANDARD,UK,km,0.15079,"DEFRA/DESNZ 2024 full set (advanced users) — sheet 'Freighting goods', row 33 (group: Plug-in Hybrid Electric Vehicle; activity/type: Vans / Class III (1.74 to 3.5 tonnes))"
SCOPE_3,ref_freighting_goods,vans_class_iii_1_74_to_3_5_tonnes_battery_electric_vehicle_km,STANDARD,UK,km,0.08929,"DEFRA/DESNZ 2024 full set (advanced users) — sheet 'Freighting goods', row 33 (group: Battery Electric Vehicle; activity/type: Vans / Class III (1.74 to 3.5 tonnes))"
SCOPE_3,ref_freighting_goods,vans_class_iii_1_74_to_3_5_tonnes_diesel_miles,STANDARD,UK,miles,0.44042,"DEFRA/DESNZ 2024 full set (advanced users) — sheet 'Freighting goods', row 34 (group: Diesel; activity/type: Vans / Class III (1.74 to 3.5 tonnes))"
SCOPE_3,ref_freighting_goods,vans_class_iii_1_74_to_3_5_tonnes_petrol_miles,STANDARD,UK,miles,0.56201,"DEFRA/DESNZ 2024 full set (advanced users) — sheet 'Freighting goods', row 34 (group: Petrol; activity/type: Vans / Class III (1.74 to 3.5 tonnes))"
SCOPE_3,ref_freighting_goods,vans_class_iii_1_74_to_3_5_tonnes_plug_in_hybrid_electric_vehicle_miles,STANDARD,UK,miles,0.24267,"DEFRA/DESNZ 2024 full set (advanced users) — sheet 'Freighting goods', row 34 (group: Plug-in Hybrid Electric Vehicle; activity/type: Vans / Class III (1.74 to 3.5 tonnes))"
SCOPE_3,ref_freighting_goods,vans_class_iii_1_74_to_3_5_tonnes_battery_electric_vehicle_miles,STANDARD,UK,miles,0.14369,"DEFRA/DESNZ 2024 full set (advanced users) — sheet 'Freighting goods', row 34 (group: Battery Electric Vehicle; activity/type: Vans / Class III (1.74 to 3.5 tonnes))"
SCOPE_3,ref_freighting_goods,vans_average_up_to_3_5_tonnes_diesel_tonne_km,STANDARD,UK,tonne.km,0.61643,"DEFRA/DESNZ 2024 full set (advanced users) — sheet 'Freighting goods', row 35 (group: Diesel; activity/type: Vans / Average (up to 3.5 tonnes))"
SCOPE_3,ref_freighting_goods,vans_average_up_to_3_5_tonnes_petrol_tonne_km,STANDARD,UK,tonne.km,0.81972,"DEFRA/DESNZ 2024 full set (advanced users) — sheet 'Freighting goods', row 35 (group: Petrol; activity/type: Vans / Average (up to 3.5 tonnes))"
SCOPE_3,ref_freighting_goods,vans_average_up_to_3_5_tonnes_cng_tonne_km,STANDARD,UK,tonne.km,0.62197,"DEFRA/DESNZ 2024 full set (advanced users) — sheet 'Freighting goods', row 35 (group: CNG; activity/type: Vans / Average (up to 3.5 tonnes))"
SCOPE_3,ref_freighting_goods,vans_average_up_to_3_5_tonnes_lpg_tonne_km,STANDARD,UK,tonne.km,0.68376,"DEFRA/DESNZ 2024 full set (advanced users) — sheet 'Freighting goods', row 35 (group: LPG; activity/type: Vans / Average (up to 3.5 tonnes))"
SCOPE_3,ref_freighting_goods,vans_average_up_to_3_5_tonnes_unknown_tonne_km,STANDARD,UK,tonne.km,0.62264,"DEFRA/DESNZ 2024 full set (advanced users) — sheet 'Freighting goods', row 35 (group: Unknown; activity/type: Vans / Average (up to 3.5 tonnes))"
SCOPE_3,ref_freighting_goods,vans_average_up_to_3_5_tonnes_plug_in_hybrid_electric_vehicle_tonne_km,STANDARD,UK,tonne.km,0.37952,"DEFRA/DESNZ 2024 full set (advanced users) — sheet 'Freighting goods', row 35 (group: Plug-in Hybrid Electric Vehicle; activity/type: Vans / Average (up to 3.5 tonnes))"
SCOPE_3,ref_freighting_goods,vans_average_up_to_3_5_tonnes_battery_electric_vehicle_tonne_km,STANDARD,UK,tonne.km,0.25438,"DEFRA/DESNZ 2024 full set (advanced users) — sheet 'Freighting goods', row 35 (group: Battery Electric Vehicle; activity/type: Vans / Average (up to 3.5 tonnes))"
SCOPE_3,ref_freighting_goods,vans_average_up_to_3_5_tonnes_diesel_km,STANDARD,UK,km,0.25023,"DEFRA/DESNZ 2024 full set (advanced users) — sheet 'Freighting goods', row 36 (group: Diesel; activity/type: Vans / Average (up to 3.5 tonnes))"
SCOPE_3,ref_freighting_goods,vans_average_up_to_3_5_tonnes_petrol_km,STANDARD,UK,km,0.22095,"DEFRA/DESNZ 2024 full set (advanced users) — sheet 'Freighting goods', row 36 (group: Petrol; activity/type: Vans / Average (up to 3.5 tonnes))"
SCOPE_3,ref_freighting_goods,vans_average_up_to_3_5_tonnes_cng_km,STANDARD,UK,km,0.2512,"DEFRA/DESNZ 2024 full set (advanced users) — sheet 'Freighting goods', row 36 (group: CNG; activity/type: Vans / Average (up to 3.5 tonnes))"
SCOPE_3,ref_freighting_goods,vans_average_up_to_3_5_tonnes_lpg_km,STANDARD,UK,km,0.27617,"DEFRA/DESNZ 2024 full set (advanced users) — sheet 'Freighting goods', row 36 (group: LPG; activity/type: Vans / Average (up to 3.5 tonnes))"
SCOPE_3,ref_freighting_goods,vans_average_up_to_3_5_tonnes_unknown_km,STANDARD,UK,km,0.24934,"DEFRA/DESNZ 2024 full set (advanced users) — sheet 'Freighting goods', row 36 (group: Unknown; activity/type: Vans / Average (up to 3.5 tonnes))"
SCOPE_3,ref_freighting_goods,vans_average_up_to_3_5_tonnes_plug_in_hybrid_electric_vehicle_km,STANDARD,UK,km,0.15079,"DEFRA/DESNZ 2024 full set (advanced users) — sheet 'Freighting goods', row 36 (group: Plug-in Hybrid Electric Vehicle; activity/type: Vans / Average (up to 3.5 tonnes))"
SCOPE_3,ref_freighting_goods,vans_average_up_to_3_5_tonnes_battery_electric_vehicle_km,STANDARD,UK,km,0.07922,"DEFRA/DESNZ 2024 full set (advanced users) — sheet 'Freighting goods', row 36 (group: Battery Electric Vehicle; activity/type: Vans / Average (up to 3.5 tonnes))"
SCOPE_3,ref_freighting_goods,vans_average_up_to_3_5_tonnes_diesel_miles,STANDARD,UK,miles,0.40273,"DEFRA/DESNZ 2024 full set (advanced users) — sheet 'Freighting goods', row 37 (group: Diesel; activity/type: Vans / Average (up to 3.5 tonnes))"
SCOPE_3,ref_freighting_goods,vans_average_up_to_3_5_tonnes_petrol_miles,STANDARD,UK,miles,0.35558,"DEFRA/DESNZ 2024 full set (advanced users) — sheet 'Freighting goods', row 37 (group: Petrol; activity/type: Vans / Average (up to 3.5 tonnes))"
SCOPE_3,ref_freighting_goods,vans_average_up_to_3_5_tonnes_cng_miles,STANDARD,UK,miles,0.40426,"DEFRA/DESNZ 2024 full set (advanced users) — sheet 'Freighting goods', row 37 (group: CNG; activity/type: Vans / Average (up to 3.5 tonnes))"
SCOPE_3,ref_freighting_goods,vans_average_up_to_3_5_tonnes_lpg_miles,STANDARD,UK,miles,0.44446,"DEFRA/DESNZ 2024 full set (advanced users) — sheet 'Freighting goods', row 37 (group: LPG; activity/type: Vans / Average (up to 3.5 tonnes))"
SCOPE_3,ref_freighting_goods,vans_average_up_to_3_5_tonnes_unknown_miles,STANDARD,UK,miles,0.40127,"DEFRA/DESNZ 2024 full set (advanced users) — sheet 'Freighting goods', row 37 (group: Unknown; activity/type: Vans / Average (up to 3.5 tonnes))"
SCOPE_3,ref_freighting_goods,vans_average_up_to_3_5_tonnes_plug_in_hybrid_electric_vehicle_miles,STANDARD,UK,miles,0.24267,"DEFRA/DESNZ 2024 full set (advanced users) — sheet 'Freighting goods', row 37 (group: Plug-in Hybrid Electric Vehicle; activity/type: Vans / Average (up to 3.5 tonnes))"
SCOPE_3,ref_freighting_goods,vans_average_up_to_3_5_tonnes_battery_electric_vehicle_miles,STANDARD,UK,miles,0.12752,"DEFRA/DESNZ 2024 full set (advanced users) — sheet 'Freighting goods', row 37 (group: Battery Electric Vehicle; activity/type: Vans / Average (up to 3.5 tonnes))"
SCOPE_3,ref_freighting_goods,hgv_all_diesel_rigid_3_5_7_5_tonnes_50_laden_tonne_km,STANDARD,UK,tonne.km,0.4399,"DEFRA/DESNZ 2024 full set (advanced users) — sheet 'Freighting goods', row 42 (group: 50% Laden; activity/type: HGV (all diesel) / Rigid (>3.5 - 7.5 tonnes))"
SCOPE_3,ref_freighting_goods,hgv_all_diesel_rigid_3_5_7_5_tonnes_100_laden_tonne_km,STANDARD,UK,tonne.km,0.23736,"DEFRA/DESNZ 2024 full set (advanced users) — sheet 'Freighting goods', row 42 (group: 100% Laden; activity/type: HGV (all diesel) / Rigid (>3.5 - 7.5 tonnes))"
SCOPE_3,ref_freighting_goods,hgv_all_diesel_rigid_3_5_7_5_tonnes_average_laden_tonne_km,STANDARD,UK,tonne.km,0.50546,"DEFRA/DESNZ 2024 full set (advanced users) — sheet 'Freighting goods', row 42 (group: Average laden; activity/type: HGV (all diesel) / Rigid (>3.5 - 7.5 tonnes))"
SCOPE_3,ref_freighting_goods,hgv_all_diesel_rigid_3_5_7_5_tonnes_0_laden_km,STANDARD,UK,km,0.4538,"DEFRA/DESNZ 2024 full set (advanced users) — sheet 'Freighting goods', row 43 (group: 0% Laden; activity/type: HGV (all diesel) / Rigid (>3.5 - 7.5 tonnes))"
SCOPE_3,ref_freighting_goods,hgv_all_diesel_rigid_3_5_7_5_tonnes_50_laden_km,STANDARD,UK,km,0.49279,"DEFRA/DESNZ 2024 full set (advanced users) — sheet 'Freighting goods', row 43 (group: 50% Laden; activity/type: HGV (all diesel) / Rigid (>3.5 - 7.5 tonnes))"
SCOPE_3,ref_freighting_goods,hgv_all_diesel_rigid_3_5_7_5_tonnes_100_laden_km,STANDARD,UK,km,0.53178,"DEFRA/DESNZ 2024 full set (advanced users) — sheet 'Freighting goods', row 43 (group: 100% Laden; activity/type: HGV (all diesel) / Rigid (>3.5 - 7.5 tonnes))"
SCOPE_3,ref_freighting_goods,hgv_all_diesel_rigid_3_5_7_5_tonnes_average_laden_km,STANDARD,UK,km,0.48733,"DEFRA/DESNZ 2024 full set (advanced users) — sheet 'Freighting goods', row 43 (group: Average laden; activity/type: HGV (all diesel) / Rigid (>3.5 - 7.5 tonnes))"
SCOPE_3,ref_freighting_goods,hgv_all_diesel_rigid_3_5_7_5_tonnes_0_laden_miles,STANDARD,UK,miles,0.73031,"DEFRA/DESNZ 2024 full set (advanced users) — sheet 'Freighting goods', row 44 (group: 0% Laden; activity/type: HGV (all diesel) / Rigid (>3.5 - 7.5 tonnes))"
SCOPE_3,ref_freighting_goods,hgv_all_diesel_rigid_3_5_7_5_tonnes_50_laden_miles,STANDARD,UK,miles,0.79306,"DEFRA/DESNZ 2024 full set (advanced users) — sheet 'Freighting goods', row 44 (group: 50% Laden; activity/type: HGV (all diesel) / Rigid (>3.5 - 7.5 tonnes))"
SCOPE_3,ref_freighting_goods,hgv_all_diesel_rigid_3_5_7_5_tonnes_100_laden_miles,STANDARD,UK,miles,0.8558,"DEFRA/DESNZ 2024 full set (advanced users) — sheet 'Freighting goods', row 44 (group: 100% Laden; activity/type: HGV (all diesel) / Rigid (>3.5 - 7.5 tonnes))"
SCOPE_3,ref_freighting_goods,hgv_all_diesel_rigid_3_5_7_5_tonnes_average_laden_miles,STANDARD,UK,miles,0.78427,"DEFRA/DESNZ 2024 full set (advanced users) — sheet 'Freighting goods', row 44 (group: Average laden; activity/type: HGV (all diesel) / Rigid (>3.5 - 7.5 tonnes))"
SCOPE_3,ref_freighting_goods,hgv_all_diesel_rigid_7_5_tonnes_17_tonnes_50_laden_tonne_km,STANDARD,UK,tonne.km,0.26206,"DEFRA/DESNZ 2024 full set (advanced users) — sheet 'Freighting goods', row 45 (group: 50% Laden; activity/type: HGV (all diesel) / Rigid (>7.5 tonnes-17 tonnes))"
SCOPE_3,ref_freighting_goods,hgv_all_diesel_rigid_7_5_tonnes_17_tonnes_100_laden_tonne_km,STANDARD,UK,tonne.km,0.14724,"DEFRA/DESNZ 2024 full set (advanced users) — sheet 'Freighting goods', row 45 (group: 100% Laden; activity/type: HGV (all diesel) / Rigid (>7.5 tonnes-17 tonnes))"
SCOPE_3,ref_freighting_goods,hgv_all_diesel_rigid_7_5_tonnes_17_tonnes_average_laden_tonne_km,STANDARD,UK,tonne.km,0.38023,"DEFRA/DESNZ 2024 full set (advanced users) — sheet 'Freighting goods', row 45 (group: Average laden; activity/type: HGV (all diesel) / Rigid (>7.5 tonnes-17 tonnes))"
SCOPE_3,ref_freighting_goods,hgv_all_diesel_rigid_7_5_tonnes_17_tonnes_0_laden_km,STANDARD,UK,km,0.54426,"DEFRA/DESNZ 2024 full set (advanced users) — sheet 'Freighting goods', row 46 (group: 0% Laden; activity/type: HGV (all diesel) / Rigid (>7.5 tonnes-17 tonnes))"
SCOPE_3,ref_freighting_goods,hgv_all_diesel_rigid_7_5_tonnes_17_tonnes_50_laden_km,STANDARD,UK,km,0.62106,"DEFRA/DESNZ 2024 full set (advanced users) — sheet 'Freighting goods', row 46 (group: 50% Laden; activity/type: HGV (all diesel) / Rigid (>7.5 tonnes-17 tonnes))"
SCOPE_3,ref_freighting_goods,hgv_all_diesel_rigid_7_5_tonnes_17_tonnes_100_laden_km,STANDARD,UK,km,0.69787,"DEFRA/DESNZ 2024 full set (advanced users) — sheet 'Freighting goods', row 46 (group: 100% Laden; activity/type: HGV (all diesel) / Rigid (>7.5 tonnes-17 tonnes))"
SCOPE_3,ref_freighting_goods,hgv_all_diesel_rigid_7_5_tonnes_17_tonnes_average_laden_km,STANDARD,UK,km,0.59495,"DEFRA/DESNZ 2024 full set (advanced users) — sheet 'Freighting goods', row 46 (group: Average laden; activity/type: HGV (all diesel) / Rigid (>7.5 tonnes-17 tonnes))"
SCOPE_3,ref_freighting_goods,hgv_all_diesel_rigid_7_5_tonnes_17_tonnes_0_laden_miles,STANDARD,UK,miles,0.87591,"DEFRA/DESNZ 2024 full set (advanced users) — sheet 'Freighting goods', row 47 (group: 0% Laden; activity/type: HGV (all diesel) / Rigid (>7.5 tonnes-17 tonnes))"
SCOPE_3,ref_freighting_goods,hgv_all_diesel_rigid_7_5_tonnes_17_tonnes_50_laden_miles,STANDARD,UK,miles,0.99952,"DEFRA/DESNZ 2024 full set (advanced users) — sheet 'Freighting goods', row 47 (group: 50% Laden; activity/type: HGV (all diesel) / Rigid (>7.5 tonnes-17 tonnes))"
SCOPE_3,ref_freighting_goods,hgv_all_diesel_rigid_7_5_tonnes_17_tonnes_100_laden_miles,STANDARD,UK,miles,1.12313,"DEFRA/DESNZ 2024 full set (advanced users) — sheet 'Freighting goods', row 47 (group: 100% Laden; activity/type: HGV (all diesel) / Rigid (>7.5 tonnes-17 tonnes))"
SCOPE_3,ref_freighting_goods,hgv_all_diesel_rigid_7_5_tonnes_17_tonnes_average_laden_miles,STANDARD,UK,miles,0.95749,"DEFRA/DESNZ 2024 full set (advanced users) — sheet 'Freighting goods', row 47 (group: Average laden; activity/type: HGV (all diesel) / Rigid (>7.5 tonnes-17 tonnes))"
SCOPE_3,ref_freighting_goods,hgv_all_diesel_rigid_17_tonnes_50_laden_tonne_km,STANDARD,UK,tonne.km,0.20077,"DEFRA/DESNZ 2024 full set (advanced users) — sheet 'Freighting goods', row 48 (group: 50% Laden; activity/type: HGV (all diesel) / Rigid (>17 tonnes))"
SCOPE_3,ref_freighting_goods,hgv_all_diesel_rigid_17_tonnes_100_laden_tonne_km,STANDARD,UK,tonne.km,0.11824,"DEFRA/DESNZ 2024 full set (advanced users) — sheet 'Freighting goods', row 48 (group: 100% Laden; activity/type: HGV (all diesel) / Rigid (>17 tonnes))"
SCOPE_3,ref_freighting_goods,hgv_all_diesel_rigid_17_tonnes_average_laden_tonne_km,STANDARD,UK,tonne.km,0.15398,"DEFRA/DESNZ 2024 full set (advanced users) — sheet 'Freighting goods', row 48 (group: Average laden; activity/type: HGV (all diesel) / Rigid (>17 tonnes))"
SCOPE_3,ref_freighting_goods,hgv_all_diesel_rigid_17_tonnes_0_laden_km,STANDARD,UK,km,0.74987,"DEFRA/DESNZ 2024 full set (advanced users) — sheet 'Freighting goods', row 49 (group: 0% Laden; activity/type: HGV (all diesel) / Rigid (>17 tonnes))"
SCOPE_3,ref_freighting_goods,hgv_all_diesel_rigid_17_tonnes_50_laden_km,STANDARD,UK,km,0.9121,"DEFRA/DESNZ 2024 full set (advanced users) — sheet 'Freighting goods', row 49 (group: 50% Laden; activity/type: HGV (all diesel) / Rigid (>17 tonnes))"
SCOPE_3,ref_freighting_goods,hgv_all_diesel_rigid_17_tonnes_100_laden_km,STANDARD,UK,km,1.07433,"DEFRA/DESNZ 2024 full set (advanced users) — sheet 'Freighting goods', row 49 (group: 100% Laden; activity/type: HGV (all diesel) / Rigid (>17 tonnes))"
SCOPE_3,ref_freighting_goods,hgv_all_diesel_rigid_17_tonnes_average_laden_km,STANDARD,UK,km,0.97698,"DEFRA/DESNZ 2024 full set (advanced users) — sheet 'Freighting goods', row 49 (group: Average laden; activity/type: HGV (all diesel) / Rigid (>17 tonnes))"
SCOPE_3,ref_freighting_goods,hgv_all_diesel_rigid_17_tonnes_0_laden_miles,STANDARD,UK,miles,1.20681,"DEFRA/DESNZ 2024 full set (advanced users) — sheet 'Freighting goods', row 50 (group: 0% Laden; activity/type: HGV (all diesel) / Rigid (>17 tonnes))"
SCOPE_3,ref_freighting_goods,hgv_all_diesel_rigid_17_tonnes_50_laden_miles,STANDARD,UK,miles,1.4679,"DEFRA/DESNZ 2024 full set (advanced users) — sheet 'Freighting goods', row 50 (group: 50% Laden; activity/type: HGV (all diesel) / Rigid (>17 tonnes))"
SCOPE_3,ref_freighting_goods,hgv_all_diesel_rigid_17_tonnes_100_laden_miles,STANDARD,UK,miles,1.72898,"DEFRA/DESNZ 2024 full set (advanced users) — sheet 'Freighting goods', row 50 (group: 100% Laden; activity/type: HGV (all diesel) / Rigid (>17 tonnes))"
SCOPE_3,ref_freighting_goods,hgv_all_diesel_rigid_17_tonnes_average_laden_miles,STANDARD,UK,miles,1.57231,"DEFRA/DESNZ 2024 full set (advanced users) — sheet 'Freighting goods', row 50 (group: Average laden; activity/type: HGV (all diesel) / Rigid (>17 tonnes))"
SCOPE_3,ref_freighting_goods,hgv_all_diesel_all_rigids_50_laden_tonne_km,STANDARD,UK,tonne.km,0.21412,"DEFRA/DESNZ 2024 full set (advanced users) — sheet 'Freighting goods', row 51 (group: 50% Laden; activity/type: HGV (all diesel) / All rigids)"
SCOPE_3,ref_freighting_goods,hgv_all_diesel_all_rigids_100_laden_tonne_km,STANDARD,UK,tonne.km,0.12482,"DEFRA/DESNZ 2024 full set (advanced users) — sheet 'Freighting goods', row 51 (group: 100% Laden; activity/type: HGV (all diesel) / All rigids)"
SCOPE_3,ref_freighting_goods,hgv_all_diesel_all_rigids_average_laden_tonne_km,STANDARD,UK,tonne.km,0.17853,"DEFRA/DESNZ 2024 full set (advanced users) — sheet 'Freighting goods', row 51 (group: Average laden; activity/type: HGV (all diesel) / All rigids)"
SCOPE_3,ref_freighting_goods,hgv_all_diesel_all_rigids_0_laden_km,STANDARD,UK,km,0.66163,"DEFRA/DESNZ 2024 full set (advanced users) — sheet 'Freighting goods', row 52 (group: 0% Laden; activity/type: HGV (all diesel) / All rigids)"
SCOPE_3,ref_freighting_goods,hgv_all_diesel_all_rigids_50_laden_km,STANDARD,UK,km,0.78719,"DEFRA/DESNZ 2024 full set (advanced users) — sheet 'Freighting goods', row 52 (group: 50% Laden; activity/type: HGV (all diesel) / All rigids)"
SCOPE_3,ref_freighting_goods,hgv_all_diesel_all_rigids_100_laden_km,STANDARD,UK,km,0.91274,"DEFRA/DESNZ 2024 full set (advanced users) — sheet 'Freighting goods', row 52 (group: 100% Laden; activity/type: HGV (all diesel) / All rigids)"
SCOPE_3,ref_freighting_goods,hgv_all_diesel_all_rigids_average_laden_km,STANDARD,UK,km,0.82657,"DEFRA/DESNZ 2024 full set (advanced users) — sheet 'Freighting goods', row 52 (group: Average laden; activity/type: HGV (all diesel) / All rigids)"
SCOPE_3,ref_freighting_goods,hgv_all_diesel_all_rigids_0_laden_miles,STANDARD,UK,miles,1.06479,"DEFRA/DESNZ 2024 full set (advanced users) — sheet 'Freighting goods', row 53 (group: 0% Laden; activity/type: HGV (all diesel) / All rigids)"
SCOPE_3,ref_freighting_goods,hgv_all_diesel_all_rigids_50_laden_miles,STANDARD,UK,miles,1.26685,"DEFRA/DESNZ 2024 full set (advanced users) — sheet 'Freighting goods', row 53 (group: 50% Laden; activity/type: HGV (all diesel) / All rigids)"
SCOPE_3,ref_freighting_goods,hgv_all_diesel_all_rigids_100_laden_miles,STANDARD,UK,miles,1.46891,"DEFRA/DESNZ 2024 full set (advanced users) — sheet 'Freighting goods', row 53 (group: 100% Laden; activity/type: HGV (all diesel) / All rigids)"
SCOPE_3,ref_freighting_goods,hgv_all_diesel_all_rigids_average_laden_miles,STANDARD,UK,miles,1.33023,"DEFRA/DESNZ 2024 full set (advanced users) — sheet 'Freighting goods', row 53 (group: Average laden; activity/type: HGV (all diesel) / All rigids)"
SCOPE_3,ref_freighting_goods,hgv_all_diesel_articulated_3_5_33t_50_laden_tonne_km,STANDARD,UK,tonne.km,0.11303,"DEFRA/DESNZ 2024 full set (advanced users) — sheet 'Freighting goods', row 54 (group: 50% Laden; activity/type: HGV (all diesel) / Articulated (>3.5 - 33t))"
SCOPE_3,ref_freighting_goods,hgv_all_diesel_articulated_3_5_33t_100_laden_tonne_km,STANDARD,UK,tonne.km,0.06763,"DEFRA/DESNZ 2024 full set (advanced users) — sheet 'Freighting goods', row 54 (group: 100% Laden; activity/type: HGV (all diesel) / Articulated (>3.5 - 33t))"
SCOPE_3,ref_freighting_goods,hgv_all_diesel_articulated_3_5_33t_average_laden_tonne_km,STANDARD,UK,tonne.km,0.11311,"DEFRA/DESNZ 2024 full set (advanced users) — sheet 'Freighting goods', row 54 (group: Average laden; activity/type: HGV (all diesel) / Articulated (>3.5 - 33t))"
SCOPE_3,ref_freighting_goods,hgv_all_diesel_articulated_3_5_33t_0_laden_km,STANDARD,UK,km,0.61558,"DEFRA/DESNZ 2024 full set (advanced users) — sheet 'Freighting goods', row 55 (group: 0% Laden; activity/type: HGV (all diesel) / Articulated (>3.5 - 33t))"
SCOPE_3,ref_freighting_goods,hgv_all_diesel_articulated_3_5_33t_50_laden_km,STANDARD,UK,km,0.76642,"DEFRA/DESNZ 2024 full set (advanced users) — sheet 'Freighting goods', row 55 (group: 50% Laden; activity/type: HGV (all diesel) / Articulated (>3.5 - 33t))"
SCOPE_3,ref_freighting_goods,hgv_all_diesel_articulated_3_5_33t_100_laden_km,STANDARD,UK,km,0.91726,"DEFRA/DESNZ 2024 full set (advanced users) — sheet 'Freighting goods', row 55 (group: 100% Laden; activity/type: HGV (all diesel) / Articulated (>3.5 - 33t))"
SCOPE_3,ref_freighting_goods,hgv_all_diesel_articulated_3_5_33t_average_laden_km,STANDARD,UK,km,0.76642,"DEFRA/DESNZ 2024 full set (advanced users) — sheet 'Freighting goods', row 55 (group: Average laden; activity/type: HGV (all diesel) / Articulated (>3.5 - 33t))"
SCOPE_3,ref_freighting_goods,hgv_all_diesel_articulated_3_5_33t_0_laden_miles,STANDARD,UK,miles,0.99065,"DEFRA/DESNZ 2024 full set (advanced users) — sheet 'Freighting goods', row 56 (group: 0% Laden; activity/type: HGV (all diesel) / Articulated (>3.5 - 33t))"
SCOPE_3,ref_freighting_goods,hgv_all_diesel_articulated_3_5_33t_50_laden_miles,STANDARD,UK,miles,1.23341,"DEFRA/DESNZ 2024 full set (advanced users) — sheet 'Freighting goods', row 56 (group: 50% Laden; activity/type: HGV (all diesel) / Articulated (>3.5 - 33t))"
SCOPE_3,ref_freighting_goods,hgv_all_diesel_articulated_3_5_33t_100_laden_miles,STANDARD,UK,miles,1.47616,"DEFRA/DESNZ 2024 full set (advanced users) — sheet 'Freighting goods', row 56 (group: 100% Laden; activity/type: HGV (all diesel) / Articulated (>3.5 - 33t))"
SCOPE_3,ref_freighting_goods,hgv_all_diesel_articulated_3_5_33t_average_laden_miles,STANDARD,UK,miles,1.23341,"DEFRA/DESNZ 2024 full set (advanced users) — sheet 'Freighting goods', row 56 (group: Average laden; activity/type: HGV (all diesel) / Articulated (>3.5 - 33t))"
SCOPE_3,ref_freighting_goods,hgv_all_diesel_articulated_33t_50_laden_tonne_km,STANDARD,UK,tonne.km,0.09294,"DEFRA/DESNZ 2024 full set (advanced users) — sheet 'Freighting goods', row 57 (group: 50% Laden; activity/type: HGV (all diesel) / Articulated (>33t))"
SCOPE_3,ref_freighting_goods,hgv_all_diesel_articulated_33t_100_laden_tonne_km,STANDARD,UK,tonne.km,0.05789,"DEFRA/DESNZ 2024 full set (advanced users) — sheet 'Freighting goods', row 57 (group: 100% Laden; activity/type: HGV (all diesel) / Articulated (>33t))"
SCOPE_3,ref_freighting_goods,hgv_all_diesel_articulated_33t_average_laden_tonne_km,STANDARD,UK,tonne.km,0.07447,"DEFRA/DESNZ 2024 full set (advanced users) — sheet 'Freighting goods', row 57 (group: Average laden; activity/type: HGV (all diesel) / Articulated (>33t))"
SCOPE_3,ref_freighting_goods,hgv_all_diesel_articulated_33t_0_laden_km,STANDARD,UK,km,0.63238,"DEFRA/DESNZ 2024 full set (advanced users) — sheet 'Freighting goods', row 58 (group: 0% Laden; activity/type: HGV (all diesel) / Articulated (>33t))"
SCOPE_3,ref_freighting_goods,hgv_all_diesel_articulated_33t_50_laden_km,STANDARD,UK,km,0.83833,"DEFRA/DESNZ 2024 full set (advanced users) — sheet 'Freighting goods', row 58 (group: 50% Laden; activity/type: HGV (all diesel) / Articulated (>33t))"
SCOPE_3,ref_freighting_goods,hgv_all_diesel_articulated_33t_100_laden_km,STANDARD,UK,km,1.04428,"DEFRA/DESNZ 2024 full set (advanced users) — sheet 'Freighting goods', row 58 (group: 100% Laden; activity/type: HGV (all diesel) / Articulated (>33t))"
SCOPE_3,ref_freighting_goods,hgv_all_diesel_articulated_33t_average_laden_km,STANDARD,UK,km,0.91247,"DEFRA/DESNZ 2024 full set (advanced users) — sheet 'Freighting goods', row 58 (group: Average laden; activity/type: HGV (all diesel) / Articulated (>33t))"
SCOPE_3,ref_freighting_goods,hgv_all_diesel_articulated_33t_0_laden_miles,STANDARD,UK,miles,1.0177,"DEFRA/DESNZ 2024 full set (advanced users) — sheet 'Freighting goods', row 59 (group: 0% Laden; activity/type: HGV (all diesel) / Articulated (>33t))"
SCOPE_3,ref_freighting_goods,hgv_all_diesel_articulated_33t_50_laden_miles,STANDARD,UK,miles,1.34914,"DEFRA/DESNZ 2024 full set (advanced users) — sheet 'Freighting goods', row 59 (group: 50% Laden; activity/type: HGV (all diesel) / Articulated (>33t))"
SCOPE_3,ref_freighting_goods,hgv_all_diesel_articulated_33t_100_laden_miles,STANDARD,UK,miles,1.68059,"DEFRA/DESNZ 2024 full set (advanced users) — sheet 'Freighting goods', row 59 (group: 100% Laden; activity/type: HGV (all diesel) / Articulated (>33t))"
SCOPE_3,ref_freighting_goods,hgv_all_diesel_articulated_33t_average_laden_miles,STANDARD,UK,miles,1.46846,"DEFRA/DESNZ 2024 full set (advanced users) — sheet 'Freighting goods', row 59 (group: Average laden; activity/type: HGV (all diesel) / Articulated (>33t))"
SCOPE_3,ref_freighting_goods,hgv_all_diesel_all_artics_50_laden_tonne_km,STANDARD,UK,tonne.km,0.09346,"DEFRA/DESNZ 2024 full set (advanced users) — sheet 'Freighting goods', row 60 (group: 50% Laden; activity/type: HGV (all diesel) / All artics)"
SCOPE_3,ref_freighting_goods,hgv_all_diesel_all_artics_100_laden_tonne_km,STANDARD,UK,tonne.km,0.05814,"DEFRA/DESNZ 2024 full set (advanced users) — sheet 'Freighting goods', row 60 (group: 100% Laden; activity/type: HGV (all diesel) / All artics)"
SCOPE_3,ref_freighting_goods,hgv_all_diesel_all_artics_average_laden_tonne_km,STANDARD,UK,tonne.km,0.07547,"DEFRA/DESNZ 2024 full set (advanced users) — sheet 'Freighting goods', row 60 (group: Average laden; activity/type: HGV (all diesel) / All artics)"
SCOPE_3,ref_freighting_goods,hgv_all_diesel_all_artics_0_laden_km,STANDARD,UK,km,0.63162,"DEFRA/DESNZ 2024 full set (advanced users) — sheet 'Freighting goods', row 61 (group: 0% Laden; activity/type: HGV (all diesel) / All artics)"
SCOPE_3,ref_freighting_goods,hgv_all_diesel_all_artics_50_laden_km,STANDARD,UK,km,0.83506,"DEFRA/DESNZ 2024 full set (advanced users) — sheet 'Freighting goods', row 61 (group: 50% Laden; activity/type: HGV (all diesel) / All artics)"
SCOPE_3,ref_freighting_goods,hgv_all_diesel_all_artics_100_laden_km,STANDARD,UK,km,1.03849,"DEFRA/DESNZ 2024 full set (advanced users) — sheet 'Freighting goods', row 61 (group: 100% Laden; activity/type: HGV (all diesel) / All artics)"
SCOPE_3,ref_freighting_goods,hgv_all_diesel_all_artics_average_laden_km,STANDARD,UK,km,0.90581,"DEFRA/DESNZ 2024 full set (advanced users) — sheet 'Freighting goods', row 61 (group: Average laden; activity/type: HGV (all diesel) / All artics)"
SCOPE_3,ref_freighting_goods,hgv_all_diesel_all_artics_0_laden_miles,STANDARD,UK,miles,1.01648,"DEFRA/DESNZ 2024 full set (advanced users) — sheet 'Freighting goods', row 62 (group: 0% Laden; activity/type: HGV (all diesel) / All artics)"
SCOPE_3,ref_freighting_goods,hgv_all_diesel_all_artics_50_laden_miles,STANDARD,UK,miles,1.34388,"DEFRA/DESNZ 2024 full set (advanced users) — sheet 'Freighting goods', row 62 (group: 50% Laden; activity/type: HGV (all diesel) / All artics)"
SCOPE_3,ref_freighting_goods,hgv_all_diesel_all_artics_100_laden_miles,STANDARD,UK,miles,1.67128,"DEFRA/DESNZ 2024 full set (advanced users) — sheet 'Freighting goods', row 62 (group: 100% Laden; activity/type: HGV (all diesel) / All artics)"
SCOPE_3,ref_freighting_goods,hgv_all_diesel_all_artics_average_laden_miles,STANDARD,UK,miles,1.45775,"DEFRA/DESNZ 2024 full set (advanced users) — sheet 'Freighting goods', row 62 (group: Average laden; activity/type: HGV (all diesel) / All artics)"
SCOPE_3,ref_freighting_goods,hgv_all_diesel_all_hgvs_50_laden_tonne_km,STANDARD,UK,tonne.km,0.11926,"DEFRA/DESNZ 2024 full set (advanced users) — sheet 'Freighting goods', row 63 (group: 50% Laden; activity/type: HGV (all diesel) / All HGVs)"
SCOPE_3,ref_freighting_goods,hgv_all_diesel_all_hgvs_100_laden_tonne_km,STANDARD,UK,tonne.km,0.0724,"DEFRA/DESNZ 2024 full set (advanced users) — sheet 'Freighting goods', row 63 (group: 100% Laden; activity/type: HGV (all diesel) / All HGVs)"
SCOPE_3,ref_freighting_goods,hgv_all_diesel_all_hgvs_average_laden_tonne_km,STANDARD,UK,tonne.km,0.09752,"DEFRA/DESNZ 2024 full set (advanced users) — sheet 'Freighting goods', row 63 (group: Average laden; activity/type: HGV (all diesel) / All HGVs)"
SCOPE_3,ref_freighting_goods,hgv_all_diesel_all_hgvs_0_laden_km,STANDARD,UK,km,0.64392,"DEFRA/DESNZ 2024 full set (advanced users) — sheet 'Freighting goods', row 64 (group: 0% Laden; activity/type: HGV (all diesel) / All HGVs)"
SCOPE_3,ref_freighting_goods,hgv_all_diesel_all_hgvs_50_laden_km,STANDARD,UK,km,0.81517,"DEFRA/DESNZ 2024 full set (advanced users) — sheet 'Freighting goods', row 64 (group: 50% Laden; activity/type: HGV (all diesel) / All HGVs)"
SCOPE_3,ref_freighting_goods,hgv_all_diesel_all_hgvs_100_laden_km,STANDARD,UK,km,0.98641,"DEFRA/DESNZ 2024 full set (advanced users) — sheet 'Freighting goods', row 64 (group: 100% Laden; activity/type: HGV (all diesel) / All HGVs)"
SCOPE_3,ref_freighting_goods,hgv_all_diesel_all_hgvs_average_laden_km,STANDARD,UK,km,0.87296,"DEFRA/DESNZ 2024 full set (advanced users) — sheet 'Freighting goods', row 64 (group: Average laden; activity/type: HGV (all diesel) / All HGVs)"
SCOPE_3,ref_freighting_goods,hgv_all_diesel_all_hgvs_0_laden_miles,STANDARD,UK,miles,1.03629,"DEFRA/DESNZ 2024 full set (advanced users) — sheet 'Freighting goods', row 65 (group: 0% Laden; activity/type: HGV (all diesel) / All HGVs)"
SCOPE_3,ref_freighting_goods,hgv_all_diesel_all_hgvs_50_laden_miles,STANDARD,UK,miles,1.31188,"DEFRA/DESNZ 2024 full set (advanced users) — sheet 'Freighting goods', row 65 (group: 50% Laden; activity/type: HGV (all diesel) / All HGVs)"
SCOPE_3,ref_freighting_goods,hgv_all_diesel_all_hgvs_100_laden_miles,STANDARD,UK,miles,1.58748,"DEFRA/DESNZ 2024 full set (advanced users) — sheet 'Freighting goods', row 65 (group: 100% Laden; activity/type: HGV (all diesel) / All HGVs)"
SCOPE_3,ref_freighting_goods,hgv_all_diesel_all_hgvs_average_laden_miles,STANDARD,UK,miles,1.40489,"DEFRA/DESNZ 2024 full set (advanced users) — sheet 'Freighting goods', row 65 (group: Average laden; activity/type: HGV (all diesel) / All HGVs)"
SCOPE_3,ref_freighting_goods,hgv_refrigerated_all_diesel_rigid_3_5_7_5_tonnes_50_laden_tonne_km,STANDARD,UK,tonne.km,0.52382,"DEFRA/DESNZ 2024 full set (advanced users) — sheet 'Freighting goods', row 70 (group: 50% Laden; activity/type: HGV refrigerated (all diesel) / Rigid (>3.5 - 7.5 tonnes))"
SCOPE_3,ref_freighting_goods,hgv_refrigerated_all_diesel_rigid_3_5_7_5_tonnes_100_laden_tonne_km,STANDARD,UK,tonne.km,0.28268,"DEFRA/DESNZ 2024 full set (advanced users) — sheet 'Freighting goods', row 70 (group: 100% Laden; activity/type: HGV refrigerated (all diesel) / Rigid (>3.5 - 7.5 tonnes))"
SCOPE_3,ref_freighting_goods,hgv_refrigerated_all_diesel_rigid_3_5_7_5_tonnes_average_laden_tonne_km,STANDARD,UK,tonne.km,0.60195,"DEFRA/DESNZ 2024 full set (advanced users) — sheet 'Freighting goods', row 70 (group: Average laden; activity/type: HGV refrigerated (all diesel) / Rigid (>3.5 - 7.5 tonnes))"
SCOPE_3,ref_freighting_goods,hgv_refrigerated_all_diesel_rigid_3_5_7_5_tonnes_0_laden_km,STANDARD,UK,km,0.54033,"DEFRA/DESNZ 2024 full set (advanced users) — sheet 'Freighting goods', row 71 (group: 0% Laden; activity/type: HGV refrigerated (all diesel) / Rigid (>3.5 - 7.5 tonnes))"
SCOPE_3,ref_freighting_goods,hgv_refrigerated_all_diesel_rigid_3_5_7_5_tonnes_50_laden_km,STANDARD,UK,km,0.58684,"DEFRA/DESNZ 2024 full set (advanced users) — sheet 'Freighting goods', row 71 (group: 50% Laden; activity/type: HGV refrigerated (all diesel) / Rigid (>3.5 - 7.5 tonnes))"
SCOPE_3,ref_freighting_goods,hgv_refrigerated_all_diesel_rigid_3_5_7_5_tonnes_100_laden_km,STANDARD,UK,km,0.63336,"DEFRA/DESNZ 2024 full set (advanced users) — sheet 'Freighting goods', row 71 (group: 100% Laden; activity/type: HGV refrigerated (all diesel) / Rigid (>3.5 - 7.5 tonnes))"
SCOPE_3,ref_freighting_goods,hgv_refrigerated_all_diesel_rigid_3_5_7_5_tonnes_average_laden_km,STANDARD,UK,km,0.58033,"DEFRA/DESNZ 2024 full set (advanced users) — sheet 'Freighting goods', row 71 (group: Average laden; activity/type: HGV refrigerated (all diesel) / Rigid (>3.5 - 7.5 tonnes))"
SCOPE_3,ref_freighting_goods,hgv_refrigerated_all_diesel_rigid_3_5_7_5_tonnes_0_laden_miles,STANDARD,UK,miles,0.86957,"DEFRA/DESNZ 2024 full set (advanced users) — sheet 'Freighting goods', row 72 (group: 0% Laden; activity/type: HGV refrigerated (all diesel) / Rigid (>3.5 - 7.5 tonnes))"
SCOPE_3,ref_freighting_goods,hgv_refrigerated_all_diesel_rigid_3_5_7_5_tonnes_50_laden_miles,STANDARD,UK,miles,0.94442,"DEFRA/DESNZ 2024 full set (advanced users) — sheet 'Freighting goods', row 72 (group: 50% Laden; activity/type: HGV refrigerated (all diesel) / Rigid (>3.5 - 7.5 tonnes))"
SCOPE_3,ref_freighting_goods,hgv_refrigerated_all_diesel_rigid_3_5_7_5_tonnes_100_laden_miles,STANDARD,UK,miles,1.01928,"DEFRA/DESNZ 2024 full set (advanced users) — sheet 'Freighting goods', row 72 (group: 100% Laden; activity/type: HGV refrigerated (all diesel) / Rigid (>3.5 - 7.5 tonnes))"
SCOPE_3,ref_freighting_goods,hgv_refrigerated_all_diesel_rigid_3_5_7_5_tonnes_average_laden_miles,STANDARD,UK,miles,0.93394,"DEFRA/DESNZ 2024 full set (advanced users) — sheet 'Freighting goods', row 72 (group: Average laden; activity/type: HGV refrigerated (all diesel) / Rigid (>3.5 - 7.5 tonnes))"
SCOPE_3,ref_freighting_goods,hgv_refrigerated_all_diesel_rigid_7_5_tonnes_17_tonnes_50_laden_tonne_km,STANDARD,UK,tonne.km,0.31213,"DEFRA/DESNZ 2024 full set (advanced users) — sheet 'Freighting goods', row 73 (group: 50% Laden; activity/type: HGV refrigerated (all diesel) / Rigid (>7.5 tonnes-17 tonnes))"
SCOPE_3,ref_freighting_goods,hgv_refrigerated_all_diesel_rigid_7_5_tonnes_17_tonnes_100_laden_tonne_km,STANDARD,UK,tonne.km,0.17541,"DEFRA/DESNZ 2024 full set (advanced users) — sheet 'Freighting goods', row 73 (group: 100% Laden; activity/type: HGV refrigerated (all diesel) / Rigid (>7.5 tonnes-17 tonnes))"
SCOPE_3,ref_freighting_goods,hgv_refrigerated_all_diesel_rigid_7_5_tonnes_17_tonnes_average_laden_tonne_km,STANDARD,UK,tonne.km,0.45287,"DEFRA/DESNZ 2024 full set (advanced users) — sheet 'Freighting goods', row 73 (group: Average laden; activity/type: HGV refrigerated (all diesel) / Rigid (>7.5 tonnes-17 tonnes))"
SCOPE_3,ref_freighting_goods,hgv_refrigerated_all_diesel_rigid_7_5_tonnes_17_tonnes_0_laden_km,STANDARD,UK,km,0.64802,"DEFRA/DESNZ 2024 full set (advanced users) — sheet 'Freighting goods', row 74 (group: 0% Laden; activity/type: HGV refrigerated (all diesel) / Rigid (>7.5 tonnes-17 tonnes))"
SCOPE_3,ref_freighting_goods,hgv_refrigerated_all_diesel_rigid_7_5_tonnes_17_tonnes_50_laden_km,STANDARD,UK,km,0.73965,"DEFRA/DESNZ 2024 full set (advanced users) — sheet 'Freighting goods', row 74 (group: 50% Laden; activity/type: HGV refrigerated (all diesel) / Rigid (>7.5 tonnes-17 tonnes))"
SCOPE_3,ref_freighting_goods,hgv_refrigerated_all_diesel_rigid_7_5_tonnes_17_tonnes_100_laden_km,STANDARD,UK,km,0.83128,"DEFRA/DESNZ 2024 full set (advanced users) — sheet 'Freighting goods', row 74 (group: 100% Laden; activity/type: HGV refrigerated (all diesel) / Rigid (>7.5 tonnes-17 tonnes))"
SCOPE_3,ref_freighting_goods,hgv_refrigerated_all_diesel_rigid_7_5_tonnes_17_tonnes_average_laden_km,STANDARD,UK,km,0.7085,"DEFRA/DESNZ 2024 full set (advanced users) — sheet 'Freighting goods', row 74 (group: Average laden; activity/type: HGV refrigerated (all diesel) / Rigid (>7.5 tonnes-17 tonnes))"
SCOPE_3,ref_freighting_goods,hgv_refrigerated_all_diesel_rigid_7_5_tonnes_17_tonnes_0_laden_miles,STANDARD,UK,miles,1.0429,"DEFRA/DESNZ 2024 full set (advanced users) — sheet 'Freighting goods', row 75 (group: 0% Laden; activity/type: HGV refrigerated (all diesel) / Rigid (>7.5 tonnes-17 tonnes))"
SCOPE_3,ref_freighting_goods,hgv_refrigerated_all_diesel_rigid_7_5_tonnes_17_tonnes_50_laden_miles,STANDARD,UK,miles,1.19036,"DEFRA/DESNZ 2024 full set (advanced users) — sheet 'Freighting goods', row 75 (group: 50% Laden; activity/type: HGV refrigerated (all diesel) / Rigid (>7.5 tonnes-17 tonnes))"
SCOPE_3,ref_freighting_goods,hgv_refrigerated_all_diesel_rigid_7_5_tonnes_17_tonnes_100_laden_miles,STANDARD,UK,miles,1.33783,"DEFRA/DESNZ 2024 full set (advanced users) — sheet 'Freighting goods', row 75 (group: 100% Laden; activity/type: HGV refrigerated (all diesel) / Rigid (>7.5 tonnes-17 tonnes))"
SCOPE_3,ref_freighting_goods,hgv_refrigerated_all_diesel_rigid_7_5_tonnes_17_tonnes_average_laden_miles,STANDARD,UK,miles,1.14022,"DEFRA/DESNZ 2024 full set (advanced users) — sheet 'Freighting goods', row 75 (group: Average laden; activity/type: HGV refrigerated (all diesel) / Rigid (>7.5 tonnes-17 tonnes))"
SCOPE_3,ref_freighting_goods,hgv_refrigerated_all_diesel_rigid_17_tonnes_50_laden_tonne_km,STANDARD,UK,tonne.km,0.23906,"DEFRA/DESNZ 2024 full set (advanced users) — sheet 'Freighting goods', row 76 (group: 50% Laden; activity/type: HGV refrigerated (all diesel) / Rigid (>17 tonnes))"
SCOPE_3,ref_freighting_goods,hgv_refrigerated_all_diesel_rigid_17_tonnes_100_laden_tonne_km,STANDARD,UK,tonne.km,0.14083,"DEFRA/DESNZ 2024 full set (advanced users) — sheet 'Freighting goods', row 76 (group: 100% Laden; activity/type: HGV refrigerated (all diesel) / Rigid (>17 tonnes))"
SCOPE_3,ref_freighting_goods,hgv_refrigerated_all_diesel_rigid_17_tonnes_average_laden_tonne_km,STANDARD,UK,tonne.km,0.1833,"DEFRA/DESNZ 2024 full set (advanced users) — sheet 'Freighting goods', row 76 (group: Average laden; activity/type: HGV refrigerated (all diesel) / Rigid (>17 tonnes))"
SCOPE_3,ref_freighting_goods,hgv_refrigerated_all_diesel_rigid_17_tonnes_0_laden_km,STANDARD,UK,km,0.8925,"DEFRA/DESNZ 2024 full set (advanced users) — sheet 'Freighting goods', row 77 (group: 0% Laden; activity/type: HGV refrigerated (all diesel) / Rigid (>17 tonnes))"
SCOPE_3,ref_freighting_goods,hgv_refrigerated_all_diesel_rigid_17_tonnes_50_laden_km,STANDARD,UK,km,1.08604,"DEFRA/DESNZ 2024 full set (advanced users) — sheet 'Freighting goods', row 77 (group: 50% Laden; activity/type: HGV refrigerated (all diesel) / Rigid (>17 tonnes))"
SCOPE_3,ref_freighting_goods,hgv_refrigerated_all_diesel_rigid_17_tonnes_100_laden_km,STANDARD,UK,km,1.27958,"DEFRA/DESNZ 2024 full set (advanced users) — sheet 'Freighting goods', row 77 (group: 100% Laden; activity/type: HGV refrigerated (all diesel) / Rigid (>17 tonnes))"
SCOPE_3,ref_freighting_goods,hgv_refrigerated_all_diesel_rigid_17_tonnes_average_laden_km,STANDARD,UK,km,1.16344,"DEFRA/DESNZ 2024 full set (advanced users) — sheet 'Freighting goods', row 77 (group: Average laden; activity/type: HGV refrigerated (all diesel) / Rigid (>17 tonnes))"
SCOPE_3,ref_freighting_goods,hgv_refrigerated_all_diesel_rigid_17_tonnes_0_laden_miles,STANDARD,UK,miles,1.43635,"DEFRA/DESNZ 2024 full set (advanced users) — sheet 'Freighting goods', row 78 (group: 0% Laden; activity/type: HGV refrigerated (all diesel) / Rigid (>17 tonnes))"
SCOPE_3,ref_freighting_goods,hgv_refrigerated_all_diesel_rigid_17_tonnes_50_laden_miles,STANDARD,UK,miles,1.74783,"DEFRA/DESNZ 2024 full set (advanced users) — sheet 'Freighting goods', row 78 (group: 50% Laden; activity/type: HGV refrigerated (all diesel) / Rigid (>17 tonnes))"
SCOPE_3,ref_freighting_goods,hgv_refrigerated_all_diesel_rigid_17_tonnes_100_laden_miles,STANDARD,UK,miles,2.0593,"DEFRA/DESNZ 2024 full set (advanced users) — sheet 'Freighting goods', row 78 (group: 100% Laden; activity/type: HGV refrigerated (all diesel) / Rigid (>17 tonnes))"
SCOPE_3,ref_freighting_goods,hgv_refrigerated_all_diesel_rigid_17_tonnes_average_laden_miles,STANDARD,UK,miles,1.87239,"DEFRA/DESNZ 2024 full set (advanced users) — sheet 'Freighting goods', row 78 (group: Average laden; activity/type: HGV refrigerated (all diesel) / Rigid (>17 tonnes))"
SCOPE_3,ref_freighting_goods,hgv_refrigerated_all_diesel_all_rigids_50_laden_tonne_km,STANDARD,UK,tonne.km,0.25495,"DEFRA/DESNZ 2024 full set (advanced users) — sheet 'Freighting goods', row 79 (group: 50% Laden; activity/type: HGV refrigerated (all diesel) / All rigids)"
SCOPE_3,ref_freighting_goods,hgv_refrigerated_all_diesel_all_rigids_100_laden_tonne_km,STANDARD,UK,tonne.km,0.14867,"DEFRA/DESNZ 2024 full set (advanced users) — sheet 'Freighting goods', row 79 (group: 100% Laden; activity/type: HGV refrigerated (all diesel) / All rigids)"
SCOPE_3,ref_freighting_goods,hgv_refrigerated_all_diesel_all_rigids_average_laden_tonne_km,STANDARD,UK,tonne.km,0.21254,"DEFRA/DESNZ 2024 full set (advanced users) — sheet 'Freighting goods', row 79 (group: Average laden; activity/type: HGV refrigerated (all diesel) / All rigids)"
SCOPE_3,ref_freighting_goods,hgv_refrigerated_all_diesel_all_rigids_0_laden_km,STANDARD,UK,km,0.78757,"DEFRA/DESNZ 2024 full set (advanced users) — sheet 'Freighting goods', row 80 (group: 0% Laden; activity/type: HGV refrigerated (all diesel) / All rigids)"
SCOPE_3,ref_freighting_goods,hgv_refrigerated_all_diesel_all_rigids_50_laden_km,STANDARD,UK,km,0.93736,"DEFRA/DESNZ 2024 full set (advanced users) — sheet 'Freighting goods', row 80 (group: 50% Laden; activity/type: HGV refrigerated (all diesel) / All rigids)"
SCOPE_3,ref_freighting_goods,hgv_refrigerated_all_diesel_all_rigids_100_laden_km,STANDARD,UK,km,1.08715,"DEFRA/DESNZ 2024 full set (advanced users) — sheet 'Freighting goods', row 80 (group: 100% Laden; activity/type: HGV refrigerated (all diesel) / All rigids)"
SCOPE_3,ref_freighting_goods,hgv_refrigerated_all_diesel_all_rigids_average_laden_km,STANDARD,UK,km,0.98435,"DEFRA/DESNZ 2024 full set (advanced users) — sheet 'Freighting goods', row 80 (group: Average laden; activity/type: HGV refrigerated (all diesel) / All rigids)"
SCOPE_3,ref_freighting_goods,hgv_refrigerated_all_diesel_all_rigids_0_laden_miles,STANDARD,UK,miles,1.26746,"DEFRA/DESNZ 2024 full set (advanced users) — sheet 'Freighting goods', row 81 (group: 0% Laden; activity/type: HGV refrigerated (all diesel) / All rigids)"
SCOPE_3,ref_freighting_goods,hgv_refrigerated_all_diesel_all_rigids_50_laden_miles,STANDARD,UK,miles,1.50852,"DEFRA/DESNZ 2024 full set (advanced users) — sheet 'Freighting goods', row 81 (group: 50% Laden; activity/type: HGV refrigerated (all diesel) / All rigids)"
SCOPE_3,ref_freighting_goods,hgv_refrigerated_all_diesel_all_rigids_100_laden_miles,STANDARD,UK,miles,1.74959,"DEFRA/DESNZ 2024 full set (advanced users) — sheet 'Freighting goods', row 81 (group: 100% Laden; activity/type: HGV refrigerated (all diesel) / All rigids)"
SCOPE_3,ref_freighting_goods,hgv_refrigerated_all_diesel_all_rigids_average_laden_miles,STANDARD,UK,miles,1.58414,"DEFRA/DESNZ 2024 full set (advanced users) — sheet 'Freighting goods', row 81 (group: Average laden; activity/type: HGV refrigerated (all diesel) / All rigids)"
SCOPE_3,ref_freighting_goods,hgv_refrigerated_all_diesel_articulated_3_5_33t_50_laden_tonne_km,STANDARD,UK,tonne.km,0.13078,"DEFRA/DESNZ 2024 full set (advanced users) — sheet 'Freighting goods', row 82 (group: 50% Laden; activity/type: HGV refrigerated (all diesel) / Articulated (>3.5 - 33t))"
SCOPE_3,ref_freighting_goods,hgv_refrigerated_all_diesel_articulated_3_5_33t_100_laden_tonne_km,STANDARD,UK,tonne.km,0.07827,"DEFRA/DESNZ 2024 full set (advanced users) — sheet 'Freighting goods', row 82 (group: 100% Laden; activity/type: HGV refrigerated (all diesel) / Articulated (>3.5 - 33t))"
SCOPE_3,ref_freighting_goods,hgv_refrigerated_all_diesel_articulated_3_5_33t_average_laden_tonne_km,STANDARD,UK,tonne.km,0.13086,"DEFRA/DESNZ 2024 full set (advanced users) — sheet 'Freighting goods', row 82 (group: Average laden; activity/type: HGV refrigerated (all diesel) / Articulated (>3.5 - 33t))"
SCOPE_3,ref_freighting_goods,hgv_refrigerated_all_diesel_articulated_3_5_33t_0_laden_km,STANDARD,UK,km,0.71193,"DEFRA/DESNZ 2024 full set (advanced users) — sheet 'Freighting goods', row 83 (group: 0% Laden; activity/type: HGV refrigerated (all diesel) / Articulated (>3.5 - 33t))"
SCOPE_3,ref_freighting_goods,hgv_refrigerated_all_diesel_articulated_3_5_33t_50_laden_km,STANDARD,UK,km,0.88686,"DEFRA/DESNZ 2024 full set (advanced users) — sheet 'Freighting goods', row 83 (group: 50% Laden; activity/type: HGV refrigerated (all diesel) / Articulated (>3.5 - 33t))"
SCOPE_3,ref_freighting_goods,hgv_refrigerated_all_diesel_articulated_3_5_33t_100_laden_km,STANDARD,UK,km,1.06179,"DEFRA/DESNZ 2024 full set (advanced users) — sheet 'Freighting goods', row 83 (group: 100% Laden; activity/type: HGV refrigerated (all diesel) / Articulated (>3.5 - 33t))"
SCOPE_3,ref_freighting_goods,hgv_refrigerated_all_diesel_articulated_3_5_33t_average_laden_km,STANDARD,UK,km,0.88686,"DEFRA/DESNZ 2024 full set (advanced users) — sheet 'Freighting goods', row 83 (group: Average laden; activity/type: HGV refrigerated (all diesel) / Articulated (>3.5 - 33t))"
SCOPE_3,ref_freighting_goods,hgv_refrigerated_all_diesel_articulated_3_5_33t_0_laden_miles,STANDARD,UK,miles,1.14572,"DEFRA/DESNZ 2024 full set (advanced users) — sheet 'Freighting goods', row 84 (group: 0% Laden; activity/type: HGV refrigerated (all diesel) / Articulated (>3.5 - 33t))"
SCOPE_3,ref_freighting_goods,hgv_refrigerated_all_diesel_articulated_3_5_33t_50_laden_miles,STANDARD,UK,miles,1.42725,"DEFRA/DESNZ 2024 full set (advanced users) — sheet 'Freighting goods', row 84 (group: 50% Laden; activity/type: HGV refrigerated (all diesel) / Articulated (>3.5 - 33t))"
SCOPE_3,ref_freighting_goods,hgv_refrigerated_all_diesel_articulated_3_5_33t_100_laden_miles,STANDARD,UK,miles,1.70877,"DEFRA/DESNZ 2024 full set (advanced users) — sheet 'Freighting goods', row 84 (group: 100% Laden; activity/type: HGV refrigerated (all diesel) / Articulated (>3.5 - 33t))"
SCOPE_3,ref_freighting_goods,hgv_refrigerated_all_diesel_articulated_3_5_33t_average_laden_miles,STANDARD,UK,miles,1.42725,"DEFRA/DESNZ 2024 full set (advanced users) — sheet 'Freighting goods', row 84 (group: Average laden; activity/type: HGV refrigerated (all diesel) / Articulated (>3.5 - 33t))"
SCOPE_3,ref_freighting_goods,hgv_refrigerated_all_diesel_articulated_33t_50_laden_tonne_km,STANDARD,UK,tonne.km,0.10753,"DEFRA/DESNZ 2024 full set (advanced users) — sheet 'Freighting goods', row 85 (group: 50% Laden; activity/type: HGV refrigerated (all diesel) / Articulated (>33t))"
SCOPE_3,ref_freighting_goods,hgv_refrigerated_all_diesel_articulated_33t_100_laden_tonne_km,STANDARD,UK,tonne.km,0.06701,"DEFRA/DESNZ 2024 full set (advanced users) — sheet 'Freighting goods', row 85 (group: 100% Laden; activity/type: HGV refrigerated (all diesel) / Articulated (>33t))"
SCOPE_3,ref_freighting_goods,hgv_refrigerated_all_diesel_articulated_33t_average_laden_tonne_km,STANDARD,UK,tonne.km,0.08617,"DEFRA/DESNZ 2024 full set (advanced users) — sheet 'Freighting goods', row 85 (group: Average laden; activity/type: HGV refrigerated (all diesel) / Articulated (>33t))"
SCOPE_3,ref_freighting_goods,hgv_refrigerated_all_diesel_articulated_33t_0_laden_km,STANDARD,UK,km,0.73105,"DEFRA/DESNZ 2024 full set (advanced users) — sheet 'Freighting goods', row 86 (group: 0% Laden; activity/type: HGV refrigerated (all diesel) / Articulated (>33t))"
SCOPE_3,ref_freighting_goods,hgv_refrigerated_all_diesel_articulated_33t_50_laden_km,STANDARD,UK,km,0.96989,"DEFRA/DESNZ 2024 full set (advanced users) — sheet 'Freighting goods', row 86 (group: 50% Laden; activity/type: HGV refrigerated (all diesel) / Articulated (>33t))"
SCOPE_3,ref_freighting_goods,hgv_refrigerated_all_diesel_articulated_33t_100_laden_km,STANDARD,UK,km,1.20873,"DEFRA/DESNZ 2024 full set (advanced users) — sheet 'Freighting goods', row 86 (group: 100% Laden; activity/type: HGV refrigerated (all diesel) / Articulated (>33t))"
SCOPE_3,ref_freighting_goods,hgv_refrigerated_all_diesel_articulated_33t_average_laden_km,STANDARD,UK,km,1.05587,"DEFRA/DESNZ 2024 full set (advanced users) — sheet 'Freighting goods', row 86 (group: Average laden; activity/type: HGV refrigerated (all diesel) / Articulated (>33t))"
SCOPE_3,ref_freighting_goods,hgv_refrigerated_all_diesel_articulated_33t_0_laden_miles,STANDARD,UK,miles,1.17649,"DEFRA/DESNZ 2024 full set (advanced users) — sheet 'Freighting goods', row 87 (group: 0% Laden; activity/type: HGV refrigerated (all diesel) / Articulated (>33t))"
SCOPE_3,ref_freighting_goods,hgv_refrigerated_all_diesel_articulated_33t_50_laden_miles,STANDARD,UK,miles,1.56087,"DEFRA/DESNZ 2024 full set (advanced users) — sheet 'Freighting goods', row 87 (group: 50% Laden; activity/type: HGV refrigerated (all diesel) / Articulated (>33t))"
SCOPE_3,ref_freighting_goods,hgv_refrigerated_all_diesel_articulated_33t_100_laden_miles,STANDARD,UK,miles,1.94524,"DEFRA/DESNZ 2024 full set (advanced users) — sheet 'Freighting goods', row 87 (group: 100% Laden; activity/type: HGV refrigerated (all diesel) / Articulated (>33t))"
SCOPE_3,ref_freighting_goods,hgv_refrigerated_all_diesel_articulated_33t_average_laden_miles,STANDARD,UK,miles,1.69924,"DEFRA/DESNZ 2024 full set (advanced users) — sheet 'Freighting goods', row 87 (group: Average laden; activity/type: HGV refrigerated (all diesel) / Articulated (>33t))"
SCOPE_3,ref_freighting_goods,hgv_refrigerated_all_diesel_all_artics_50_laden_tonne_km,STANDARD,UK,tonne.km,0.10813,"DEFRA/DESNZ 2024 full set (advanced users) — sheet 'Freighting goods', row 88 (group: 50% Laden; activity/type: HGV refrigerated (all diesel) / All artics)"
SCOPE_3,ref_freighting_goods,hgv_refrigerated_all_diesel_all_artics_100_laden_tonne_km,STANDARD,UK,tonne.km,0.0673,"DEFRA/DESNZ 2024 full set (advanced users) — sheet 'Freighting goods', row 88 (group: 100% Laden; activity/type: HGV refrigerated (all diesel) / All artics)"
SCOPE_3,ref_freighting_goods,hgv_refrigerated_all_diesel_all_artics_average_laden_tonne_km,STANDARD,UK,tonne.km,0.08732,"DEFRA/DESNZ 2024 full set (advanced users) — sheet 'Freighting goods', row 88 (group: Average laden; activity/type: HGV refrigerated (all diesel) / All artics)"
SCOPE_3,ref_freighting_goods,hgv_refrigerated_all_diesel_all_artics_0_laden_km,STANDARD,UK,km,0.73018,"DEFRA/DESNZ 2024 full set (advanced users) — sheet 'Freighting goods', row 89 (group: 0% Laden; activity/type: HGV refrigerated (all diesel) / All artics)"
SCOPE_3,ref_freighting_goods,hgv_refrigerated_all_diesel_all_artics_50_laden_km,STANDARD,UK,km,0.96611,"DEFRA/DESNZ 2024 full set (advanced users) — sheet 'Freighting goods', row 89 (group: 50% Laden; activity/type: HGV refrigerated (all diesel) / All artics)"
SCOPE_3,ref_freighting_goods,hgv_refrigerated_all_diesel_all_artics_100_laden_km,STANDARD,UK,km,1.20203,"DEFRA/DESNZ 2024 full set (advanced users) — sheet 'Freighting goods', row 89 (group: 100% Laden; activity/type: HGV refrigerated (all diesel) / All artics)"
SCOPE_3,ref_freighting_goods,hgv_refrigerated_all_diesel_all_artics_average_laden_km,STANDARD,UK,km,1.04817,"DEFRA/DESNZ 2024 full set (advanced users) — sheet 'Freighting goods', row 89 (group: Average laden; activity/type: HGV refrigerated (all diesel) / All artics)"
SCOPE_3,ref_freighting_goods,hgv_refrigerated_all_diesel_all_artics_0_laden_miles,STANDARD,UK,miles,1.17511,"DEFRA/DESNZ 2024 full set (advanced users) — sheet 'Freighting goods', row 90 (group: 0% Laden; activity/type: HGV refrigerated (all diesel) / All artics)"
SCOPE_3,ref_freighting_goods,hgv_refrigerated_all_diesel_all_artics_50_laden_miles,STANDARD,UK,miles,1.55479,"DEFRA/DESNZ 2024 full set (advanced users) — sheet 'Freighting goods', row 90 (group: 50% Laden; activity/type: HGV refrigerated (all diesel) / All artics)"
SCOPE_3,ref_freighting_goods,hgv_refrigerated_all_diesel_all_artics_100_laden_miles,STANDARD,UK,miles,1.93447,"DEFRA/DESNZ 2024 full set (advanced users) — sheet 'Freighting goods', row 90 (group: 100% Laden; activity/type: HGV refrigerated (all diesel) / All artics)"
SCOPE_3,ref_freighting_goods,hgv_refrigerated_all_diesel_all_artics_average_laden_miles,STANDARD,UK,miles,1.68685,"DEFRA/DESNZ 2024 full set (advanced users) — sheet 'Freighting goods', row 90 (group: Average laden; activity/type: HGV refrigerated (all diesel) / All artics)"
SCOPE_3,ref_freighting_goods,hgv_refrigerated_all_diesel_all_hgvs_50_laden_tonne_km,STANDARD,UK,tonne.km,0.13964,"DEFRA/DESNZ 2024 full set (advanced users) — sheet 'Freighting goods', row 91 (group: 50% Laden; activity/type: HGV refrigerated (all diesel) / All HGVs)"
SCOPE_3,ref_freighting_goods,hgv_refrigerated_all_diesel_all_hgvs_100_laden_tonne_km,STANDARD,UK,tonne.km,0.08481,"DEFRA/DESNZ 2024 full set (advanced users) — sheet 'Freighting goods', row 91 (group: 100% Laden; activity/type: HGV refrigerated (all diesel) / All HGVs)"
SCOPE_3,ref_freighting_goods,hgv_refrigerated_all_diesel_all_hgvs_average_laden_tonne_km,STANDARD,UK,tonne.km,0.11417,"DEFRA/DESNZ 2024 full set (advanced users) — sheet 'Freighting goods', row 91 (group: Average laden; activity/type: HGV refrigerated (all diesel) / All HGVs)"
SCOPE_3,ref_freighting_goods,hgv_refrigerated_all_diesel_all_hgvs_0_laden_km,STANDARD,UK,km,0.75351,"DEFRA/DESNZ 2024 full set (advanced users) — sheet 'Freighting goods', row 92 (group: 0% Laden; activity/type: HGV refrigerated (all diesel) / All HGVs)"
SCOPE_3,ref_freighting_goods,hgv_refrigerated_all_diesel_all_hgvs_50_laden_km,STANDARD,UK,km,0.95446,"DEFRA/DESNZ 2024 full set (advanced users) — sheet 'Freighting goods', row 92 (group: 50% Laden; activity/type: HGV refrigerated (all diesel) / All HGVs)"
SCOPE_3,ref_freighting_goods,hgv_refrigerated_all_diesel_all_hgvs_100_laden_km,STANDARD,UK,km,1.15542,"DEFRA/DESNZ 2024 full set (advanced users) — sheet 'Freighting goods', row 92 (group: 100% Laden; activity/type: HGV refrigerated (all diesel) / All HGVs)"
SCOPE_3,ref_freighting_goods,hgv_refrigerated_all_diesel_all_hgvs_average_laden_km,STANDARD,UK,km,1.02228,"DEFRA/DESNZ 2024 full set (advanced users) — sheet 'Freighting goods', row 92 (group: Average laden; activity/type: HGV refrigerated (all diesel) / All HGVs)"
SCOPE_3,ref_freighting_goods,hgv_refrigerated_all_diesel_all_hgvs_0_laden_miles,STANDARD,UK,miles,1.21266,"DEFRA/DESNZ 2024 full set (advanced users) — sheet 'Freighting goods', row 93 (group: 0% Laden; activity/type: HGV refrigerated (all diesel) / All HGVs)"
SCOPE_3,ref_freighting_goods,hgv_refrigerated_all_diesel_all_hgvs_50_laden_miles,STANDARD,UK,miles,1.53606,"DEFRA/DESNZ 2024 full set (advanced users) — sheet 'Freighting goods', row 93 (group: 50% Laden; activity/type: HGV refrigerated (all diesel) / All HGVs)"
SCOPE_3,ref_freighting_goods,hgv_refrigerated_all_diesel_all_hgvs_100_laden_miles,STANDARD,UK,miles,1.85946,"DEFRA/DESNZ 2024 full set (advanced users) — sheet 'Freighting goods', row 93 (group: 100% Laden; activity/type: HGV refrigerated (all diesel) / All HGVs)"
SCOPE_3,ref_freighting_goods,hgv_refrigerated_all_diesel_all_hgvs_average_laden_miles,STANDARD,UK,miles,1.6452,"DEFRA/DESNZ 2024 full set (advanced users) — sheet 'Freighting goods', row 93 (group: Average laden; activity/type: HGV refrigerated (all diesel) / All HGVs)"
SCOPE_3,ref_freighting_goods,freight_flights_domestic_to_from_uk_with_rf_tonne_km,STANDARD,UK,tonne.km,4.6734,"DEFRA/DESNZ 2024 full set (advanced users) — sheet 'Freighting goods', row 98 (group: With RF; activity/type: Freight flights / Domestic, to/from UK)"
SCOPE_3,ref_freighting_goods,freight_flights_domestic_to_from_uk_without_rf_tonne_km,STANDARD,UK,tonne.km,2.76015,"DEFRA/DESNZ 2024 full set (advanced users) — sheet 'Freighting goods', row 98 (group: Without RF; activity/type: Freight flights / Domestic, to/from UK)"
SCOPE_3,ref_freighting_goods,freight_flights_short_haul_to_from_uk_with_rf_tonne_km,STANDARD,UK,tonne.km,1.66816,"DEFRA/DESNZ 2024 full set (advanced users) — sheet 'Freighting goods', row 99 (group: With RF; activity/type: Freight flights / Short-haul, to/from UK)"
SCOPE_3,ref_freighting_goods,freight_flights_short_haul_to_from_uk_without_rf_tonne_km,STANDARD,UK,tonne.km,0.98469,"DEFRA/DESNZ 2024 full set (advanced users) — sheet 'Freighting goods', row 99 (group: Without RF; activity/type: Freight flights / Short-haul, to/from UK)"
SCOPE_3,ref_freighting_goods,freight_flights_long_haul_to_from_uk_with_rf_tonne_km,STANDARD,UK,tonne.km,1.09904,"DEFRA/DESNZ 2024 full set (advanced users) — sheet 'Freighting goods', row 100 (group: With RF; activity/type: Freight flights / Long-haul, to/from UK)"
SCOPE_3,ref_freighting_goods,freight_flights_long_haul_to_from_uk_without_rf_tonne_km,STANDARD,UK,tonne.km,0.64875,"DEFRA/DESNZ 2024 full set (advanced users) — sheet 'Freighting goods', row 100 (group: Without RF; activity/type: Freight flights / Long-haul, to/from UK)"
SCOPE_3,ref_freighting_goods,freight_flights_international_to_from_non_uk_with_rf_tonne_km,STANDARD,UK,tonne.km,1.09904,"DEFRA/DESNZ 2024 full set (advanced users) — sheet 'Freighting goods', row 101 (group: With RF; activity/type: Freight flights / International, to/from non-UK)"
SCOPE_3,ref_freighting_goods,freight_flights_international_to_from_non_uk_without_rf_tonne_km,STANDARD,UK,tonne.km,0.64875,"DEFRA/DESNZ 2024 full set (advanced users) — sheet 'Freighting goods', row 101 (group: Without RF; activity/type: Freight flights / International, to/from non-UK)"
SCOPE_3,ref_freighting_goods,rail_freight_train_tonne_km,STANDARD,UK,tonne.km,0.02779,"DEFRA/DESNZ 2024 full set (advanced users) — sheet 'Freighting goods', row 106 (activity/type: Rail / Freight train)"
SCOPE_3,ref_freighting_goods,sea_tanker_crude_tanker_200_000_dwt_tonne_km,STANDARD,UK,tonne.km,0.00293,"DEFRA/DESNZ 2024 full set (advanced users) — sheet 'Freighting goods', row 111 (activity/type: Sea tanker / Crude tanker / 200,000+ dwt)"
SCOPE_3,ref_freighting_goods,sea_tanker_crude_tanker_120_000_199_999_dwt_tonne_km,STANDARD,UK,tonne.km,0.00445,"DEFRA/DESNZ 2024 full set (advanced users) — sheet 'Freighting goods', row 112 (activity/type: Sea tanker / Crude tanker / 120,000–199,999 dwt)"
SCOPE_3,ref_freighting_goods,sea_tanker_crude_tanker_80_000_119_999_dwt_tonne_km,STANDARD,UK,tonne.km,0.00597,"DEFRA/DESNZ 2024 full set (advanced users) — sheet 'Freighting goods', row 113 (activity/type: Sea tanker / Crude tanker / 80,000–119,999 dwt)"
SCOPE_3,ref_freighting_goods,sea_tanker_crude_tanker_60_000_79_999_dwt_tonne_km,STANDARD,UK,tonne.km,0.00759,"DEFRA/DESNZ 2024 full set (advanced users) — sheet 'Freighting goods', row 114 (activity/type: Sea tanker / Crude tanker / 60,000–79,999 dwt)"
SCOPE_3,ref_freighting_goods,sea_tanker_crude_tanker_10_000_59_999_dwt_tonne_km,STANDARD,UK,tonne.km,0.00921,"DEFRA/DESNZ 2024 full set (advanced users) — sheet 'Freighting goods', row 115 (activity/type: Sea tanker / Crude tanker / 10,000–59,999 dwt)"
SCOPE_3,ref_freighting_goods,sea_tanker_crude_tanker_0_9999_dwt_tonne_km,STANDARD,UK,tonne.km,0.03371,"DEFRA/DESNZ 2024 full set (advanced users) — sheet 'Freighting goods', row 116 (activity/type: Sea tanker / Crude tanker / 0–9999 dwt)"
SCOPE_3,ref_freighting_goods,sea_tanker_crude_tanker_average_tonne_km,STANDARD,UK,tonne.km,0.00456,"DEFRA/DESNZ 2024 full set (advanced users) — sheet 'Freighting goods', row 117 (activity/type: Sea tanker / Crude tanker / Average)"
SCOPE_3,ref_freighting_goods,sea_tanker_products_tanker_60_000_dwt_tonne_km,STANDARD,UK,tonne.km,0.00577,"DEFRA/DESNZ 2024 full set (advanced users) — sheet 'Freighting goods', row 118 (activity/type: Sea tanker / Products tanker  / 60,000+ dwt)"
SCOPE_3,ref_freighting_goods,sea_tanker_products_tanker_20_000_59_999_dwt_tonne_km,STANDARD,UK,tonne.km,0.01042,"DEFRA/DESNZ 2024 full set (advanced users) — sheet 'Freighting goods', row 119 (activity/type: Sea tanker / Products tanker  / 20,000–59,999 dwt)"
SCOPE_3,ref_freighting_goods,sea_tanker_products_tanker_10_000_19_999_dwt_tonne_km,STANDARD,UK,tonne.km,0.01894,"DEFRA/DESNZ 2024 full set (advanced users) — sheet 'Freighting goods', row 120 (activity/type: Sea tanker / Products tanker  / 10,000–19,999 dwt)"
SCOPE_3,ref_freighting_goods,sea_tanker_products_tanker_5000_9999_dwt_tonne_km,STANDARD,UK,tonne.km,0.02956,"DEFRA/DESNZ 2024 full set (advanced users) — sheet 'Freighting goods', row 121 (activity/type: Sea tanker / Products tanker  / 5000–9999 dwt)"
SCOPE_3,ref_freighting_goods,sea_tanker_products_tanker_0_4999_dwt_tonne_km,STANDARD,UK,tonne.km,0.04556,"DEFRA/DESNZ 2024 full set (advanced users) — sheet 'Freighting goods', row 122 (activity/type: Sea tanker / Products tanker  / 0–4999 dwt)"
SCOPE_3,ref_freighting_goods,sea_tanker_products_tanker_average_tonne_km,STANDARD,UK,tonne.km,0.00902,"DEFRA/DESNZ 2024 full set (advanced users) — sheet 'Freighting goods', row 123 (activity/type: Sea tanker / Products tanker  / Average)"
SCOPE_3,ref_freighting_goods,sea_tanker_chemical_tanker_20_000_dwt_tonne_km,STANDARD,UK,tonne.km,0.0085,"DEFRA/DESNZ 2024 full set (advanced users) — sheet 'Freighting goods', row 124 (activity/type: Sea tanker / Chemical tanker  / 20,000+ dwt)"
SCOPE_3,ref_freighting_goods,sea_tanker_chemical_tanker_10_000_19_999_dwt_tonne_km,STANDARD,UK,tonne.km,0.01093,"DEFRA/DESNZ 2024 full set (advanced users) — sheet 'Freighting goods', row 125 (activity/type: Sea tanker / Chemical tanker  / 10,000–19,999 dwt)"
SCOPE_3,ref_freighting_goods,sea_tanker_chemical_tanker_5000_9999_dwt_tonne_km,STANDARD,UK,tonne.km,0.01529,"DEFRA/DESNZ 2024 full set (advanced users) — sheet 'Freighting goods', row 126 (activity/type: Sea tanker / Chemical tanker  / 5000–9999 dwt)"
SCOPE_3,ref_freighting_goods,sea_tanker_chemical_tanker_0_4999_dwt_tonne_km,STANDARD,UK,tonne.km,0.02248,"DEFRA/DESNZ 2024 full set (advanced users) — sheet 'Freighting goods', row 127 (activity/type: Sea tanker / Chemical tanker  / 0–4999 dwt)"
SCOPE_3,ref_freighting_goods,sea_tanker_chemical_tanker_average_tonne_km,STANDARD,UK,tonne.km,0.0103,"DEFRA/DESNZ 2024 full set (advanced users) — sheet 'Freighting goods', row 128 (activity/type: Sea tanker / Chemical tanker  / Average)"
SCOPE_3,ref_freighting_goods,sea_tanker_lng_tanker_200_000_m3_tonne_km,STANDARD,UK,tonne.km,0.00941,"DEFRA/DESNZ 2024 full set (advanced users) — sheet 'Freighting goods', row 129 (activity/type: Sea tanker / LNG tanker / 200,000+ m3)"
SCOPE_3,ref_freighting_goods,sea_tanker_lng_tanker_0_199_999_m3_tonne_km,STANDARD,UK,tonne.km,0.01468,"DEFRA/DESNZ 2024 full set (advanced users) — sheet 'Freighting goods', row 130 (activity/type: Sea tanker / LNG tanker / 0–199,999 m3)"
SCOPE_3,ref_freighting_goods,sea_tanker_lng_tanker_average_tonne_km,STANDARD,UK,tonne.km,0.01153,"DEFRA/DESNZ 2024 full set (advanced users) — sheet 'Freighting goods', row 131 (activity/type: Sea tanker / LNG tanker / Average)"
SCOPE_3,ref_freighting_goods,sea_tanker_lpg_tanker_50_000_m3_tonne_km,STANDARD,UK,tonne.km,0.00911,"DEFRA/DESNZ 2024 full set (advanced users) — sheet 'Freighting goods', row 132 (activity/type: Sea tanker / LPG Tanker / 50,000+ m3)"
SCOPE_3,ref_freighting_goods,sea_tanker_lpg_tanker_0_49_999_m3_tonne_km,STANDARD,UK,tonne.km,0.04404,"DEFRA/DESNZ 2024 full set (advanced users) — sheet 'Freighting goods', row 133 (activity/type: Sea tanker / LPG Tanker / 0–49,999 m3)"
SCOPE_3,ref_freighting_goods,sea_tanker_lpg_tanker_average_tonne_km,STANDARD,UK,tonne.km,0.01036,"DEFRA/DESNZ 2024 full set (advanced users) — sheet 'Freighting goods', row 134 (activity/type: Sea tanker / LPG Tanker / Average)"
SCOPE_3,ref_freighting_goods,cargo_ship_bulk_carrier_200_000_dwt_tonne_km,STANDARD,UK,tonne.km,0.00253,"DEFRA/DESNZ 2024 full set (advanced users) — sheet 'Freighting goods', row 139 (activity/type: Cargo ship / Bulk carrier / 200,000+ dwt)"
SCOPE_3,ref_freighting_goods,cargo_ship_bulk_carrier_100_000_199_999_dwt_tonne_km,STANDARD,UK,tonne.km,0.00304,"DEFRA/DESNZ 2024 full set (advanced users) — sheet 'Freighting goods', row 140 (activity/type: Cargo ship / Bulk carrier / 100,000–199,999 dwt)"
SCOPE_3,ref_freighting_goods,cargo_ship_bulk_carrier_60_000_99_999_dwt_tonne_km,STANDARD,UK,tonne.km,0.00415,"DEFRA/DESNZ 2024 full set (advanced users) — sheet 'Freighting goods', row 141 (activity/type: Cargo ship / Bulk carrier / 60,000–99,999 dwt)"
SCOPE_3,ref_freighting_goods,cargo_ship_bulk_carrier_35_000_59_999_dwt_tonne_km,STANDARD,UK,tonne.km,0.00577,"DEFRA/DESNZ 2024 full set (advanced users) — sheet 'Freighting goods', row 142 (activity/type: Cargo ship / Bulk carrier / 35,000–59,999 dwt)"
SCOPE_3,ref_freighting_goods,cargo_ship_bulk_carrier_10_000_34_999_dwt_tonne_km,STANDARD,UK,tonne.km,0.008,"DEFRA/DESNZ 2024 full set (advanced users) — sheet 'Freighting goods', row 143 (activity/type: Cargo ship / Bulk carrier / 10,000–34,999 dwt)"
SCOPE_3,ref_freighting_goods,cargo_ship_bulk_carrier_0_9999_dwt_tonne_km,STANDARD,UK,tonne.km,0.02956,"DEFRA/DESNZ 2024 full set (advanced users) — sheet 'Freighting goods', row 144 (activity/type: Cargo ship / Bulk carrier / 0–9999 dwt)"
SCOPE_3,ref_freighting_goods,cargo_ship_bulk_carrier_average_tonne_km,STANDARD,UK,tonne.km,0.00353,"DEFRA/DESNZ 2024 full set (advanced users) — sheet 'Freighting goods', row 145 (activity/type: Cargo ship / Bulk carrier / Average)"
SCOPE_3,ref_freighting_goods,cargo_ship_general_cargo_10_000_dwt_tonne_km,STANDARD,UK,tonne.km,0.01204,"DEFRA/DESNZ 2024 full set (advanced users) — sheet 'Freighting goods', row 146 (activity/type: Cargo ship / General cargo / 10,000+ dwt)"
SCOPE_3,ref_freighting_goods,cargo_ship_general_cargo_5000_9999_dwt_tonne_km,STANDARD,UK,tonne.km,0.016,"DEFRA/DESNZ 2024 full set (advanced users) — sheet 'Freighting goods', row 147 (activity/type: Cargo ship / General cargo / 5000–9999 dwt)"
SCOPE_3,ref_freighting_goods,cargo_ship_general_cargo_0_4999_dwt_tonne_km,STANDARD,UK,tonne.km,0.01407,"DEFRA/DESNZ 2024 full set (advanced users) — sheet 'Freighting goods', row 148 (activity/type: Cargo ship / General cargo / 0–4999 dwt)"
SCOPE_3,ref_freighting_goods,cargo_ship_general_cargo_10_000_dwt_100_teu_tonne_km,STANDARD,UK,tonne.km,0.01113,"DEFRA/DESNZ 2024 full set (advanced users) — sheet 'Freighting goods', row 149 (activity/type: Cargo ship / General cargo / 10,000+ dwt 100+ TEU)"
SCOPE_3,ref_freighting_goods,cargo_ship_general_cargo_5000_9999_dwt_100_teu_tonne_km,STANDARD,UK,tonne.km,0.01772,"DEFRA/DESNZ 2024 full set (advanced users) — sheet 'Freighting goods', row 150 (activity/type: Cargo ship / General cargo / 5000–9999 dwt 100+ TEU)"
SCOPE_3,ref_freighting_goods,cargo_ship_general_cargo_0_4999_dwt_100_teu_tonne_km,STANDARD,UK,tonne.km,0.02005,"DEFRA/DESNZ 2024 full set (advanced users) — sheet 'Freighting goods', row 151 (activity/type: Cargo ship / General cargo / 0–4999 dwt 100+ TEU)"
SCOPE_3,ref_freighting_goods,cargo_ship_general_cargo_average_tonne_km,STANDARD,UK,tonne.km,0.01321,"DEFRA/DESNZ 2024 full set (advanced users) — sheet 'Freighting goods', row 152 (activity/type: Cargo ship / General cargo / Average)"
SCOPE_3,ref_freighting_goods,cargo_ship_container_ship_8000_teu_tonne_km,STANDARD,UK,tonne.km,0.01265,"DEFRA/DESNZ 2024 full set (advanced users) — sheet 'Freighting goods', row 153 (activity/type: Cargo ship / Container ship / 8000+ TEU)"
SCOPE_3,ref_freighting_goods,cargo_ship_container_ship_5000_7999_teu_tonne_km,STANDARD,UK,tonne.km,0.01681,"DEFRA/DESNZ 2024 full set (advanced users) — sheet 'Freighting goods', row 154 (activity/type: Cargo ship / Container ship / 5000–7999 TEU)"
SCOPE_3,ref_freighting_goods,cargo_ship_container_ship_3000_4999_teu_tonne_km,STANDARD,UK,tonne.km,0.01681,"DEFRA/DESNZ 2024 full set (advanced users) — sheet 'Freighting goods', row 155 (activity/type: Cargo ship / Container ship / 3000–4999 TEU)"
SCOPE_3,ref_freighting_goods,cargo_ship_container_ship_2000_2999_teu_tonne_km,STANDARD,UK,tonne.km,0.02025,"DEFRA/DESNZ 2024 full set (advanced users) — sheet 'Freighting goods', row 156 (activity/type: Cargo ship / Container ship / 2000–2999 TEU)"
SCOPE_3,ref_freighting_goods,cargo_ship_container_ship_1000_1999_teu_tonne_km,STANDARD,UK,tonne.km,0.0325,"DEFRA/DESNZ 2024 full set (advanced users) — sheet 'Freighting goods', row 157 (activity/type: Cargo ship / Container ship / 1000–1999 TEU)"
SCOPE_3,ref_freighting_goods,cargo_ship_container_ship_0_999_teu_tonne_km,STANDARD,UK,tonne.km,0.03675,"DEFRA/DESNZ 2024 full set (advanced users) — sheet 'Freighting goods', row 158 (activity/type: Cargo ship / Container ship / 0–999 TEU)"
SCOPE_3,ref_freighting_goods,cargo_ship_container_ship_average_tonne_km,STANDARD,UK,tonne.km,0.01612,"DEFRA/DESNZ 2024 full set (advanced users) — sheet 'Freighting goods', row 159 (activity/type: Cargo ship / Container ship / Average)"
SCOPE_3,ref_freighting_goods,cargo_ship_vehicle_transport_4000_ceu_tonne_km,STANDARD,UK,tonne.km,0.0324,"DEFRA/DESNZ 2024 full set (advanced users) — sheet 'Freighting goods', row 160 (activity/type: Cargo ship / Vehicle transport / 4000+ CEU)"
SCOPE_3,ref_freighting_goods,cargo_ship_vehicle_transport_0_3999_ceu_tonne_km,STANDARD,UK,tonne.km,0.05832,"DEFRA/DESNZ 2024 full set (advanced users) — sheet 'Freighting goods', row 161 (activity/type: Cargo ship / Vehicle transport / 0–3999 CEU)"
SCOPE_3,ref_freighting_goods,cargo_ship_vehicle_transport_average_tonne_km,STANDARD,UK,tonne.km,0.03852,"DEFRA/DESNZ 2024 full set (advanced users) — sheet 'Freighting goods', row 162 (activity/type: Cargo ship / Vehicle transport / Average)"
SCOPE_3,ref_freighting_goods,cargo_ship_roro_ferry_2000_lm_tonne_km,STANDARD,UK,tonne.km,0.05012,"DEFRA/DESNZ 2024 full set (advanced users) — sheet 'Freighting goods', row 163 (activity/type: Cargo ship / RoRo-Ferry / 2000+ LM)"
SCOPE_3,ref_freighting_goods,cargo_ship_roro_ferry_0_1999_lm_tonne_km,STANDARD,UK,tonne.km,0.06105,"DEFRA/DESNZ 2024 full set (advanced users) — sheet 'Freighting goods', row 164 (activity/type: Cargo ship / RoRo-Ferry / 0–1999 LM)"
SCOPE_3,ref_freighting_goods,cargo_ship_roro_ferry_average_tonne_km,STANDARD,UK,tonne.km,0.05159,"DEFRA/DESNZ 2024 full set (advanced users) — sheet 'Freighting goods', row 165 (activity/type: Cargo ship / RoRo-Ferry / Average)"
SCOPE_3,ref_freighting_goods,cargo_ship_large_ropax_ferry_average_tonne_km,STANDARD,UK,tonne.km,0.37612,"DEFRA/DESNZ 2024 full set (advanced users) — sheet 'Freighting goods', row 166 (activity/type: Cargo ship / Large RoPax ferry / Average)"
SCOPE_3,ref_freighting_goods,cargo_ship_refrigerated_cargo_all_dwt_tonne_km,STANDARD,UK,tonne.km,0.01306,"DEFRA/DESNZ 2024 full set (advanced users) — sheet 'Freighting goods', row 167 (activity/type: Cargo ship / Refrigerated cargo /  All dwt)"
SCOPE_3,ref_wtt_delivery_vehs_freight,wtt_vans_class_i_up_to_1_305_tonnes_diesel_tonne_km,STANDARD,UK,tonne.km,0.20817,"DEFRA/DESNZ 2024 full set (advanced users) — sheet 'WTT- delivery vehs & freight', row 20 (group: Diesel; activity/type: WTT- vans / Class I (up to 1.305 tonnes))"
SCOPE_3,ref_wtt_delivery_vehs_freight,wtt_vans_class_i_up_to_1_305_tonnes_petrol_tonne_km,STANDARD,UK,tonne.km,0.32847,"DEFRA/DESNZ 2024 full set (advanced users) — sheet 'WTT- delivery vehs & freight', row 20 (group: Petrol; activity/type: WTT- vans / Class I (up to 1.305 tonnes))"
SCOPE_3,ref_wtt_delivery_vehs_freight,wtt_vans_class_i_up_to_1_305_tonnes_battery_electric_vehicle_tonne_km,STANDARD,UK,tonne.km,0.03481,"DEFRA/DESNZ 2024 full set (advanced users) — sheet 'WTT- delivery vehs & freight', row 20 (group: Battery Electric Vehicle; activity/type: WTT- vans / Class I (up to 1.305 tonnes))"
SCOPE_3,ref_wtt_delivery_vehs_freight,wtt_vans_class_i_up_to_1_305_tonnes_diesel_km,STANDARD,UK,km,0.03746,"DEFRA/DESNZ 2024 full set (advanced users) — sheet 'WTT- delivery vehs & freight', row 21 (group: Diesel; activity/type: WTT- vans / Class I (up to 1.305 tonnes))"
SCOPE_3,ref_wtt_delivery_vehs_freight,wtt_vans_class_i_up_to_1_305_tonnes_petrol_km,STANDARD,UK,km,0.05614,"DEFRA/DESNZ 2024 full set (advanced users) — sheet 'WTT- delivery vehs & freight', row 21 (group: Petrol; activity/type: WTT- vans / Class I (up to 1.305 tonnes))"
SCOPE_3,ref_wtt_delivery_vehs_freight,wtt_vans_class_i_up_to_1_305_tonnes_battery_electric_vehicle_km,STANDARD,UK,km,0.00943,"DEFRA/DESNZ 2024 full set (advanced users) — sheet 'WTT- delivery vehs & freight', row 21 (group: Battery Electric Vehicle; activity/type: WTT- vans / Class I (up to 1.305 tonnes))"
SCOPE_3,ref_wtt_delivery_vehs_freight,wtt_vans_class_i_up_to_1_305_tonnes_diesel_miles,STANDARD,UK,miles,0.06028,"DEFRA/DESNZ 2024 full set (advanced users) — sheet 'WTT- delivery vehs & freight', row 22 (group: Diesel; activity/type: WTT- vans / Class I (up to 1.305 tonnes))"
SCOPE_3,ref_wtt_delivery_vehs_freight,wtt_vans_class_i_up_to_1_305_tonnes_petrol_miles,STANDARD,UK,miles,0.09035,"DEFRA/DESNZ 2024 full set (advanced users) — sheet 'WTT- delivery vehs & freight', row 22 (group: Petrol; activity/type: WTT- vans / Class I (up to 1.305 tonnes))"
SCOPE_3,ref_wtt_delivery_vehs_freight,wtt_vans_class_i_up_to_1_305_tonnes_battery_electric_vehicle_miles,STANDARD,UK,miles,0.01517,"DEFRA/DESNZ 2024 full set (advanced users) — sheet 'WTT- delivery vehs & freight', row 22 (group: Battery Electric Vehicle; activity/type: WTT- vans / Class I (up to 1.305 tonnes))"
SCOPE_3,ref_wtt_delivery_vehs_freight,wtt_vans_class_ii_1_305_to_1_74_tonnes_diesel_tonne_km,STANDARD,UK,tonne.km,0.14937,"DEFRA/DESNZ 2024 full set (advanced users) — sheet 'WTT- delivery vehs & freight', row 23 (group: Diesel; activity/type: WTT- vans / Class II (1.305 to 1.74 tonnes))"
SCOPE_3,ref_wtt_delivery_vehs_freight,wtt_vans_class_ii_1_305_to_1_74_tonnes_petrol_tonne_km,STANDARD,UK,tonne.km,0.23153,"DEFRA/DESNZ 2024 full set (advanced users) — sheet 'WTT- delivery vehs & freight', row 23 (group: Petrol; activity/type: WTT- vans / Class II (1.305 to 1.74 tonnes))"
SCOPE_3,ref_wtt_delivery_vehs_freight,wtt_vans_class_ii_1_305_to_1_74_tonnes_battery_electric_vehicle_tonne_km,STANDARD,UK,tonne.km,0.0619,"DEFRA/DESNZ 2024 full set (advanced users) — sheet 'WTT- delivery vehs & freight', row 23 (group: Battery Electric Vehicle; activity/type: WTT- vans / Class II (1.305 to 1.74 tonnes))"
SCOPE_3,ref_wtt_delivery_vehs_freight,wtt_vans_class_ii_1_305_to_1_74_tonnes_diesel_km,STANDARD,UK,km,0.04602,"DEFRA/DESNZ 2024 full set (advanced users) — sheet 'WTT- delivery vehs & freight', row 24 (group: Diesel; activity/type: WTT- vans / Class II (1.305 to 1.74 tonnes))"
SCOPE_3,ref_wtt_delivery_vehs_freight,wtt_vans_class_ii_1_305_to_1_74_tonnes_petrol_km,STANDARD,UK,km,0.06074,"DEFRA/DESNZ 2024 full set (advanced users) — sheet 'WTT- delivery vehs & freight', row 24 (group: Petrol; activity/type: WTT- vans / Class II (1.305 to 1.74 tonnes))"
SCOPE_3,ref_wtt_delivery_vehs_freight,wtt_vans_class_ii_1_305_to_1_74_tonnes_battery_electric_vehicle_km,STANDARD,UK,km,0.01454,"DEFRA/DESNZ 2024 full set (advanced users) — sheet 'WTT- delivery vehs & freight', row 24 (group: Battery Electric Vehicle; activity/type: WTT- vans / Class II (1.305 to 1.74 tonnes))"
SCOPE_3,ref_wtt_delivery_vehs_freight,wtt_vans_class_ii_1_305_to_1_74_tonnes_diesel_miles,STANDARD,UK,miles,0.07407,"DEFRA/DESNZ 2024 full set (advanced users) — sheet 'WTT- delivery vehs & freight', row 25 (group: Diesel; activity/type: WTT- vans / Class II (1.305 to 1.74 tonnes))"
SCOPE_3,ref_wtt_delivery_vehs_freight,wtt_vans_class_ii_1_305_to_1_74_tonnes_petrol_miles,STANDARD,UK,miles,0.09775,"DEFRA/DESNZ 2024 full set (advanced users) — sheet 'WTT- delivery vehs & freight', row 25 (group: Petrol; activity/type: WTT- vans / Class II (1.305 to 1.74 tonnes))"
SCOPE_3,ref_wtt_delivery_vehs_freight,wtt_vans_class_ii_1_305_to_1_74_tonnes_battery_electric_vehicle_miles,STANDARD,UK,miles,0.0234,"DEFRA/DESNZ 2024 full set (advanced users) — sheet 'WTT- delivery vehs & freight', row 25 (group: Battery Electric Vehicle; activity/type: WTT- vans / Class II (1.305 to 1.74 tonnes))"
SCOPE_3,ref_wtt_delivery_vehs_freight,wtt_vans_class_iii_1_74_to_3_5_tonnes_diesel_tonne_km,STANDARD,UK,tonne.km,0.15037,"DEFRA/DESNZ 2024 full set (advanced users) — sheet 'WTT- delivery vehs & freight', row 26 (group: Diesel; activity/type: WTT- vans / Class III (1.74 to 3.5 tonnes))"
SCOPE_3,ref_wtt_delivery_vehs_freight,wtt_vans_class_iii_1_74_to_3_5_tonnes_petrol_tonne_km,STANDARD,UK,tonne.km,0.24164,"DEFRA/DESNZ 2024 full set (advanced users) — sheet 'WTT- delivery vehs & freight', row 26 (group: Petrol; activity/type: WTT- vans / Class III (1.74 to 3.5 tonnes))"
SCOPE_3,ref_wtt_delivery_vehs_freight,wtt_vans_class_iii_1_74_to_3_5_tonnes_plug_in_hybrid_electric_vehicle_tonne_km,STANDARD,UK,tonne.km,0.09458,"DEFRA/DESNZ 2024 full set (advanced users) — sheet 'WTT- delivery vehs & freight', row 26 (group: Plug-in Hybrid Electric Vehicle; activity/type: WTT- vans / Class III (1.74 to 3.5 tonnes))"
SCOPE_3,ref_wtt_delivery_vehs_freight,wtt_vans_class_iii_1_74_to_3_5_tonnes_battery_electric_vehicle_tonne_km,STANDARD,UK,tonne.km,0.05241,"DEFRA/DESNZ 2024 full set (advanced users) — sheet 'WTT- delivery vehs & freight', row 26 (group: Battery Electric Vehicle; activity/type: WTT- vans / Class III (1.74 to 3.5 tonnes))"
SCOPE_3,ref_wtt_delivery_vehs_freight,wtt_vans_class_iii_1_74_to_3_5_tonnes_diesel_km,STANDARD,UK,km,0.06706,"DEFRA/DESNZ 2024 full set (advanced users) — sheet 'WTT- delivery vehs & freight', row 27 (group: Diesel; activity/type: WTT- vans / Class III (1.74 to 3.5 tonnes))"
SCOPE_3,ref_wtt_delivery_vehs_freight,wtt_vans_class_iii_1_74_to_3_5_tonnes_petrol_km,STANDARD,UK,km,0.09783,"DEFRA/DESNZ 2024 full set (advanced users) — sheet 'WTT- delivery vehs & freight', row 27 (group: Petrol; activity/type: WTT- vans / Class III (1.74 to 3.5 tonnes))"
SCOPE_3,ref_wtt_delivery_vehs_freight,wtt_vans_class_iii_1_74_to_3_5_tonnes_plug_in_hybrid_electric_vehicle_km,STANDARD,UK,km,0.03758,"DEFRA/DESNZ 2024 full set (advanced users) — sheet 'WTT- delivery vehs & freight', row 27 (group: Plug-in Hybrid Electric Vehicle; activity/type: WTT- vans / Class III (1.74 to 3.5 tonnes))"
SCOPE_3,ref_wtt_delivery_vehs_freight,wtt_vans_class_iii_1_74_to_3_5_tonnes_battery_electric_vehicle_km,STANDARD,UK,km,0.01979,"DEFRA/DESNZ 2024 full set (advanced users) — sheet 'WTT- delivery vehs & freight', row 27 (group: Battery Electric Vehicle; activity/type: WTT- vans / Class III (1.74 to 3.5 tonnes))"
SCOPE_3,ref_wtt_delivery_vehs_freight,wtt_vans_class_iii_1_74_to_3_5_tonnes_diesel_miles,STANDARD,UK,miles,0.10792,"DEFRA/DESNZ 2024 full set (advanced users) — sheet 'WTT- delivery vehs & freight', row 28 (group: Diesel; activity/type: WTT- vans / Class III (1.74 to 3.5 tonnes))"
SCOPE_3,ref_wtt_delivery_vehs_freight,wtt_vans_class_iii_1_74_to_3_5_tonnes_petrol_miles,STANDARD,UK,miles,0.15745,"DEFRA/DESNZ 2024 full set (advanced users) — sheet 'WTT- delivery vehs & freight', row 28 (group: Petrol; activity/type: WTT- vans / Class III (1.74 to 3.5 tonnes))"
SCOPE_3,ref_wtt_delivery_vehs_freight,wtt_vans_class_iii_1_74_to_3_5_tonnes_plug_in_hybrid_electric_vehicle_miles,STANDARD,UK,miles,0.06047,"DEFRA/DESNZ 2024 full set (advanced users) — sheet 'WTT- delivery vehs & freight', row 28 (group: Plug-in Hybrid Electric Vehicle; activity/type: WTT- vans / Class III (1.74 to 3.5 tonnes))"
SCOPE_3,ref_wtt_delivery_vehs_freight,wtt_vans_class_iii_1_74_to_3_5_tonnes_battery_electric_vehicle_miles,STANDARD,UK,miles,0.03186,"DEFRA/DESNZ 2024 full set (advanced users) — sheet 'WTT- delivery vehs & freight', row 28 (group: Battery Electric Vehicle; activity/type: WTT- vans / Class III (1.74 to 3.5 tonnes))"
SCOPE_3,ref_wtt_delivery_vehs_freight,wtt_vans_average_up_to_3_5_tonnes_diesel_tonne_km,STANDARD,UK,tonne.km,0.15095,"DEFRA/DESNZ 2024 full set (advanced users) — sheet 'WTT- delivery vehs & freight', row 29 (group: Diesel; activity/type: WTT- vans / Average (up to 3.5 tonnes))"
SCOPE_3,ref_wtt_delivery_vehs_freight,wtt_vans_average_up_to_3_5_tonnes_petrol_tonne_km,STANDARD,UK,tonne.km,0.22943,"DEFRA/DESNZ 2024 full set (advanced users) — sheet 'WTT- delivery vehs & freight', row 29 (group: Petrol; activity/type: WTT- vans / Average (up to 3.5 tonnes))"
SCOPE_3,ref_wtt_delivery_vehs_freight,wtt_vans_average_up_to_3_5_tonnes_cng_tonne_km,STANDARD,UK,tonne.km,0.12816,"DEFRA/DESNZ 2024 full set (advanced users) — sheet 'WTT- delivery vehs & freight', row 29 (group: CNG; activity/type: WTT- vans / Average (up to 3.5 tonnes))"
SCOPE_3,ref_wtt_delivery_vehs_freight,wtt_vans_average_up_to_3_5_tonnes_lpg_tonne_km,STANDARD,UK,tonne.km,0.08119,"DEFRA/DESNZ 2024 full set (advanced users) — sheet 'WTT- delivery vehs & freight', row 29 (group: LPG; activity/type: WTT- vans / Average (up to 3.5 tonnes))"
SCOPE_3,ref_wtt_delivery_vehs_freight,wtt_vans_average_up_to_3_5_tonnes_unknown_tonne_km,STANDARD,UK,tonne.km,0.15335,"DEFRA/DESNZ 2024 full set (advanced users) — sheet 'WTT- delivery vehs & freight', row 29 (group: Unknown; activity/type: WTT- vans / Average (up to 3.5 tonnes))"
SCOPE_3,ref_wtt_delivery_vehs_freight,wtt_vans_average_up_to_3_5_tonnes_plug_in_hybrid_electric_vehicle_tonne_km,STANDARD,UK,tonne.km,0.09458,"DEFRA/DESNZ 2024 full set (advanced users) — sheet 'WTT- delivery vehs & freight', row 29 (group: Plug-in Hybrid Electric Vehicle; activity/type: WTT- vans / Average (up to 3.5 tonnes))"
SCOPE_3,ref_wtt_delivery_vehs_freight,wtt_vans_average_up_to_3_5_tonnes_battery_electric_vehicle_tonne_km,STANDARD,UK,tonne.km,0.05633,"DEFRA/DESNZ 2024 full set (advanced users) — sheet 'WTT- delivery vehs & freight', row 29 (group: Battery Electric Vehicle; activity/type: WTT- vans / Average (up to 3.5 tonnes))"
SCOPE_3,ref_wtt_delivery_vehs_freight,wtt_vans_average_up_to_3_5_tonnes_diesel_km,STANDARD,UK,km,0.06128,"DEFRA/DESNZ 2024 full set (advanced users) — sheet 'WTT- delivery vehs & freight', row 30 (group: Diesel; activity/type: WTT- vans / Average (up to 3.5 tonnes))"
SCOPE_3,ref_wtt_delivery_vehs_freight,wtt_vans_average_up_to_3_5_tonnes_petrol_km,STANDARD,UK,km,0.06183,"DEFRA/DESNZ 2024 full set (advanced users) — sheet 'WTT- delivery vehs & freight', row 30 (group: Petrol; activity/type: WTT- vans / Average (up to 3.5 tonnes))"
SCOPE_3,ref_wtt_delivery_vehs_freight,wtt_vans_average_up_to_3_5_tonnes_cng_km,STANDARD,UK,km,0.05176,"DEFRA/DESNZ 2024 full set (advanced users) — sheet 'WTT- delivery vehs & freight', row 30 (group: CNG; activity/type: WTT- vans / Average (up to 3.5 tonnes))"
SCOPE_3,ref_wtt_delivery_vehs_freight,wtt_vans_average_up_to_3_5_tonnes_lpg_km,STANDARD,UK,km,0.03279,"DEFRA/DESNZ 2024 full set (advanced users) — sheet 'WTT- delivery vehs & freight', row 30 (group: LPG; activity/type: WTT- vans / Average (up to 3.5 tonnes))"
SCOPE_3,ref_wtt_delivery_vehs_freight,wtt_vans_average_up_to_3_5_tonnes_unknown_km,STANDARD,UK,km,0.0613,"DEFRA/DESNZ 2024 full set (advanced users) — sheet 'WTT- delivery vehs & freight', row 30 (group: Unknown; activity/type: WTT- vans / Average (up to 3.5 tonnes))"
SCOPE_3,ref_wtt_delivery_vehs_freight,wtt_vans_average_up_to_3_5_tonnes_plug_in_hybrid_electric_vehicle_km,STANDARD,UK,km,0.03758,"DEFRA/DESNZ 2024 full set (advanced users) — sheet 'WTT- delivery vehs & freight', row 30 (group: Plug-in Hybrid Electric Vehicle; activity/type: WTT- vans / Average (up to 3.5 tonnes))"
SCOPE_3,ref_wtt_delivery_vehs_freight,wtt_vans_average_up_to_3_5_tonnes_battery_electric_vehicle_km,STANDARD,UK,km,0.01759,"DEFRA/DESNZ 2024 full set (advanced users) — sheet 'WTT- delivery vehs & freight', row 30 (group: Battery Electric Vehicle; activity/type: WTT- vans / Average (up to 3.5 tonnes))"
SCOPE_3,ref_wtt_delivery_vehs_freight,wtt_vans_average_up_to_3_5_tonnes_diesel_miles,STANDARD,UK,miles,0.09863,"DEFRA/DESNZ 2024 full set (advanced users) — sheet 'WTT- delivery vehs & freight', row 31 (group: Diesel; activity/type: WTT- vans / Average (up to 3.5 tonnes))"
SCOPE_3,ref_wtt_delivery_vehs_freight,wtt_vans_average_up_to_3_5_tonnes_petrol_miles,STANDARD,UK,miles,0.0995,"DEFRA/DESNZ 2024 full set (advanced users) — sheet 'WTT- delivery vehs & freight', row 31 (group: Petrol; activity/type: WTT- vans / Average (up to 3.5 tonnes))"
SCOPE_3,ref_wtt_delivery_vehs_freight,wtt_vans_average_up_to_3_5_tonnes_cng_miles,STANDARD,UK,miles,0.0833,"DEFRA/DESNZ 2024 full set (advanced users) — sheet 'WTT- delivery vehs & freight', row 31 (group: CNG; activity/type: WTT- vans / Average (up to 3.5 tonnes))"
SCOPE_3,ref_wtt_delivery_vehs_freight,wtt_vans_average_up_to_3_5_tonnes_lpg_miles,STANDARD,UK,miles,0.05277,"DEFRA/DESNZ 2024 full set (advanced users) — sheet 'WTT- delivery vehs & freight', row 31 (group: LPG; activity/type: WTT- vans / Average (up to 3.5 tonnes))"
SCOPE_3,ref_wtt_delivery_vehs_freight,wtt_vans_average_up_to_3_5_tonnes_unknown_miles,STANDARD,UK,miles,0.09865,"DEFRA/DESNZ 2024 full set (advanced users) — sheet 'WTT- delivery vehs & freight', row 31 (group: Unknown; activity/type: WTT- vans / Average (up to 3.5 tonnes))"
SCOPE_3,ref_wtt_delivery_vehs_freight,wtt_vans_average_up_to_3_5_tonnes_plug_in_hybrid_electric_vehicle_miles,STANDARD,UK,miles,0.06047,"DEFRA/DESNZ 2024 full set (advanced users) — sheet 'WTT- delivery vehs & freight', row 31 (group: Plug-in Hybrid Electric Vehicle; activity/type: WTT- vans / Average (up to 3.5 tonnes))"
SCOPE_3,ref_wtt_delivery_vehs_freight,wtt_vans_average_up_to_3_5_tonnes_battery_electric_vehicle_miles,STANDARD,UK,miles,0.02832,"DEFRA/DESNZ 2024 full set (advanced users) — sheet 'WTT- delivery vehs & freight', row 31 (group: Battery Electric Vehicle; activity/type: WTT- vans / Average (up to 3.5 tonnes))"
SCOPE_3,ref_wtt_delivery_vehs_freight,wtt_hgv_all_diesel_rigid_3_5_7_5_tonnes_50_laden_tonne_km,STANDARD,UK,tonne.km,0.10694,"DEFRA/DESNZ 2024 full set (advanced users) — sheet 'WTT- delivery vehs & freight', row 36 (group: 50% Laden; activity/type: WTT- HGV (all diesel) / Rigid (>3.5 - 7.5 tonnes))"
SCOPE_3,ref_wtt_delivery_vehs_freight,wtt_hgv_all_diesel_rigid_3_5_7_5_tonnes_100_laden_tonne_km,STANDARD,UK,tonne.km,0.05775,"DEFRA/DESNZ 2024 full set (advanced users) — sheet 'WTT- delivery vehs & freight', row 36 (group: 100% Laden; activity/type: WTT- HGV (all diesel) / Rigid (>3.5 - 7.5 tonnes))"
SCOPE_3,ref_wtt_delivery_vehs_freight,wtt_hgv_all_diesel_rigid_3_5_7_5_tonnes_average_laden_tonne_km,STANDARD,UK,tonne.km,0.12296,"DEFRA/DESNZ 2024 full set (advanced users) — sheet 'WTT- delivery vehs & freight', row 36 (group: Average laden; activity/type: WTT- HGV (all diesel) / Rigid (>3.5 - 7.5 tonnes))"
SCOPE_3,ref_wtt_delivery_vehs_freight,wtt_hgv_all_diesel_rigid_3_5_7_5_tonnes_0_laden_km,STANDARD,UK,km,0.11027,"DEFRA/DESNZ 2024 full set (advanced users) — sheet 'WTT- delivery vehs & freight', row 37 (group: 0% Laden; activity/type: WTT- HGV (all diesel) / Rigid (>3.5 - 7.5 tonnes))"
SCOPE_3,ref_wtt_delivery_vehs_freight,wtt_hgv_all_diesel_rigid_3_5_7_5_tonnes_50_laden_km,STANDARD,UK,km,0.11985,"DEFRA/DESNZ 2024 full set (advanced users) — sheet 'WTT- delivery vehs & freight', row 37 (group: 50% Laden; activity/type: WTT- HGV (all diesel) / Rigid (>3.5 - 7.5 tonnes))"
SCOPE_3,ref_wtt_delivery_vehs_freight,wtt_hgv_all_diesel_rigid_3_5_7_5_tonnes_100_laden_km,STANDARD,UK,km,0.12944,"DEFRA/DESNZ 2024 full set (advanced users) — sheet 'WTT- delivery vehs & freight', row 37 (group: 100% Laden; activity/type: WTT- HGV (all diesel) / Rigid (>3.5 - 7.5 tonnes))"
SCOPE_3,ref_wtt_delivery_vehs_freight,wtt_hgv_all_diesel_rigid_3_5_7_5_tonnes_average_laden_km,STANDARD,UK,km,0.11851,"DEFRA/DESNZ 2024 full set (advanced users) — sheet 'WTT- delivery vehs & freight', row 37 (group: Average laden; activity/type: WTT- HGV (all diesel) / Rigid (>3.5 - 7.5 tonnes))"
SCOPE_3,ref_wtt_delivery_vehs_freight,wtt_hgv_all_diesel_rigid_3_5_7_5_tonnes_0_laden_miles,STANDARD,UK,miles,0.17746,"DEFRA/DESNZ 2024 full set (advanced users) — sheet 'WTT- delivery vehs & freight', row 38 (group: 0% Laden; activity/type: WTT- HGV (all diesel) / Rigid (>3.5 - 7.5 tonnes))"
SCOPE_3,ref_wtt_delivery_vehs_freight,wtt_hgv_all_diesel_rigid_3_5_7_5_tonnes_50_laden_miles,STANDARD,UK,miles,0.19289,"DEFRA/DESNZ 2024 full set (advanced users) — sheet 'WTT- delivery vehs & freight', row 38 (group: 50% Laden; activity/type: WTT- HGV (all diesel) / Rigid (>3.5 - 7.5 tonnes))"
SCOPE_3,ref_wtt_delivery_vehs_freight,wtt_hgv_all_diesel_rigid_3_5_7_5_tonnes_100_laden_miles,STANDARD,UK,miles,0.20832,"DEFRA/DESNZ 2024 full set (advanced users) — sheet 'WTT- delivery vehs & freight', row 38 (group: 100% Laden; activity/type: WTT- HGV (all diesel) / Rigid (>3.5 - 7.5 tonnes))"
SCOPE_3,ref_wtt_delivery_vehs_freight,wtt_hgv_all_diesel_rigid_3_5_7_5_tonnes_average_laden_miles,STANDARD,UK,miles,0.19073,"DEFRA/DESNZ 2024 full set (advanced users) — sheet 'WTT- delivery vehs & freight', row 38 (group: Average laden; activity/type: WTT- HGV (all diesel) / Rigid (>3.5 - 7.5 tonnes))"
SCOPE_3,ref_wtt_delivery_vehs_freight,wtt_hgv_all_diesel_rigid_7_5_tonnes_17_tonnes_50_laden_tonne_km,STANDARD,UK,tonne.km,0.06373,"DEFRA/DESNZ 2024 full set (advanced users) — sheet 'WTT- delivery vehs & freight', row 39 (group: 50% Laden; activity/type: WTT- HGV (all diesel) / Rigid (>7.5 tonnes-17 tonnes))"
SCOPE_3,ref_wtt_delivery_vehs_freight,wtt_hgv_all_diesel_rigid_7_5_tonnes_17_tonnes_100_laden_tonne_km,STANDARD,UK,tonne.km,0.03585,"DEFRA/DESNZ 2024 full set (advanced users) — sheet 'WTT- delivery vehs & freight', row 39 (group: 100% Laden; activity/type: WTT- HGV (all diesel) / Rigid (>7.5 tonnes-17 tonnes))"
SCOPE_3,ref_wtt_delivery_vehs_freight,wtt_hgv_all_diesel_rigid_7_5_tonnes_17_tonnes_average_laden_tonne_km,STANDARD,UK,tonne.km,0.09246,"DEFRA/DESNZ 2024 full set (advanced users) — sheet 'WTT- delivery vehs & freight', row 39 (group: Average laden; activity/type: WTT- HGV (all diesel) / Rigid (>7.5 tonnes-17 tonnes))"
SCOPE_3,ref_wtt_delivery_vehs_freight,wtt_hgv_all_diesel_rigid_7_5_tonnes_17_tonnes_0_laden_km,STANDARD,UK,km,0.13207,"DEFRA/DESNZ 2024 full set (advanced users) — sheet 'WTT- delivery vehs & freight', row 40 (group: 0% Laden; activity/type: WTT- HGV (all diesel) / Rigid (>7.5 tonnes-17 tonnes))"
SCOPE_3,ref_wtt_delivery_vehs_freight,wtt_hgv_all_diesel_rigid_7_5_tonnes_17_tonnes_50_laden_km,STANDARD,UK,km,0.15094,"DEFRA/DESNZ 2024 full set (advanced users) — sheet 'WTT- delivery vehs & freight', row 40 (group: 50% Laden; activity/type: WTT- HGV (all diesel) / Rigid (>7.5 tonnes-17 tonnes))"
SCOPE_3,ref_wtt_delivery_vehs_freight,wtt_hgv_all_diesel_rigid_7_5_tonnes_17_tonnes_100_laden_km,STANDARD,UK,km,0.16981,"DEFRA/DESNZ 2024 full set (advanced users) — sheet 'WTT- delivery vehs & freight', row 40 (group: 100% Laden; activity/type: WTT- HGV (all diesel) / Rigid (>7.5 tonnes-17 tonnes))"
SCOPE_3,ref_wtt_delivery_vehs_freight,wtt_hgv_all_diesel_rigid_7_5_tonnes_17_tonnes_average_laden_km,STANDARD,UK,km,0.14453,"DEFRA/DESNZ 2024 full set (advanced users) — sheet 'WTT- delivery vehs & freight', row 40 (group: Average laden; activity/type: WTT- HGV (all diesel) / Rigid (>7.5 tonnes-17 tonnes))"
SCOPE_3,ref_wtt_delivery_vehs_freight,wtt_hgv_all_diesel_rigid_7_5_tonnes_17_tonnes_0_laden_miles,STANDARD,UK,miles,0.21255,"DEFRA/DESNZ 2024 full set (advanced users) — sheet 'WTT- delivery vehs & freight', row 41 (group: 0% Laden; activity/type: WTT- HGV (all diesel) / Rigid (>7.5 tonnes-17 tonnes))"
SCOPE_3,ref_wtt_delivery_vehs_freight,wtt_hgv_all_diesel_rigid_7_5_tonnes_17_tonnes_50_laden_miles,STANDARD,UK,miles,0.24292,"DEFRA/DESNZ 2024 full set (advanced users) — sheet 'WTT- delivery vehs & freight', row 41 (group: 50% Laden; activity/type: WTT- HGV (all diesel) / Rigid (>7.5 tonnes-17 tonnes))"
SCOPE_3,ref_wtt_delivery_vehs_freight,wtt_hgv_all_diesel_rigid_7_5_tonnes_17_tonnes_100_laden_miles,STANDARD,UK,miles,0.27328,"DEFRA/DESNZ 2024 full set (advanced users) — sheet 'WTT- delivery vehs & freight', row 41 (group: 100% Laden; activity/type: WTT- HGV (all diesel) / Rigid (>7.5 tonnes-17 tonnes))"
SCOPE_3,ref_wtt_delivery_vehs_freight,wtt_hgv_all_diesel_rigid_7_5_tonnes_17_tonnes_average_laden_miles,STANDARD,UK,miles,0.23259,"DEFRA/DESNZ 2024 full set (advanced users) — sheet 'WTT- delivery vehs & freight', row 41 (group: Average laden; activity/type: WTT- HGV (all diesel) / Rigid (>7.5 tonnes-17 tonnes))"
SCOPE_3,ref_wtt_delivery_vehs_freight,wtt_hgv_all_diesel_rigid_17_tonnes_50_laden_tonne_km,STANDARD,UK,tonne.km,0.04878,"DEFRA/DESNZ 2024 full set (advanced users) — sheet 'WTT- delivery vehs & freight', row 42 (group: 50% Laden; activity/type: WTT- HGV (all diesel) / Rigid (>17 tonnes))"
SCOPE_3,ref_wtt_delivery_vehs_freight,wtt_hgv_all_diesel_rigid_17_tonnes_100_laden_tonne_km,STANDARD,UK,tonne.km,0.02878,"DEFRA/DESNZ 2024 full set (advanced users) — sheet 'WTT- delivery vehs & freight', row 42 (group: 100% Laden; activity/type: WTT- HGV (all diesel) / Rigid (>17 tonnes))"
SCOPE_3,ref_wtt_delivery_vehs_freight,wtt_hgv_all_diesel_rigid_17_tonnes_average_laden_tonne_km,STANDARD,UK,tonne.km,0.03736,"DEFRA/DESNZ 2024 full set (advanced users) — sheet 'WTT- delivery vehs & freight', row 42 (group: Average laden; activity/type: WTT- HGV (all diesel) / Rigid (>17 tonnes))"
SCOPE_3,ref_wtt_delivery_vehs_freight,wtt_hgv_all_diesel_rigid_17_tonnes_0_laden_km,STANDARD,UK,km,0.18172,"DEFRA/DESNZ 2024 full set (advanced users) — sheet 'WTT- delivery vehs & freight', row 43 (group: 0% Laden; activity/type: WTT- HGV (all diesel) / Rigid (>17 tonnes))"
SCOPE_3,ref_wtt_delivery_vehs_freight,wtt_hgv_all_diesel_rigid_17_tonnes_50_laden_km,STANDARD,UK,km,0.2216,"DEFRA/DESNZ 2024 full set (advanced users) — sheet 'WTT- delivery vehs & freight', row 43 (group: 50% Laden; activity/type: WTT- HGV (all diesel) / Rigid (>17 tonnes))"
SCOPE_3,ref_wtt_delivery_vehs_freight,wtt_hgv_all_diesel_rigid_17_tonnes_100_laden_km,STANDARD,UK,km,0.26149,"DEFRA/DESNZ 2024 full set (advanced users) — sheet 'WTT- delivery vehs & freight', row 43 (group: 100% Laden; activity/type: WTT- HGV (all diesel) / Rigid (>17 tonnes))"
SCOPE_3,ref_wtt_delivery_vehs_freight,wtt_hgv_all_diesel_rigid_17_tonnes_average_laden_km,STANDARD,UK,km,0.23756,"DEFRA/DESNZ 2024 full set (advanced users) — sheet 'WTT- delivery vehs & freight', row 43 (group: Average laden; activity/type: WTT- HGV (all diesel) / Rigid (>17 tonnes))"
SCOPE_3,ref_wtt_delivery_vehs_freight,wtt_hgv_all_diesel_rigid_17_tonnes_0_laden_miles,STANDARD,UK,miles,0.29244,"DEFRA/DESNZ 2024 full set (advanced users) — sheet 'WTT- delivery vehs & freight', row 44 (group: 0% Laden; activity/type: WTT- HGV (all diesel) / Rigid (>17 tonnes))"
SCOPE_3,ref_wtt_delivery_vehs_freight,wtt_hgv_all_diesel_rigid_17_tonnes_50_laden_miles,STANDARD,UK,miles,0.35664,"DEFRA/DESNZ 2024 full set (advanced users) — sheet 'WTT- delivery vehs & freight', row 44 (group: 50% Laden; activity/type: WTT- HGV (all diesel) / Rigid (>17 tonnes))"
SCOPE_3,ref_wtt_delivery_vehs_freight,wtt_hgv_all_diesel_rigid_17_tonnes_100_laden_miles,STANDARD,UK,miles,0.42083,"DEFRA/DESNZ 2024 full set (advanced users) — sheet 'WTT- delivery vehs & freight', row 44 (group: 100% Laden; activity/type: WTT- HGV (all diesel) / Rigid (>17 tonnes))"
SCOPE_3,ref_wtt_delivery_vehs_freight,wtt_hgv_all_diesel_rigid_17_tonnes_average_laden_miles,STANDARD,UK,miles,0.38231,"DEFRA/DESNZ 2024 full set (advanced users) — sheet 'WTT- delivery vehs & freight', row 44 (group: Average laden; activity/type: WTT- HGV (all diesel) / Rigid (>17 tonnes))"
SCOPE_3,ref_wtt_delivery_vehs_freight,wtt_hgv_all_diesel_all_rigids_50_laden_tonne_km,STANDARD,UK,tonne.km,0.05202,"DEFRA/DESNZ 2024 full set (advanced users) — sheet 'WTT- delivery vehs & freight', row 45 (group: 50% Laden; activity/type: WTT- HGV (all diesel) / All rigids)"
SCOPE_3,ref_wtt_delivery_vehs_freight,wtt_hgv_all_diesel_all_rigids_100_laden_tonne_km,STANDARD,UK,tonne.km,0.03038,"DEFRA/DESNZ 2024 full set (advanced users) — sheet 'WTT- delivery vehs & freight', row 45 (group: 100% Laden; activity/type: WTT- HGV (all diesel) / All rigids)"
SCOPE_3,ref_wtt_delivery_vehs_freight,wtt_hgv_all_diesel_all_rigids_average_laden_tonne_km,STANDARD,UK,tonne.km,0.04332,"DEFRA/DESNZ 2024 full set (advanced users) — sheet 'WTT- delivery vehs & freight', row 45 (group: Average laden; activity/type: WTT- HGV (all diesel) / All rigids)"
SCOPE_3,ref_wtt_delivery_vehs_freight,wtt_hgv_all_diesel_all_rigids_0_laden_km,STANDARD,UK,km,0.16044,"DEFRA/DESNZ 2024 full set (advanced users) — sheet 'WTT- delivery vehs & freight', row 46 (group: 0% Laden; activity/type: WTT- HGV (all diesel) / All rigids)"
SCOPE_3,ref_wtt_delivery_vehs_freight,wtt_hgv_all_diesel_all_rigids_50_laden_km,STANDARD,UK,km,0.19131,"DEFRA/DESNZ 2024 full set (advanced users) — sheet 'WTT- delivery vehs & freight', row 46 (group: 50% Laden; activity/type: WTT- HGV (all diesel) / All rigids)"
SCOPE_3,ref_wtt_delivery_vehs_freight,wtt_hgv_all_diesel_all_rigids_100_laden_km,STANDARD,UK,km,0.22218,"DEFRA/DESNZ 2024 full set (advanced users) — sheet 'WTT- delivery vehs & freight', row 46 (group: 100% Laden; activity/type: WTT- HGV (all diesel) / All rigids)"
SCOPE_3,ref_wtt_delivery_vehs_freight,wtt_hgv_all_diesel_all_rigids_average_laden_km,STANDARD,UK,km,0.20099,"DEFRA/DESNZ 2024 full set (advanced users) — sheet 'WTT- delivery vehs & freight', row 46 (group: Average laden; activity/type: WTT- HGV (all diesel) / All rigids)"
SCOPE_3,ref_wtt_delivery_vehs_freight,wtt_hgv_all_diesel_all_rigids_0_laden_miles,STANDARD,UK,miles,0.2582,"DEFRA/DESNZ 2024 full set (advanced users) — sheet 'WTT- delivery vehs & freight', row 47 (group: 0% Laden; activity/type: WTT- HGV (all diesel) / All rigids)"
SCOPE_3,ref_wtt_delivery_vehs_freight,wtt_hgv_all_diesel_all_rigids_50_laden_miles,STANDARD,UK,miles,0.30788,"DEFRA/DESNZ 2024 full set (advanced users) — sheet 'WTT- delivery vehs & freight', row 47 (group: 50% Laden; activity/type: WTT- HGV (all diesel) / All rigids)"
SCOPE_3,ref_wtt_delivery_vehs_freight,wtt_hgv_all_diesel_all_rigids_100_laden_miles,STANDARD,UK,miles,0.35756,"DEFRA/DESNZ 2024 full set (advanced users) — sheet 'WTT- delivery vehs & freight', row 47 (group: 100% Laden; activity/type: WTT- HGV (all diesel) / All rigids)"
SCOPE_3,ref_wtt_delivery_vehs_freight,wtt_hgv_all_diesel_all_rigids_average_laden_miles,STANDARD,UK,miles,0.32347,"DEFRA/DESNZ 2024 full set (advanced users) — sheet 'WTT- delivery vehs & freight', row 47 (group: Average laden; activity/type: WTT- HGV (all diesel) / All rigids)"
SCOPE_3,ref_wtt_delivery_vehs_freight,wtt_hgv_all_diesel_articulated_3_5_33t_50_laden_tonne_km,STANDARD,UK,tonne.km,0.02731,"DEFRA/DESNZ 2024 full set (advanced users) — sheet 'WTT- delivery vehs & freight', row 48 (group: 50% Laden; activity/type: WTT- HGV (all diesel) / Articulated (>3.5 - 33t))"
SCOPE_3,ref_wtt_delivery_vehs_freight,wtt_hgv_all_diesel_articulated_3_5_33t_100_laden_tonne_km,STANDARD,UK,tonne.km,0.01639,"DEFRA/DESNZ 2024 full set (advanced users) — sheet 'WTT- delivery vehs & freight', row 48 (group: 100% Laden; activity/type: WTT- HGV (all diesel) / Articulated (>3.5 - 33t))"
SCOPE_3,ref_wtt_delivery_vehs_freight,wtt_hgv_all_diesel_articulated_3_5_33t_average_laden_tonne_km,STANDARD,UK,tonne.km,0.02731,"DEFRA/DESNZ 2024 full set (advanced users) — sheet 'WTT- delivery vehs & freight', row 48 (group: Average laden; activity/type: WTT- HGV (all diesel) / Articulated (>3.5 - 33t))"
SCOPE_3,ref_wtt_delivery_vehs_freight,wtt_hgv_all_diesel_articulated_3_5_33t_0_laden_km,STANDARD,UK,km,0.14831,"DEFRA/DESNZ 2024 full set (advanced users) — sheet 'WTT- delivery vehs & freight', row 49 (group: 0% Laden; activity/type: WTT- HGV (all diesel) / Articulated (>3.5 - 33t))"
SCOPE_3,ref_wtt_delivery_vehs_freight,wtt_hgv_all_diesel_articulated_3_5_33t_50_laden_km,STANDARD,UK,km,0.18538,"DEFRA/DESNZ 2024 full set (advanced users) — sheet 'WTT- delivery vehs & freight', row 49 (group: 50% Laden; activity/type: WTT- HGV (all diesel) / Articulated (>3.5 - 33t))"
SCOPE_3,ref_wtt_delivery_vehs_freight,wtt_hgv_all_diesel_articulated_3_5_33t_100_laden_km,STANDARD,UK,km,0.22246,"DEFRA/DESNZ 2024 full set (advanced users) — sheet 'WTT- delivery vehs & freight', row 49 (group: 100% Laden; activity/type: WTT- HGV (all diesel) / Articulated (>3.5 - 33t))"
SCOPE_3,ref_wtt_delivery_vehs_freight,wtt_hgv_all_diesel_articulated_3_5_33t_average_laden_km,STANDARD,UK,km,0.18538,"DEFRA/DESNZ 2024 full set (advanced users) — sheet 'WTT- delivery vehs & freight', row 49 (group: Average laden; activity/type: WTT- HGV (all diesel) / Articulated (>3.5 - 33t))"
SCOPE_3,ref_wtt_delivery_vehs_freight,wtt_hgv_all_diesel_articulated_3_5_33t_0_laden_miles,STANDARD,UK,miles,0.23868,"DEFRA/DESNZ 2024 full set (advanced users) — sheet 'WTT- delivery vehs & freight', row 50 (group: 0% Laden; activity/type: WTT- HGV (all diesel) / Articulated (>3.5 - 33t))"
SCOPE_3,ref_wtt_delivery_vehs_freight,wtt_hgv_all_diesel_articulated_3_5_33t_50_laden_miles,STANDARD,UK,miles,0.29835,"DEFRA/DESNZ 2024 full set (advanced users) — sheet 'WTT- delivery vehs & freight', row 50 (group: 50% Laden; activity/type: WTT- HGV (all diesel) / Articulated (>3.5 - 33t))"
SCOPE_3,ref_wtt_delivery_vehs_freight,wtt_hgv_all_diesel_articulated_3_5_33t_100_laden_miles,STANDARD,UK,miles,0.35802,"DEFRA/DESNZ 2024 full set (advanced users) — sheet 'WTT- delivery vehs & freight', row 50 (group: 100% Laden; activity/type: WTT- HGV (all diesel) / Articulated (>3.5 - 33t))"
SCOPE_3,ref_wtt_delivery_vehs_freight,wtt_hgv_all_diesel_articulated_3_5_33t_average_laden_miles,STANDARD,UK,miles,0.29835,"DEFRA/DESNZ 2024 full set (advanced users) — sheet 'WTT- delivery vehs & freight', row 50 (group: Average laden; activity/type: WTT- HGV (all diesel) / Articulated (>3.5 - 33t))"
SCOPE_3,ref_wtt_delivery_vehs_freight,wtt_hgv_all_diesel_articulated_33t_50_laden_tonne_km,STANDARD,UK,tonne.km,0.02244,"DEFRA/DESNZ 2024 full set (advanced users) — sheet 'WTT- delivery vehs & freight', row 51 (group: 50% Laden; activity/type: WTT- HGV (all diesel) / Articulated (>33t))"
SCOPE_3,ref_wtt_delivery_vehs_freight,wtt_hgv_all_diesel_articulated_33t_100_laden_tonne_km,STANDARD,UK,tonne.km,0.01403,"DEFRA/DESNZ 2024 full set (advanced users) — sheet 'WTT- delivery vehs & freight', row 51 (group: 100% Laden; activity/type: WTT- HGV (all diesel) / Articulated (>33t))"
SCOPE_3,ref_wtt_delivery_vehs_freight,wtt_hgv_all_diesel_articulated_33t_average_laden_tonne_km,STANDARD,UK,tonne.km,0.01799,"DEFRA/DESNZ 2024 full set (advanced users) — sheet 'WTT- delivery vehs & freight', row 51 (group: Average laden; activity/type: WTT- HGV (all diesel) / Articulated (>33t))"
SCOPE_3,ref_wtt_delivery_vehs_freight,wtt_hgv_all_diesel_articulated_33t_0_laden_km,STANDARD,UK,km,0.15178,"DEFRA/DESNZ 2024 full set (advanced users) — sheet 'WTT- delivery vehs & freight', row 52 (group: 0% Laden; activity/type: WTT- HGV (all diesel) / Articulated (>33t))"
SCOPE_3,ref_wtt_delivery_vehs_freight,wtt_hgv_all_diesel_articulated_33t_50_laden_km,STANDARD,UK,km,0.20237,"DEFRA/DESNZ 2024 full set (advanced users) — sheet 'WTT- delivery vehs & freight', row 52 (group: 50% Laden; activity/type: WTT- HGV (all diesel) / Articulated (>33t))"
SCOPE_3,ref_wtt_delivery_vehs_freight,wtt_hgv_all_diesel_articulated_33t_100_laden_km,STANDARD,UK,km,0.25296,"DEFRA/DESNZ 2024 full set (advanced users) — sheet 'WTT- delivery vehs & freight', row 52 (group: 100% Laden; activity/type: WTT- HGV (all diesel) / Articulated (>33t))"
SCOPE_3,ref_wtt_delivery_vehs_freight,wtt_hgv_all_diesel_articulated_33t_average_laden_km,STANDARD,UK,km,0.22058,"DEFRA/DESNZ 2024 full set (advanced users) — sheet 'WTT- delivery vehs & freight', row 52 (group: Average laden; activity/type: WTT- HGV (all diesel) / Articulated (>33t))"
SCOPE_3,ref_wtt_delivery_vehs_freight,wtt_hgv_all_diesel_articulated_33t_0_laden_miles,STANDARD,UK,miles,0.24426,"DEFRA/DESNZ 2024 full set (advanced users) — sheet 'WTT- delivery vehs & freight', row 53 (group: 0% Laden; activity/type: WTT- HGV (all diesel) / Articulated (>33t))"
SCOPE_3,ref_wtt_delivery_vehs_freight,wtt_hgv_all_diesel_articulated_33t_50_laden_miles,STANDARD,UK,miles,0.32568,"DEFRA/DESNZ 2024 full set (advanced users) — sheet 'WTT- delivery vehs & freight', row 53 (group: 50% Laden; activity/type: WTT- HGV (all diesel) / Articulated (>33t))"
SCOPE_3,ref_wtt_delivery_vehs_freight,wtt_hgv_all_diesel_articulated_33t_100_laden_miles,STANDARD,UK,miles,0.4071,"DEFRA/DESNZ 2024 full set (advanced users) — sheet 'WTT- delivery vehs & freight', row 53 (group: 100% Laden; activity/type: WTT- HGV (all diesel) / Articulated (>33t))"
SCOPE_3,ref_wtt_delivery_vehs_freight,wtt_hgv_all_diesel_articulated_33t_average_laden_miles,STANDARD,UK,miles,0.35499,"DEFRA/DESNZ 2024 full set (advanced users) — sheet 'WTT- delivery vehs & freight', row 53 (group: Average laden; activity/type: WTT- HGV (all diesel) / Articulated (>33t))"
SCOPE_3,ref_wtt_delivery_vehs_freight,wtt_hgv_all_diesel_all_artics_50_laden_tonne_km,STANDARD,UK,tonne.km,0.02257,"DEFRA/DESNZ 2024 full set (advanced users) — sheet 'WTT- delivery vehs & freight', row 54 (group: 50% Laden; activity/type: WTT- HGV (all diesel) / All artics)"
SCOPE_3,ref_wtt_delivery_vehs_freight,wtt_hgv_all_diesel_all_artics_100_laden_tonne_km,STANDARD,UK,tonne.km,0.01409,"DEFRA/DESNZ 2024 full set (advanced users) — sheet 'WTT- delivery vehs & freight', row 54 (group: 100% Laden; activity/type: WTT- HGV (all diesel) / All artics)"
SCOPE_3,ref_wtt_delivery_vehs_freight,wtt_hgv_all_diesel_all_artics_average_laden_tonne_km,STANDARD,UK,tonne.km,0.01823,"DEFRA/DESNZ 2024 full set (advanced users) — sheet 'WTT- delivery vehs & freight', row 54 (group: Average laden; activity/type: WTT- HGV (all diesel) / All artics)"
SCOPE_3,ref_wtt_delivery_vehs_freight,wtt_hgv_all_diesel_all_artics_0_laden_km,STANDARD,UK,km,0.15162,"DEFRA/DESNZ 2024 full set (advanced users) — sheet 'WTT- delivery vehs & freight', row 55 (group: 0% Laden; activity/type: WTT- HGV (all diesel) / All artics)"
SCOPE_3,ref_wtt_delivery_vehs_freight,wtt_hgv_all_diesel_all_artics_50_laden_km,STANDARD,UK,km,0.20159,"DEFRA/DESNZ 2024 full set (advanced users) — sheet 'WTT- delivery vehs & freight', row 55 (group: 50% Laden; activity/type: WTT- HGV (all diesel) / All artics)"
SCOPE_3,ref_wtt_delivery_vehs_freight,wtt_hgv_all_diesel_all_artics_100_laden_km,STANDARD,UK,km,0.25157,"DEFRA/DESNZ 2024 full set (advanced users) — sheet 'WTT- delivery vehs & freight', row 55 (group: 100% Laden; activity/type: WTT- HGV (all diesel) / All artics)"
SCOPE_3,ref_wtt_delivery_vehs_freight,wtt_hgv_all_diesel_all_artics_average_laden_km,STANDARD,UK,km,0.21898,"DEFRA/DESNZ 2024 full set (advanced users) — sheet 'WTT- delivery vehs & freight', row 55 (group: Average laden; activity/type: WTT- HGV (all diesel) / All artics)"
SCOPE_3,ref_wtt_delivery_vehs_freight,wtt_hgv_all_diesel_all_artics_0_laden_miles,STANDARD,UK,miles,0.24401,"DEFRA/DESNZ 2024 full set (advanced users) — sheet 'WTT- delivery vehs & freight', row 56 (group: 0% Laden; activity/type: WTT- HGV (all diesel) / All artics)"
SCOPE_3,ref_wtt_delivery_vehs_freight,wtt_hgv_all_diesel_all_artics_50_laden_miles,STANDARD,UK,miles,0.32444,"DEFRA/DESNZ 2024 full set (advanced users) — sheet 'WTT- delivery vehs & freight', row 56 (group: 50% Laden; activity/type: WTT- HGV (all diesel) / All artics)"
SCOPE_3,ref_wtt_delivery_vehs_freight,wtt_hgv_all_diesel_all_artics_100_laden_miles,STANDARD,UK,miles,0.40486,"DEFRA/DESNZ 2024 full set (advanced users) — sheet 'WTT- delivery vehs & freight', row 56 (group: 100% Laden; activity/type: WTT- HGV (all diesel) / All artics)"
SCOPE_3,ref_wtt_delivery_vehs_freight,wtt_hgv_all_diesel_all_artics_average_laden_miles,STANDARD,UK,miles,0.35241,"DEFRA/DESNZ 2024 full set (advanced users) — sheet 'WTT- delivery vehs & freight', row 56 (group: Average laden; activity/type: WTT- HGV (all diesel) / All artics)"
SCOPE_3,ref_wtt_delivery_vehs_freight,wtt_hgv_all_diesel_all_hgvs_50_laden_tonne_km,STANDARD,UK,tonne.km,0.02886,"DEFRA/DESNZ 2024 full set (advanced users) — sheet 'WTT- delivery vehs & freight', row 57 (group: 50% Laden; activity/type: WTT- HGV (all diesel) / All HGVs)"
SCOPE_3,ref_wtt_delivery_vehs_freight,wtt_hgv_all_diesel_all_hgvs_100_laden_tonne_km,STANDARD,UK,tonne.km,0.01757,"DEFRA/DESNZ 2024 full set (advanced users) — sheet 'WTT- delivery vehs & freight', row 57 (group: 100% Laden; activity/type: WTT- HGV (all diesel) / All HGVs)"
SCOPE_3,ref_wtt_delivery_vehs_freight,wtt_hgv_all_diesel_all_hgvs_average_laden_tonne_km,STANDARD,UK,tonne.km,0.02359,"DEFRA/DESNZ 2024 full set (advanced users) — sheet 'WTT- delivery vehs & freight', row 57 (group: Average laden; activity/type: WTT- HGV (all diesel) / All HGVs)"
SCOPE_3,ref_wtt_delivery_vehs_freight,wtt_hgv_all_diesel_all_hgvs_0_laden_km,STANDARD,UK,km,0.15527,"DEFRA/DESNZ 2024 full set (advanced users) — sheet 'WTT- delivery vehs & freight', row 58 (group: 0% Laden; activity/type: WTT- HGV (all diesel) / All HGVs)"
SCOPE_3,ref_wtt_delivery_vehs_freight,wtt_hgv_all_diesel_all_hgvs_50_laden_km,STANDARD,UK,km,0.19734,"DEFRA/DESNZ 2024 full set (advanced users) — sheet 'WTT- delivery vehs & freight', row 58 (group: 50% Laden; activity/type: WTT- HGV (all diesel) / All HGVs)"
SCOPE_3,ref_wtt_delivery_vehs_freight,wtt_hgv_all_diesel_all_hgvs_100_laden_km,STANDARD,UK,km,0.23942,"DEFRA/DESNZ 2024 full set (advanced users) — sheet 'WTT- delivery vehs & freight', row 58 (group: 100% Laden; activity/type: WTT- HGV (all diesel) / All HGVs)"
SCOPE_3,ref_wtt_delivery_vehs_freight,wtt_hgv_all_diesel_all_hgvs_average_laden_km,STANDARD,UK,km,0.21154,"DEFRA/DESNZ 2024 full set (advanced users) — sheet 'WTT- delivery vehs & freight', row 58 (group: Average laden; activity/type: WTT- HGV (all diesel) / All HGVs)"
SCOPE_3,ref_wtt_delivery_vehs_freight,wtt_hgv_all_diesel_all_hgvs_0_laden_miles,STANDARD,UK,miles,0.24987,"DEFRA/DESNZ 2024 full set (advanced users) — sheet 'WTT- delivery vehs & freight', row 59 (group: 0% Laden; activity/type: WTT- HGV (all diesel) / All HGVs)"
SCOPE_3,ref_wtt_delivery_vehs_freight,wtt_hgv_all_diesel_all_hgvs_50_laden_miles,STANDARD,UK,miles,0.31759,"DEFRA/DESNZ 2024 full set (advanced users) — sheet 'WTT- delivery vehs & freight', row 59 (group: 50% Laden; activity/type: WTT- HGV (all diesel) / All HGVs)"
SCOPE_3,ref_wtt_delivery_vehs_freight,wtt_hgv_all_diesel_all_hgvs_100_laden_miles,STANDARD,UK,miles,0.38531,"DEFRA/DESNZ 2024 full set (advanced users) — sheet 'WTT- delivery vehs & freight', row 59 (group: 100% Laden; activity/type: WTT- HGV (all diesel) / All HGVs)"
SCOPE_3,ref_wtt_delivery_vehs_freight,wtt_hgv_all_diesel_all_hgvs_average_laden_miles,STANDARD,UK,miles,0.34045,"DEFRA/DESNZ 2024 full set (advanced users) — sheet 'WTT- delivery vehs & freight', row 59 (group: Average laden; activity/type: WTT- HGV (all diesel) / All HGVs)"
SCOPE_3,ref_wtt_delivery_vehs_freight,wtt_hgv_refrigerated_all_diesel_rigid_3_5_7_5_tonnes_50_laden_tonne_km,STANDARD,UK,tonne.km,0.12758,"DEFRA/DESNZ 2024 full set (advanced users) — sheet 'WTT- delivery vehs & freight', row 64 (group: 50% Laden; activity/type: WTT- HGV refrigerated (all diesel) / Rigid (>3.5 - 7.5 tonnes))"
SCOPE_3,ref_wtt_delivery_vehs_freight,wtt_hgv_refrigerated_all_diesel_rigid_3_5_7_5_tonnes_100_laden_tonne_km,STANDARD,UK,tonne.km,0.06889,"DEFRA/DESNZ 2024 full set (advanced users) — sheet 'WTT- delivery vehs & freight', row 64 (group: 100% Laden; activity/type: WTT- HGV refrigerated (all diesel) / Rigid (>3.5 - 7.5 tonnes))"
SCOPE_3,ref_wtt_delivery_vehs_freight,wtt_hgv_refrigerated_all_diesel_rigid_3_5_7_5_tonnes_average_laden_tonne_km,STANDARD,UK,tonne.km,0.14669,"DEFRA/DESNZ 2024 full set (advanced users) — sheet 'WTT- delivery vehs & freight', row 64 (group: Average laden; activity/type: WTT- HGV refrigerated (all diesel) / Rigid (>3.5 - 7.5 tonnes))"
SCOPE_3,ref_wtt_delivery_vehs_freight,wtt_hgv_refrigerated_all_diesel_rigid_3_5_7_5_tonnes_0_laden_km,STANDARD,UK,km,0.13155,"DEFRA/DESNZ 2024 full set (advanced users) — sheet 'WTT- delivery vehs & freight', row 65 (group: 0% Laden; activity/type: WTT- HGV refrigerated (all diesel) / Rigid (>3.5 - 7.5 tonnes))"
SCOPE_3,ref_wtt_delivery_vehs_freight,wtt_hgv_refrigerated_all_diesel_rigid_3_5_7_5_tonnes_50_laden_km,STANDARD,UK,km,0.14299,"DEFRA/DESNZ 2024 full set (advanced users) — sheet 'WTT- delivery vehs & freight', row 65 (group: 50% Laden; activity/type: WTT- HGV refrigerated (all diesel) / Rigid (>3.5 - 7.5 tonnes))"
SCOPE_3,ref_wtt_delivery_vehs_freight,wtt_hgv_refrigerated_all_diesel_rigid_3_5_7_5_tonnes_100_laden_km,STANDARD,UK,km,0.15442,"DEFRA/DESNZ 2024 full set (advanced users) — sheet 'WTT- delivery vehs & freight', row 65 (group: 100% Laden; activity/type: WTT- HGV refrigerated (all diesel) / Rigid (>3.5 - 7.5 tonnes))"
SCOPE_3,ref_wtt_delivery_vehs_freight,wtt_hgv_refrigerated_all_diesel_rigid_3_5_7_5_tonnes_average_laden_km,STANDARD,UK,km,0.14138,"DEFRA/DESNZ 2024 full set (advanced users) — sheet 'WTT- delivery vehs & freight', row 65 (group: Average laden; activity/type: WTT- HGV refrigerated (all diesel) / Rigid (>3.5 - 7.5 tonnes))"
SCOPE_3,ref_wtt_delivery_vehs_freight,wtt_hgv_refrigerated_all_diesel_rigid_3_5_7_5_tonnes_0_laden_miles,STANDARD,UK,miles,0.2117,"DEFRA/DESNZ 2024 full set (advanced users) — sheet 'WTT- delivery vehs & freight', row 66 (group: 0% Laden; activity/type: WTT- HGV refrigerated (all diesel) / Rigid (>3.5 - 7.5 tonnes))"
SCOPE_3,ref_wtt_delivery_vehs_freight,wtt_hgv_refrigerated_all_diesel_rigid_3_5_7_5_tonnes_50_laden_miles,STANDARD,UK,miles,0.23011,"DEFRA/DESNZ 2024 full set (advanced users) — sheet 'WTT- delivery vehs & freight', row 66 (group: 50% Laden; activity/type: WTT- HGV refrigerated (all diesel) / Rigid (>3.5 - 7.5 tonnes))"
SCOPE_3,ref_wtt_delivery_vehs_freight,wtt_hgv_refrigerated_all_diesel_rigid_3_5_7_5_tonnes_100_laden_miles,STANDARD,UK,miles,0.24852,"DEFRA/DESNZ 2024 full set (advanced users) — sheet 'WTT- delivery vehs & freight', row 66 (group: 100% Laden; activity/type: WTT- HGV refrigerated (all diesel) / Rigid (>3.5 - 7.5 tonnes))"
SCOPE_3,ref_wtt_delivery_vehs_freight,wtt_hgv_refrigerated_all_diesel_rigid_3_5_7_5_tonnes_average_laden_miles,STANDARD,UK,miles,0.22754,"DEFRA/DESNZ 2024 full set (advanced users) — sheet 'WTT- delivery vehs & freight', row 66 (group: Average laden; activity/type: WTT- HGV refrigerated (all diesel) / Rigid (>3.5 - 7.5 tonnes))"
SCOPE_3,ref_wtt_delivery_vehs_freight,wtt_hgv_refrigerated_all_diesel_rigid_7_5_tonnes_17_tonnes_50_laden_tonne_km,STANDARD,UK,tonne.km,0.07603,"DEFRA/DESNZ 2024 full set (advanced users) — sheet 'WTT- delivery vehs & freight', row 67 (group: 50% Laden; activity/type: WTT- HGV refrigerated (all diesel) / Rigid (>7.5 tonnes-17 tonnes))"
SCOPE_3,ref_wtt_delivery_vehs_freight,wtt_hgv_refrigerated_all_diesel_rigid_7_5_tonnes_17_tonnes_100_laden_tonne_km,STANDARD,UK,tonne.km,0.04277,"DEFRA/DESNZ 2024 full set (advanced users) — sheet 'WTT- delivery vehs & freight', row 67 (group: 100% Laden; activity/type: WTT- HGV refrigerated (all diesel) / Rigid (>7.5 tonnes-17 tonnes))"
SCOPE_3,ref_wtt_delivery_vehs_freight,wtt_hgv_refrigerated_all_diesel_rigid_7_5_tonnes_17_tonnes_average_laden_tonne_km,STANDARD,UK,tonne.km,0.11031,"DEFRA/DESNZ 2024 full set (advanced users) — sheet 'WTT- delivery vehs & freight', row 67 (group: Average laden; activity/type: WTT- HGV refrigerated (all diesel) / Rigid (>7.5 tonnes-17 tonnes))"
SCOPE_3,ref_wtt_delivery_vehs_freight,wtt_hgv_refrigerated_all_diesel_rigid_7_5_tonnes_17_tonnes_0_laden_km,STANDARD,UK,km,0.15756,"DEFRA/DESNZ 2024 full set (advanced users) — sheet 'WTT- delivery vehs & freight', row 68 (group: 0% Laden; activity/type: WTT- HGV refrigerated (all diesel) / Rigid (>7.5 tonnes-17 tonnes))"
SCOPE_3,ref_wtt_delivery_vehs_freight,wtt_hgv_refrigerated_all_diesel_rigid_7_5_tonnes_17_tonnes_50_laden_km,STANDARD,UK,km,0.18007,"DEFRA/DESNZ 2024 full set (advanced users) — sheet 'WTT- delivery vehs & freight', row 68 (group: 50% Laden; activity/type: WTT- HGV refrigerated (all diesel) / Rigid (>7.5 tonnes-17 tonnes))"
SCOPE_3,ref_wtt_delivery_vehs_freight,wtt_hgv_refrigerated_all_diesel_rigid_7_5_tonnes_17_tonnes_100_laden_km,STANDARD,UK,km,0.20258,"DEFRA/DESNZ 2024 full set (advanced users) — sheet 'WTT- delivery vehs & freight', row 68 (group: 100% Laden; activity/type: WTT- HGV refrigerated (all diesel) / Rigid (>7.5 tonnes-17 tonnes))"
SCOPE_3,ref_wtt_delivery_vehs_freight,wtt_hgv_refrigerated_all_diesel_rigid_7_5_tonnes_17_tonnes_average_laden_km,STANDARD,UK,km,0.17242,"DEFRA/DESNZ 2024 full set (advanced users) — sheet 'WTT- delivery vehs & freight', row 68 (group: Average laden; activity/type: WTT- HGV refrigerated (all diesel) / Rigid (>7.5 tonnes-17 tonnes))"
SCOPE_3,ref_wtt_delivery_vehs_freight,wtt_hgv_refrigerated_all_diesel_rigid_7_5_tonnes_17_tonnes_0_laden_miles,STANDARD,UK,miles,0.25357,"DEFRA/DESNZ 2024 full set (advanced users) — sheet 'WTT- delivery vehs & freight', row 69 (group: 0% Laden; activity/type: WTT- HGV refrigerated (all diesel) / Rigid (>7.5 tonnes-17 tonnes))"
SCOPE_3,ref_wtt_delivery_vehs_freight,wtt_hgv_refrigerated_all_diesel_rigid_7_5_tonnes_17_tonnes_50_laden_miles,STANDARD,UK,miles,0.2898,"DEFRA/DESNZ 2024 full set (advanced users) — sheet 'WTT- delivery vehs & freight', row 69 (group: 50% Laden; activity/type: WTT- HGV refrigerated (all diesel) / Rigid (>7.5 tonnes-17 tonnes))"
SCOPE_3,ref_wtt_delivery_vehs_freight,wtt_hgv_refrigerated_all_diesel_rigid_7_5_tonnes_17_tonnes_100_laden_miles,STANDARD,UK,miles,0.32602,"DEFRA/DESNZ 2024 full set (advanced users) — sheet 'WTT- delivery vehs & freight', row 69 (group: 100% Laden; activity/type: WTT- HGV refrigerated (all diesel) / Rigid (>7.5 tonnes-17 tonnes))"
SCOPE_3,ref_wtt_delivery_vehs_freight,wtt_hgv_refrigerated_all_diesel_rigid_7_5_tonnes_17_tonnes_average_laden_miles,STANDARD,UK,miles,0.27748,"DEFRA/DESNZ 2024 full set (advanced users) — sheet 'WTT- delivery vehs & freight', row 69 (group: Average laden; activity/type: WTT- HGV refrigerated (all diesel) / Rigid (>7.5 tonnes-17 tonnes))"
SCOPE_3,ref_wtt_delivery_vehs_freight,wtt_hgv_refrigerated_all_diesel_rigid_17_tonnes_50_laden_tonne_km,STANDARD,UK,tonne.km,0.0582,"DEFRA/DESNZ 2024 full set (advanced users) — sheet 'WTT- delivery vehs & freight', row 70 (group: 50% Laden; activity/type: WTT- HGV refrigerated (all diesel) / Rigid (>17 tonnes))"
SCOPE_3,ref_wtt_delivery_vehs_freight,wtt_hgv_refrigerated_all_diesel_rigid_17_tonnes_100_laden_tonne_km,STANDARD,UK,tonne.km,0.03434,"DEFRA/DESNZ 2024 full set (advanced users) — sheet 'WTT- delivery vehs & freight', row 70 (group: 100% Laden; activity/type: WTT- HGV refrigerated (all diesel) / Rigid (>17 tonnes))"
SCOPE_3,ref_wtt_delivery_vehs_freight,wtt_hgv_refrigerated_all_diesel_rigid_17_tonnes_average_laden_tonne_km,STANDARD,UK,tonne.km,0.04457,"DEFRA/DESNZ 2024 full set (advanced users) — sheet 'WTT- delivery vehs & freight', row 70 (group: Average laden; activity/type: WTT- HGV refrigerated (all diesel) / Rigid (>17 tonnes))"
SCOPE_3,ref_wtt_delivery_vehs_freight,wtt_hgv_refrigerated_all_diesel_rigid_17_tonnes_0_laden_km,STANDARD,UK,km,0.21678,"DEFRA/DESNZ 2024 full set (advanced users) — sheet 'WTT- delivery vehs & freight', row 71 (group: 0% Laden; activity/type: WTT- HGV refrigerated (all diesel) / Rigid (>17 tonnes))"
SCOPE_3,ref_wtt_delivery_vehs_freight,wtt_hgv_refrigerated_all_diesel_rigid_17_tonnes_50_laden_km,STANDARD,UK,km,0.26437,"DEFRA/DESNZ 2024 full set (advanced users) — sheet 'WTT- delivery vehs & freight', row 71 (group: 50% Laden; activity/type: WTT- HGV refrigerated (all diesel) / Rigid (>17 tonnes))"
SCOPE_3,ref_wtt_delivery_vehs_freight,wtt_hgv_refrigerated_all_diesel_rigid_17_tonnes_100_laden_km,STANDARD,UK,km,0.31196,"DEFRA/DESNZ 2024 full set (advanced users) — sheet 'WTT- delivery vehs & freight', row 71 (group: 100% Laden; activity/type: WTT- HGV refrigerated (all diesel) / Rigid (>17 tonnes))"
SCOPE_3,ref_wtt_delivery_vehs_freight,wtt_hgv_refrigerated_all_diesel_rigid_17_tonnes_average_laden_km,STANDARD,UK,km,0.2834,"DEFRA/DESNZ 2024 full set (advanced users) — sheet 'WTT- delivery vehs & freight', row 71 (group: Average laden; activity/type: WTT- HGV refrigerated (all diesel) / Rigid (>17 tonnes))"
SCOPE_3,ref_wtt_delivery_vehs_freight,wtt_hgv_refrigerated_all_diesel_rigid_17_tonnes_0_laden_miles,STANDARD,UK,miles,0.34888,"DEFRA/DESNZ 2024 full set (advanced users) — sheet 'WTT- delivery vehs & freight', row 72 (group: 0% Laden; activity/type: WTT- HGV refrigerated (all diesel) / Rigid (>17 tonnes))"
SCOPE_3,ref_wtt_delivery_vehs_freight,wtt_hgv_refrigerated_all_diesel_rigid_17_tonnes_50_laden_miles,STANDARD,UK,miles,0.42546,"DEFRA/DESNZ 2024 full set (advanced users) — sheet 'WTT- delivery vehs & freight', row 72 (group: 50% Laden; activity/type: WTT- HGV refrigerated (all diesel) / Rigid (>17 tonnes))"
SCOPE_3,ref_wtt_delivery_vehs_freight,wtt_hgv_refrigerated_all_diesel_rigid_17_tonnes_100_laden_miles,STANDARD,UK,miles,0.50205,"DEFRA/DESNZ 2024 full set (advanced users) — sheet 'WTT- delivery vehs & freight', row 72 (group: 100% Laden; activity/type: WTT- HGV refrigerated (all diesel) / Rigid (>17 tonnes))"
SCOPE_3,ref_wtt_delivery_vehs_freight,wtt_hgv_refrigerated_all_diesel_rigid_17_tonnes_average_laden_miles,STANDARD,UK,miles,0.45609,"DEFRA/DESNZ 2024 full set (advanced users) — sheet 'WTT- delivery vehs & freight', row 72 (group: Average laden; activity/type: WTT- HGV refrigerated (all diesel) / Rigid (>17 tonnes))"
SCOPE_3,ref_wtt_delivery_vehs_freight,wtt_hgv_refrigerated_all_diesel_all_rigids_50_laden_tonne_km,STANDARD,UK,tonne.km,0.06206,"DEFRA/DESNZ 2024 full set (advanced users) — sheet 'WTT- delivery vehs & freight', row 73 (group: 50% Laden; activity/type: WTT- HGV refrigerated (all diesel) / All rigids)"
SCOPE_3,ref_wtt_delivery_vehs_freight,wtt_hgv_refrigerated_all_diesel_all_rigids_100_laden_tonne_km,STANDARD,UK,tonne.km,0.03624,"DEFRA/DESNZ 2024 full set (advanced users) — sheet 'WTT- delivery vehs & freight', row 73 (group: 100% Laden; activity/type: WTT- HGV refrigerated (all diesel) / All rigids)"
SCOPE_3,ref_wtt_delivery_vehs_freight,wtt_hgv_refrigerated_all_diesel_all_rigids_average_laden_tonne_km,STANDARD,UK,tonne.km,0.05168,"DEFRA/DESNZ 2024 full set (advanced users) — sheet 'WTT- delivery vehs & freight', row 73 (group: Average laden; activity/type: WTT- HGV refrigerated (all diesel) / All rigids)"
SCOPE_3,ref_wtt_delivery_vehs_freight,wtt_hgv_refrigerated_all_diesel_all_rigids_0_laden_km,STANDARD,UK,km,0.1914,"DEFRA/DESNZ 2024 full set (advanced users) — sheet 'WTT- delivery vehs & freight', row 74 (group: 0% Laden; activity/type: WTT- HGV refrigerated (all diesel) / All rigids)"
SCOPE_3,ref_wtt_delivery_vehs_freight,wtt_hgv_refrigerated_all_diesel_all_rigids_50_laden_km,STANDARD,UK,km,0.22823,"DEFRA/DESNZ 2024 full set (advanced users) — sheet 'WTT- delivery vehs & freight', row 74 (group: 50% Laden; activity/type: WTT- HGV refrigerated (all diesel) / All rigids)"
SCOPE_3,ref_wtt_delivery_vehs_freight,wtt_hgv_refrigerated_all_diesel_all_rigids_100_laden_km,STANDARD,UK,km,0.26506,"DEFRA/DESNZ 2024 full set (advanced users) — sheet 'WTT- delivery vehs & freight', row 74 (group: 100% Laden; activity/type: WTT- HGV refrigerated (all diesel) / All rigids)"
SCOPE_3,ref_wtt_delivery_vehs_freight,wtt_hgv_refrigerated_all_diesel_all_rigids_average_laden_km,STANDARD,UK,km,0.23978,"DEFRA/DESNZ 2024 full set (advanced users) — sheet 'WTT- delivery vehs & freight', row 74 (group: Average laden; activity/type: WTT- HGV refrigerated (all diesel) / All rigids)"
SCOPE_3,ref_wtt_delivery_vehs_freight,wtt_hgv_refrigerated_all_diesel_all_rigids_0_laden_miles,STANDARD,UK,miles,0.30803,"DEFRA/DESNZ 2024 full set (advanced users) — sheet 'WTT- delivery vehs & freight', row 75 (group: 0% Laden; activity/type: WTT- HGV refrigerated (all diesel) / All rigids)"
SCOPE_3,ref_wtt_delivery_vehs_freight,wtt_hgv_refrigerated_all_diesel_all_rigids_50_laden_miles,STANDARD,UK,miles,0.3673,"DEFRA/DESNZ 2024 full set (advanced users) — sheet 'WTT- delivery vehs & freight', row 75 (group: 50% Laden; activity/type: WTT- HGV refrigerated (all diesel) / All rigids)"
SCOPE_3,ref_wtt_delivery_vehs_freight,wtt_hgv_refrigerated_all_diesel_all_rigids_100_laden_miles,STANDARD,UK,miles,0.42657,"DEFRA/DESNZ 2024 full set (advanced users) — sheet 'WTT- delivery vehs & freight', row 75 (group: 100% Laden; activity/type: WTT- HGV refrigerated (all diesel) / All rigids)"
SCOPE_3,ref_wtt_delivery_vehs_freight,wtt_hgv_refrigerated_all_diesel_all_rigids_average_laden_miles,STANDARD,UK,miles,0.3859,"DEFRA/DESNZ 2024 full set (advanced users) — sheet 'WTT- delivery vehs & freight', row 75 (group: Average laden; activity/type: WTT- HGV refrigerated (all diesel) / All rigids)"
SCOPE_3,ref_wtt_delivery_vehs_freight,wtt_hgv_refrigerated_all_diesel_articulated_3_5_33t_50_laden_tonne_km,STANDARD,UK,tonne.km,0.03167,"DEFRA/DESNZ 2024 full set (advanced users) — sheet 'WTT- delivery vehs & freight', row 76 (group: 50% Laden; activity/type: WTT- HGV refrigerated (all diesel) / Articulated (>3.5 - 33t))"
SCOPE_3,ref_wtt_delivery_vehs_freight,wtt_hgv_refrigerated_all_diesel_articulated_3_5_33t_100_laden_tonne_km,STANDARD,UK,tonne.km,0.019,"DEFRA/DESNZ 2024 full set (advanced users) — sheet 'WTT- delivery vehs & freight', row 76 (group: 100% Laden; activity/type: WTT- HGV refrigerated (all diesel) / Articulated (>3.5 - 33t))"
SCOPE_3,ref_wtt_delivery_vehs_freight,wtt_hgv_refrigerated_all_diesel_articulated_3_5_33t_average_laden_tonne_km,STANDARD,UK,tonne.km,0.03167,"DEFRA/DESNZ 2024 full set (advanced users) — sheet 'WTT- delivery vehs & freight', row 76 (group: Average laden; activity/type: WTT- HGV refrigerated (all diesel) / Articulated (>3.5 - 33t))"
SCOPE_3,ref_wtt_delivery_vehs_freight,wtt_hgv_refrigerated_all_diesel_articulated_3_5_33t_0_laden_km,STANDARD,UK,km,0.17199,"DEFRA/DESNZ 2024 full set (advanced users) — sheet 'WTT- delivery vehs & freight', row 77 (group: 0% Laden; activity/type: WTT- HGV refrigerated (all diesel) / Articulated (>3.5 - 33t))"
SCOPE_3,ref_wtt_delivery_vehs_freight,wtt_hgv_refrigerated_all_diesel_articulated_3_5_33t_50_laden_km,STANDARD,UK,km,0.21499,"DEFRA/DESNZ 2024 full set (advanced users) — sheet 'WTT- delivery vehs & freight', row 77 (group: 50% Laden; activity/type: WTT- HGV refrigerated (all diesel) / Articulated (>3.5 - 33t))"
SCOPE_3,ref_wtt_delivery_vehs_freight,wtt_hgv_refrigerated_all_diesel_articulated_3_5_33t_100_laden_km,STANDARD,UK,km,0.25799,"DEFRA/DESNZ 2024 full set (advanced users) — sheet 'WTT- delivery vehs & freight', row 77 (group: 100% Laden; activity/type: WTT- HGV refrigerated (all diesel) / Articulated (>3.5 - 33t))"
SCOPE_3,ref_wtt_delivery_vehs_freight,wtt_hgv_refrigerated_all_diesel_articulated_3_5_33t_average_laden_km,STANDARD,UK,km,0.21499,"DEFRA/DESNZ 2024 full set (advanced users) — sheet 'WTT- delivery vehs & freight', row 77 (group: Average laden; activity/type: WTT- HGV refrigerated (all diesel) / Articulated (>3.5 - 33t))"
SCOPE_3,ref_wtt_delivery_vehs_freight,wtt_hgv_refrigerated_all_diesel_articulated_3_5_33t_0_laden_miles,STANDARD,UK,miles,0.27679,"DEFRA/DESNZ 2024 full set (advanced users) — sheet 'WTT- delivery vehs & freight', row 78 (group: 0% Laden; activity/type: WTT- HGV refrigerated (all diesel) / Articulated (>3.5 - 33t))"
SCOPE_3,ref_wtt_delivery_vehs_freight,wtt_hgv_refrigerated_all_diesel_articulated_3_5_33t_50_laden_miles,STANDARD,UK,miles,0.34599,"DEFRA/DESNZ 2024 full set (advanced users) — sheet 'WTT- delivery vehs & freight', row 78 (group: 50% Laden; activity/type: WTT- HGV refrigerated (all diesel) / Articulated (>3.5 - 33t))"
SCOPE_3,ref_wtt_delivery_vehs_freight,wtt_hgv_refrigerated_all_diesel_articulated_3_5_33t_100_laden_miles,STANDARD,UK,miles,0.41519,"DEFRA/DESNZ 2024 full set (advanced users) — sheet 'WTT- delivery vehs & freight', row 78 (group: 100% Laden; activity/type: WTT- HGV refrigerated (all diesel) / Articulated (>3.5 - 33t))"
SCOPE_3,ref_wtt_delivery_vehs_freight,wtt_hgv_refrigerated_all_diesel_articulated_3_5_33t_average_laden_miles,STANDARD,UK,miles,0.34599,"DEFRA/DESNZ 2024 full set (advanced users) — sheet 'WTT- delivery vehs & freight', row 78 (group: Average laden; activity/type: WTT- HGV refrigerated (all diesel) / Articulated (>3.5 - 33t))"
SCOPE_3,ref_wtt_delivery_vehs_freight,wtt_hgv_refrigerated_all_diesel_articulated_33t_50_laden_tonne_km,STANDARD,UK,tonne.km,0.02602,"DEFRA/DESNZ 2024 full set (advanced users) — sheet 'WTT- delivery vehs & freight', row 79 (group: 50% Laden; activity/type: WTT- HGV refrigerated (all diesel) / Articulated (>33t))"
SCOPE_3,ref_wtt_delivery_vehs_freight,wtt_hgv_refrigerated_all_diesel_articulated_33t_100_laden_tonne_km,STANDARD,UK,tonne.km,0.01626,"DEFRA/DESNZ 2024 full set (advanced users) — sheet 'WTT- delivery vehs & freight', row 79 (group: 100% Laden; activity/type: WTT- HGV refrigerated (all diesel) / Articulated (>33t))"
SCOPE_3,ref_wtt_delivery_vehs_freight,wtt_hgv_refrigerated_all_diesel_articulated_33t_average_laden_tonne_km,STANDARD,UK,tonne.km,0.02086,"DEFRA/DESNZ 2024 full set (advanced users) — sheet 'WTT- delivery vehs & freight', row 79 (group: Average laden; activity/type: WTT- HGV refrigerated (all diesel) / Articulated (>33t))"
SCOPE_3,ref_wtt_delivery_vehs_freight,wtt_hgv_refrigerated_all_diesel_articulated_33t_0_laden_km,STANDARD,UK,km,0.17602,"DEFRA/DESNZ 2024 full set (advanced users) — sheet 'WTT- delivery vehs & freight', row 80 (group: 0% Laden; activity/type: WTT- HGV refrigerated (all diesel) / Articulated (>33t))"
SCOPE_3,ref_wtt_delivery_vehs_freight,wtt_hgv_refrigerated_all_diesel_articulated_33t_50_laden_km,STANDARD,UK,km,0.23469,"DEFRA/DESNZ 2024 full set (advanced users) — sheet 'WTT- delivery vehs & freight', row 80 (group: 50% Laden; activity/type: WTT- HGV refrigerated (all diesel) / Articulated (>33t))"
SCOPE_3,ref_wtt_delivery_vehs_freight,wtt_hgv_refrigerated_all_diesel_articulated_33t_100_laden_km,STANDARD,UK,km,0.29336,"DEFRA/DESNZ 2024 full set (advanced users) — sheet 'WTT- delivery vehs & freight', row 80 (group: 100% Laden; activity/type: WTT- HGV refrigerated (all diesel) / Articulated (>33t))"
SCOPE_3,ref_wtt_delivery_vehs_freight,wtt_hgv_refrigerated_all_diesel_articulated_33t_average_laden_km,STANDARD,UK,km,0.25581,"DEFRA/DESNZ 2024 full set (advanced users) — sheet 'WTT- delivery vehs & freight', row 80 (group: Average laden; activity/type: WTT- HGV refrigerated (all diesel) / Articulated (>33t))"
SCOPE_3,ref_wtt_delivery_vehs_freight,wtt_hgv_refrigerated_all_diesel_articulated_33t_0_laden_miles,STANDARD,UK,miles,0.28327,"DEFRA/DESNZ 2024 full set (advanced users) — sheet 'WTT- delivery vehs & freight', row 81 (group: 0% Laden; activity/type: WTT- HGV refrigerated (all diesel) / Articulated (>33t))"
SCOPE_3,ref_wtt_delivery_vehs_freight,wtt_hgv_refrigerated_all_diesel_articulated_33t_50_laden_miles,STANDARD,UK,miles,0.37769,"DEFRA/DESNZ 2024 full set (advanced users) — sheet 'WTT- delivery vehs & freight', row 81 (group: 50% Laden; activity/type: WTT- HGV refrigerated (all diesel) / Articulated (>33t))"
SCOPE_3,ref_wtt_delivery_vehs_freight,wtt_hgv_refrigerated_all_diesel_articulated_33t_100_laden_miles,STANDARD,UK,miles,0.47212,"DEFRA/DESNZ 2024 full set (advanced users) — sheet 'WTT- delivery vehs & freight', row 81 (group: 100% Laden; activity/type: WTT- HGV refrigerated (all diesel) / Articulated (>33t))"
SCOPE_3,ref_wtt_delivery_vehs_freight,wtt_hgv_refrigerated_all_diesel_articulated_33t_average_laden_miles,STANDARD,UK,miles,0.41169,"DEFRA/DESNZ 2024 full set (advanced users) — sheet 'WTT- delivery vehs & freight', row 81 (group: Average laden; activity/type: WTT- HGV refrigerated (all diesel) / Articulated (>33t))"
SCOPE_3,ref_wtt_delivery_vehs_freight,wtt_hgv_refrigerated_all_diesel_all_artics_50_laden_tonne_km,STANDARD,UK,tonne.km,0.02617,"DEFRA/DESNZ 2024 full set (advanced users) — sheet 'WTT- delivery vehs & freight', row 82 (group: 50% Laden; activity/type: WTT- HGV refrigerated (all diesel) / All artics)"
SCOPE_3,ref_wtt_delivery_vehs_freight,wtt_hgv_refrigerated_all_diesel_all_artics_100_laden_tonne_km,STANDARD,UK,tonne.km,0.01634,"DEFRA/DESNZ 2024 full set (advanced users) — sheet 'WTT- delivery vehs & freight', row 82 (group: 100% Laden; activity/type: WTT- HGV refrigerated (all diesel) / All artics)"
SCOPE_3,ref_wtt_delivery_vehs_freight,wtt_hgv_refrigerated_all_diesel_all_artics_average_laden_tonne_km,STANDARD,UK,tonne.km,0.02114,"DEFRA/DESNZ 2024 full set (advanced users) — sheet 'WTT- delivery vehs & freight', row 82 (group: Average laden; activity/type: WTT- HGV refrigerated (all diesel) / All artics)"
SCOPE_3,ref_wtt_delivery_vehs_freight,wtt_hgv_refrigerated_all_diesel_all_artics_0_laden_km,STANDARD,UK,km,0.17583,"DEFRA/DESNZ 2024 full set (advanced users) — sheet 'WTT- delivery vehs & freight', row 83 (group: 0% Laden; activity/type: WTT- HGV refrigerated (all diesel) / All artics)"
SCOPE_3,ref_wtt_delivery_vehs_freight,wtt_hgv_refrigerated_all_diesel_all_artics_50_laden_km,STANDARD,UK,km,0.23379,"DEFRA/DESNZ 2024 full set (advanced users) — sheet 'WTT- delivery vehs & freight', row 83 (group: 50% Laden; activity/type: WTT- HGV refrigerated (all diesel) / All artics)"
SCOPE_3,ref_wtt_delivery_vehs_freight,wtt_hgv_refrigerated_all_diesel_all_artics_100_laden_km,STANDARD,UK,km,0.29175,"DEFRA/DESNZ 2024 full set (advanced users) — sheet 'WTT- delivery vehs & freight', row 83 (group: 100% Laden; activity/type: WTT- HGV refrigerated (all diesel) / All artics)"
SCOPE_3,ref_wtt_delivery_vehs_freight,wtt_hgv_refrigerated_all_diesel_all_artics_average_laden_km,STANDARD,UK,km,0.25395,"DEFRA/DESNZ 2024 full set (advanced users) — sheet 'WTT- delivery vehs & freight', row 83 (group: Average laden; activity/type: WTT- HGV refrigerated (all diesel) / All artics)"
SCOPE_3,ref_wtt_delivery_vehs_freight,wtt_hgv_refrigerated_all_diesel_all_artics_0_laden_miles,STANDARD,UK,miles,0.28297,"DEFRA/DESNZ 2024 full set (advanced users) — sheet 'WTT- delivery vehs & freight', row 84 (group: 0% Laden; activity/type: WTT- HGV refrigerated (all diesel) / All artics)"
SCOPE_3,ref_wtt_delivery_vehs_freight,wtt_hgv_refrigerated_all_diesel_all_artics_50_laden_miles,STANDARD,UK,miles,0.37625,"DEFRA/DESNZ 2024 full set (advanced users) — sheet 'WTT- delivery vehs & freight', row 84 (group: 50% Laden; activity/type: WTT- HGV refrigerated (all diesel) / All artics)"
SCOPE_3,ref_wtt_delivery_vehs_freight,wtt_hgv_refrigerated_all_diesel_all_artics_100_laden_miles,STANDARD,UK,miles,0.46952,"DEFRA/DESNZ 2024 full set (advanced users) — sheet 'WTT- delivery vehs & freight', row 84 (group: 100% Laden; activity/type: WTT- HGV refrigerated (all diesel) / All artics)"
SCOPE_3,ref_wtt_delivery_vehs_freight,wtt_hgv_refrigerated_all_diesel_all_artics_average_laden_miles,STANDARD,UK,miles,0.40869,"DEFRA/DESNZ 2024 full set (advanced users) — sheet 'WTT- delivery vehs & freight', row 84 (group: Average laden; activity/type: WTT- HGV refrigerated (all diesel) / All artics)"
SCOPE_3,ref_wtt_delivery_vehs_freight,wtt_hgv_refrigerated_all_diesel_all_hgvs_50_laden_tonne_km,STANDARD,UK,tonne.km,0.03387,"DEFRA/DESNZ 2024 full set (advanced users) — sheet 'WTT- delivery vehs & freight', row 85 (group: 50% Laden; activity/type: WTT- HGV refrigerated (all diesel) / All HGVs)"
SCOPE_3,ref_wtt_delivery_vehs_freight,wtt_hgv_refrigerated_all_diesel_all_hgvs_100_laden_tonne_km,STANDARD,UK,tonne.km,0.02062,"DEFRA/DESNZ 2024 full set (advanced users) — sheet 'WTT- delivery vehs & freight', row 85 (group: 100% Laden; activity/type: WTT- HGV refrigerated (all diesel) / All HGVs)"
SCOPE_3,ref_wtt_delivery_vehs_freight,wtt_hgv_refrigerated_all_diesel_all_hgvs_average_laden_tonne_km,STANDARD,UK,tonne.km,0.02769,"DEFRA/DESNZ 2024 full set (advanced users) — sheet 'WTT- delivery vehs & freight', row 85 (group: Average laden; activity/type: WTT- HGV refrigerated (all diesel) / All HGVs)"
SCOPE_3,ref_wtt_delivery_vehs_freight,wtt_hgv_refrigerated_all_diesel_all_hgvs_0_laden_km,STANDARD,UK,km,0.1822,"DEFRA/DESNZ 2024 full set (advanced users) — sheet 'WTT- delivery vehs & freight', row 86 (group: 0% Laden; activity/type: WTT- HGV refrigerated (all diesel) / All HGVs)"
SCOPE_3,ref_wtt_delivery_vehs_freight,wtt_hgv_refrigerated_all_diesel_all_hgvs_50_laden_km,STANDARD,UK,km,0.23157,"DEFRA/DESNZ 2024 full set (advanced users) — sheet 'WTT- delivery vehs & freight', row 86 (group: 50% Laden; activity/type: WTT- HGV refrigerated (all diesel) / All HGVs)"
SCOPE_3,ref_wtt_delivery_vehs_freight,wtt_hgv_refrigerated_all_diesel_all_hgvs_100_laden_km,STANDARD,UK,km,0.28095,"DEFRA/DESNZ 2024 full set (advanced users) — sheet 'WTT- delivery vehs & freight', row 86 (group: 100% Laden; activity/type: WTT- HGV refrigerated (all diesel) / All HGVs)"
SCOPE_3,ref_wtt_delivery_vehs_freight,wtt_hgv_refrigerated_all_diesel_all_hgvs_average_laden_km,STANDARD,UK,km,0.24824,"DEFRA/DESNZ 2024 full set (advanced users) — sheet 'WTT- delivery vehs & freight', row 86 (group: Average laden; activity/type: WTT- HGV refrigerated (all diesel) / All HGVs)"
SCOPE_3,ref_wtt_delivery_vehs_freight,wtt_hgv_refrigerated_all_diesel_all_hgvs_0_laden_miles,STANDARD,UK,miles,0.29322,"DEFRA/DESNZ 2024 full set (advanced users) — sheet 'WTT- delivery vehs & freight', row 87 (group: 0% Laden; activity/type: WTT- HGV refrigerated (all diesel) / All HGVs)"
SCOPE_3,ref_wtt_delivery_vehs_freight,wtt_hgv_refrigerated_all_diesel_all_hgvs_50_laden_miles,STANDARD,UK,miles,0.37268,"DEFRA/DESNZ 2024 full set (advanced users) — sheet 'WTT- delivery vehs & freight', row 87 (group: 50% Laden; activity/type: WTT- HGV refrigerated (all diesel) / All HGVs)"
SCOPE_3,ref_wtt_delivery_vehs_freight,wtt_hgv_refrigerated_all_diesel_all_hgvs_100_laden_miles,STANDARD,UK,miles,0.45215,"DEFRA/DESNZ 2024 full set (advanced users) — sheet 'WTT- delivery vehs & freight', row 87 (group: 100% Laden; activity/type: WTT- HGV refrigerated (all diesel) / All HGVs)"
SCOPE_3,ref_wtt_delivery_vehs_freight,wtt_hgv_refrigerated_all_diesel_all_hgvs_average_laden_miles,STANDARD,UK,miles,0.3995,"DEFRA/DESNZ 2024 full set (advanced users) — sheet 'WTT- delivery vehs & freight', row 87 (group: Average laden; activity/type: WTT- HGV refrigerated (all diesel) / All HGVs)"
SCOPE_3,ref_wtt_delivery_vehs_freight,wtt_freight_flights_domestic_to_from_uk_with_rf_tonne_km,STANDARD,UK,tonne.km,0.57429,"DEFRA/DESNZ 2024 full set (advanced users) — sheet 'WTT- delivery vehs & freight', row 92 (group: With RF; activity/type: WTT- freight flights / Domestic, to/from UK)"
SCOPE_3,ref_wtt_delivery_vehs_freight,wtt_freight_flights_domestic_to_from_uk_without_rf_tonne_km,STANDARD,UK,tonne.km,0.57429,"DEFRA/DESNZ 2024 full set (advanced users) — sheet 'WTT- delivery vehs & freight', row 92 (group: Without RF; activity/type: WTT- freight flights / Domestic, to/from UK)"
SCOPE_3,ref_wtt_delivery_vehs_freight,wtt_freight_flights_short_haul_to_from_uk_with_rf_tonne_km,STANDARD,UK,tonne.km,0.20515,"DEFRA/DESNZ 2024 full set (advanced users) — sheet 'WTT- delivery vehs & freight', row 93 (group: With RF; activity/type: WTT- freight flights / Short-haul, to/from UK)"
SCOPE_3,ref_wtt_delivery_vehs_freight,wtt_freight_flights_short_haul_to_from_uk_without_rf_tonne_km,STANDARD,UK,tonne.km,0.20515,"DEFRA/DESNZ 2024 full set (advanced users) — sheet 'WTT- delivery vehs & freight', row 93 (group: Without RF; activity/type: WTT- freight flights / Short-haul, to/from UK)"
SCOPE_3,ref_wtt_delivery_vehs_freight,wtt_freight_flights_long_haul_to_from_uk_with_rf_tonne_km,STANDARD,UK,tonne.km,0.13516,"DEFRA/DESNZ 2024 full set (advanced users) — sheet 'WTT- delivery vehs & freight', row 94 (group: With RF; activity/type: WTT- freight flights / Long-haul, to/from UK)"
SCOPE_3,ref_wtt_delivery_vehs_freight,wtt_freight_flights_long_haul_to_from_uk_without_rf_tonne_km,STANDARD,UK,tonne.km,0.13516,"DEFRA/DESNZ 2024 full set (advanced users) — sheet 'WTT- delivery vehs & freight', row 94 (group: Without RF; activity/type: WTT- freight flights / Long-haul, to/from UK)"
SCOPE_3,ref_wtt_delivery_vehs_freight,wtt_freight_flights_international_to_from_non_uk_with_rf_tonne_km,STANDARD,UK,tonne.km,0.13516,"DEFRA/DESNZ 2024 full set (advanced users) — sheet 'WTT- delivery vehs & freight', row 95 (group: With RF; activity/type: WTT- freight flights / International, to/from non-UK)"
SCOPE_3,ref_wtt_delivery_vehs_freight,wtt_freight_flights_international_to_from_non_uk_without_rf_tonne_km,STANDARD,UK,tonne.km,0.13516,"DEFRA/DESNZ 2024 full set (advanced users) — sheet 'WTT- delivery vehs & freight', row 95 (group: Without RF; activity/type: WTT- freight flights / International, to/from non-UK)"
SCOPE_3,ref_wtt_delivery_vehs_freight,wtt_rail_freight_train_tonne_km,STANDARD,UK,tonne.km,0.00691,"DEFRA/DESNZ 2024 full set (advanced users) — sheet 'WTT- delivery vehs & freight', row 100 (activity/type: WTT- rail / Freight train)"
SCOPE_3,ref_wtt_delivery_vehs_freight,wtt_sea_tanker_crude_tanker_200_000_dwt_tonne_km,STANDARD,UK,tonne.km,0.00067,"DEFRA/DESNZ 2024 full set (advanced users) — sheet 'WTT- delivery vehs & freight', row 105 (activity/type: WTT- sea tanker / Crude tanker / 200,000+ dwt)"
SCOPE_3,ref_wtt_delivery_vehs_freight,wtt_sea_tanker_crude_tanker_120_000_199_999_dwt_tonne_km,STANDARD,UK,tonne.km,0.00101,"DEFRA/DESNZ 2024 full set (advanced users) — sheet 'WTT- delivery vehs & freight', row 106 (activity/type: WTT- sea tanker / Crude tanker / 120,000–199,999 dwt)"
SCOPE_3,ref_wtt_delivery_vehs_freight,wtt_sea_tanker_crude_tanker_80_000_119_999_dwt_tonne_km,STANDARD,UK,tonne.km,0.00135,"DEFRA/DESNZ 2024 full set (advanced users) — sheet 'WTT- delivery vehs & freight', row 107 (activity/type: WTT- sea tanker / Crude tanker / 80,000–119,999 dwt)"
SCOPE_3,ref_wtt_delivery_vehs_freight,wtt_sea_tanker_crude_tanker_60_000_79_999_dwt_tonne_km,STANDARD,UK,tonne.km,0.00172,"DEFRA/DESNZ 2024 full set (advanced users) — sheet 'WTT- delivery vehs & freight', row 108 (activity/type: WTT- sea tanker / Crude tanker / 60,000–79,999 dwt)"
SCOPE_3,ref_wtt_delivery_vehs_freight,wtt_sea_tanker_crude_tanker_10_000_59_999_dwt_tonne_km,STANDARD,UK,tonne.km,0.00209,"DEFRA/DESNZ 2024 full set (advanced users) — sheet 'WTT- delivery vehs & freight', row 109 (activity/type: WTT- sea tanker / Crude tanker / 10,000–59,999 dwt)"
SCOPE_3,ref_wtt_delivery_vehs_freight,wtt_sea_tanker_crude_tanker_0_9999_dwt_tonne_km,STANDARD,UK,tonne.km,0.00764,"DEFRA/DESNZ 2024 full set (advanced users) — sheet 'WTT- delivery vehs & freight', row 110 (activity/type: WTT- sea tanker / Crude tanker / 0–9999 dwt)"
SCOPE_3,ref_wtt_delivery_vehs_freight,wtt_sea_tanker_crude_tanker_average_tonne_km,STANDARD,UK,tonne.km,0.00104,"DEFRA/DESNZ 2024 full set (advanced users) — sheet 'WTT- delivery vehs & freight', row 111 (activity/type: WTT- sea tanker / Crude tanker / Average)"
SCOPE_3,ref_wtt_delivery_vehs_freight,wtt_sea_tanker_products_tanker_60_000_dwt_tonne_km,STANDARD,UK,tonne.km,0.00131,"DEFRA/DESNZ 2024 full set (advanced users) — sheet 'WTT- delivery vehs & freight', row 112 (activity/type: WTT- sea tanker / Products tanker  / 60,000+ dwt)"
SCOPE_3,ref_wtt_delivery_vehs_freight,wtt_sea_tanker_products_tanker_20_000_59_999_dwt_tonne_km,STANDARD,UK,tonne.km,0.00236,"DEFRA/DESNZ 2024 full set (advanced users) — sheet 'WTT- delivery vehs & freight', row 113 (activity/type: WTT- sea tanker / Products tanker  / 20,000–59,999 dwt)"
SCOPE_3,ref_wtt_delivery_vehs_freight,wtt_sea_tanker_products_tanker_10_000_19_999_dwt_tonne_km,STANDARD,UK,tonne.km,0.00429,"DEFRA/DESNZ 2024 full set (advanced users) — sheet 'WTT- delivery vehs & freight', row 114 (activity/type: WTT- sea tanker / Products tanker  / 10,000–19,999 dwt)"
SCOPE_3,ref_wtt_delivery_vehs_freight,wtt_sea_tanker_products_tanker_5000_9999_dwt_tonne_km,STANDARD,UK,tonne.km,0.0067,"DEFRA/DESNZ 2024 full set (advanced users) — sheet 'WTT- delivery vehs & freight', row 115 (activity/type: WTT- sea tanker / Products tanker  / 5000–9999 dwt)"
SCOPE_3,ref_wtt_delivery_vehs_freight,wtt_sea_tanker_products_tanker_0_4999_dwt_tonne_km,STANDARD,UK,tonne.km,0.01033,"DEFRA/DESNZ 2024 full set (advanced users) — sheet 'WTT- delivery vehs & freight', row 116 (activity/type: WTT- sea tanker / Products tanker  / 0–4999 dwt)"
SCOPE_3,ref_wtt_delivery_vehs_freight,wtt_sea_tanker_products_tanker_average_tonne_km,STANDARD,UK,tonne.km,0.00205,"DEFRA/DESNZ 2024 full set (advanced users) — sheet 'WTT- delivery vehs & freight', row 117 (activity/type: WTT- sea tanker / Products tanker  / Average)"
SCOPE_3,ref_wtt_delivery_vehs_freight,wtt_sea_tanker_chemical_tanker_20_000_dwt_tonne_km,STANDARD,UK,tonne.km,0.00193,"DEFRA/DESNZ 2024 full set (advanced users) — sheet 'WTT- delivery vehs & freight', row 118 (activity/type: WTT- sea tanker / Chemical tanker  / 20,000+ dwt)"
SCOPE_3,ref_wtt_delivery_vehs_freight,wtt_sea_tanker_chemical_tanker_10_000_19_999_dwt_tonne_km,STANDARD,UK,tonne.km,0.00248,"DEFRA/DESNZ 2024 full set (advanced users) — sheet 'WTT- delivery vehs & freight', row 119 (activity/type: WTT- sea tanker / Chemical tanker  / 10,000–19,999 dwt)"
SCOPE_3,ref_wtt_delivery_vehs_freight,wtt_sea_tanker_chemical_tanker_5000_9999_dwt_tonne_km,STANDARD,UK,tonne.km,0.00347,"DEFRA/DESNZ 2024 full set (advanced users) — sheet 'WTT- delivery vehs & freight', row 120 (activity/type: WTT- sea tanker / Chemical tanker  / 5000–9999 dwt)"
SCOPE_3,ref_wtt_delivery_vehs_freight,wtt_sea_tanker_chemical_tanker_0_4999_dwt_tonne_km,STANDARD,UK,tonne.km,0.0051,"DEFRA/DESNZ 2024 full set (advanced users) — sheet 'WTT- delivery vehs & freight', row 121 (activity/type: WTT- sea tanker / Chemical tanker  / 0–4999 dwt)"
SCOPE_3,ref_wtt_delivery_vehs_freight,wtt_sea_tanker_chemical_tanker_average_tonne_km,STANDARD,UK,tonne.km,0.00234,"DEFRA/DESNZ 2024 full set (advanced users) — sheet 'WTT- delivery vehs & freight', row 122 (activity/type: WTT- sea tanker / Chemical tanker  / Average)"
SCOPE_3,ref_wtt_delivery_vehs_freight,wtt_sea_tanker_lng_tanker_200_000_m3_tonne_km,STANDARD,UK,tonne.km,0.00214,"DEFRA/DESNZ 2024 full set (advanced users) — sheet 'WTT- delivery vehs & freight', row 123 (activity/type: WTT- sea tanker / LNG tanker / 200,000+ m3)"
SCOPE_3,ref_wtt_delivery_vehs_freight,wtt_sea_tanker_lng_tanker_0_199_999_m3_tonne_km,STANDARD,UK,tonne.km,0.00333,"DEFRA/DESNZ 2024 full set (advanced users) — sheet 'WTT- delivery vehs & freight', row 124 (activity/type: WTT- sea tanker / LNG tanker / 0–199,999 m3)"
SCOPE_3,ref_wtt_delivery_vehs_freight,wtt_sea_tanker_lng_tanker_average_tonne_km,STANDARD,UK,tonne.km,0.00262,"DEFRA/DESNZ 2024 full set (advanced users) — sheet 'WTT- delivery vehs & freight', row 125 (activity/type: WTT- sea tanker / LNG tanker / Average)"
SCOPE_3,ref_wtt_delivery_vehs_freight,wtt_sea_tanker_lpg_tanker_50_000_m3_tonne_km,STANDARD,UK,tonne.km,0.00207,"DEFRA/DESNZ 2024 full set (advanced users) — sheet 'WTT- delivery vehs & freight', row 126 (activity/type: WTT- sea tanker / LPG tanker / 50,000+ m3)"
SCOPE_3,ref_wtt_delivery_vehs_freight,wtt_sea_tanker_lpg_tanker_0_49_999_m3_tonne_km,STANDARD,UK,tonne.km,0.00999,"DEFRA/DESNZ 2024 full set (advanced users) — sheet 'WTT- delivery vehs & freight', row 127 (activity/type: WTT- sea tanker / LPG tanker / 0–49,999 m3)"
SCOPE_3,ref_wtt_delivery_vehs_freight,wtt_sea_tanker_lpg_tanker_average_tonne_km,STANDARD,UK,tonne.km,0.00235,"DEFRA/DESNZ 2024 full set (advanced users) — sheet 'WTT- delivery vehs & freight', row 128 (activity/type: WTT- sea tanker / LPG tanker / Average)"
SCOPE_3,ref_wtt_delivery_vehs_freight,wtt_cargo_ship_bulk_carrier_200_000_dwt_tonne_km,STANDARD,UK,tonne.km,0.00057,"DEFRA/DESNZ 2024 full set (advanced users) — sheet 'WTT- delivery vehs & freight', row 133 (activity/type: WTT- cargo ship / Bulk carrier / 200,000+ dwt)"
SCOPE_3,ref_wtt_delivery_vehs_freight,wtt_cargo_ship_bulk_carrier_100_000_199_999_dwt_tonne_km,STANDARD,UK,tonne.km,0.00069,"DEFRA/DESNZ 2024 full set (advanced users) — sheet 'WTT- delivery vehs & freight', row 134 (activity/type: WTT- cargo ship / Bulk carrier / 100,000–199,999 dwt)"
SCOPE_3,ref_wtt_delivery_vehs_freight,wtt_cargo_ship_bulk_carrier_60_000_99_999_dwt_tonne_km,STANDARD,UK,tonne.km,0.00094,"DEFRA/DESNZ 2024 full set (advanced users) — sheet 'WTT- delivery vehs & freight', row 135 (activity/type: WTT- cargo ship / Bulk carrier / 60,000–99,999 dwt)"
SCOPE_3,ref_wtt_delivery_vehs_freight,wtt_cargo_ship_bulk_carrier_35_000_59_999_dwt_tonne_km,STANDARD,UK,tonne.km,0.00131,"DEFRA/DESNZ 2024 full set (advanced users) — sheet 'WTT- delivery vehs & freight', row 136 (activity/type: WTT- cargo ship / Bulk carrier / 35,000–59,999 dwt)"
SCOPE_3,ref_wtt_delivery_vehs_freight,wtt_cargo_ship_bulk_carrier_10_000_34_999_dwt_tonne_km,STANDARD,UK,tonne.km,0.00181,"DEFRA/DESNZ 2024 full set (advanced users) — sheet 'WTT- delivery vehs & freight', row 137 (activity/type: WTT- cargo ship / Bulk carrier / 10,000–34,999 dwt)"
SCOPE_3,ref_wtt_delivery_vehs_freight,wtt_cargo_ship_bulk_carrier_0_9999_dwt_tonne_km,STANDARD,UK,tonne.km,0.0067,"DEFRA/DESNZ 2024 full set (advanced users) — sheet 'WTT- delivery vehs & freight', row 138 (activity/type: WTT- cargo ship / Bulk carrier / 0–9999 dwt)"
SCOPE_3,ref_wtt_delivery_vehs_freight,wtt_cargo_ship_bulk_carrier_average_tonne_km,STANDARD,UK,tonne.km,0.0008,"DEFRA/DESNZ 2024 full set (advanced users) — sheet 'WTT- delivery vehs & freight', row 139 (activity/type: WTT- cargo ship / Bulk carrier / Average)"
SCOPE_3,ref_wtt_delivery_vehs_freight,wtt_cargo_ship_general_cargo_10_000_dwt_tonne_km,STANDARD,UK,tonne.km,0.00273,"DEFRA/DESNZ 2024 full set (advanced users) — sheet 'WTT- delivery vehs & freight', row 140 (activity/type: WTT- cargo ship / General cargo / 10,000+ dwt)"
SCOPE_3,ref_wtt_delivery_vehs_freight,wtt_cargo_ship_general_cargo_5000_9999_dwt_tonne_km,STANDARD,UK,tonne.km,0.00363,"DEFRA/DESNZ 2024 full set (advanced users) — sheet 'WTT- delivery vehs & freight', row 141 (activity/type: WTT- cargo ship / General cargo / 5000–9999 dwt)"
SCOPE_3,ref_wtt_delivery_vehs_freight,wtt_cargo_ship_general_cargo_0_4999_dwt_tonne_km,STANDARD,UK,tonne.km,0.00319,"DEFRA/DESNZ 2024 full set (advanced users) — sheet 'WTT- delivery vehs & freight', row 142 (activity/type: WTT- cargo ship / General cargo / 0–4999 dwt)"
SCOPE_3,ref_wtt_delivery_vehs_freight,wtt_cargo_ship_general_cargo_10_000_dwt_100_teu_tonne_km,STANDARD,UK,tonne.km,0.00253,"DEFRA/DESNZ 2024 full set (advanced users) — sheet 'WTT- delivery vehs & freight', row 143 (activity/type: WTT- cargo ship / General cargo / 10,000+ dwt 100+ TEU)"
SCOPE_3,ref_wtt_delivery_vehs_freight,wtt_cargo_ship_general_cargo_5000_9999_dwt_100_teu_tonne_km,STANDARD,UK,tonne.km,0.00402,"DEFRA/DESNZ 2024 full set (advanced users) — sheet 'WTT- delivery vehs & freight', row 144 (activity/type: WTT- cargo ship / General cargo / 5000–9999 dwt 100+ TEU)"
SCOPE_3,ref_wtt_delivery_vehs_freight,wtt_cargo_ship_general_cargo_0_4999_dwt_100_teu_tonne_km,STANDARD,UK,tonne.km,0.00455,"DEFRA/DESNZ 2024 full set (advanced users) — sheet 'WTT- delivery vehs & freight', row 145 (activity/type: WTT- cargo ship / General cargo / 0–4999 dwt 100+ TEU)"
SCOPE_3,ref_wtt_delivery_vehs_freight,wtt_cargo_ship_general_cargo_average_tonne_km,STANDARD,UK,tonne.km,0.003,"DEFRA/DESNZ 2024 full set (advanced users) — sheet 'WTT- delivery vehs & freight', row 146 (activity/type: WTT- cargo ship / General cargo / Average)"
SCOPE_3,ref_wtt_delivery_vehs_freight,wtt_cargo_ship_container_ship_8000_teu_tonne_km,STANDARD,UK,tonne.km,0.00287,"DEFRA/DESNZ 2024 full set (advanced users) — sheet 'WTT- delivery vehs & freight', row 147 (activity/type: WTT- cargo ship / Container ship / 8000+ TEU)"
SCOPE_3,ref_wtt_delivery_vehs_freight,wtt_cargo_ship_container_ship_5000_7999_teu_tonne_km,STANDARD,UK,tonne.km,0.00381,"DEFRA/DESNZ 2024 full set (advanced users) — sheet 'WTT- delivery vehs & freight', row 148 (activity/type: WTT- cargo ship / Container ship / 5000–7999 TEU)"
SCOPE_3,ref_wtt_delivery_vehs_freight,wtt_cargo_ship_container_ship_3000_4999_teu_tonne_km,STANDARD,UK,tonne.km,0.00381,"DEFRA/DESNZ 2024 full set (advanced users) — sheet 'WTT- delivery vehs & freight', row 149 (activity/type: WTT- cargo ship / Container ship / 3000–4999 TEU)"
SCOPE_3,ref_wtt_delivery_vehs_freight,wtt_cargo_ship_container_ship_2000_2999_teu_tonne_km,STANDARD,UK,tonne.km,0.00459,"DEFRA/DESNZ 2024 full set (advanced users) — sheet 'WTT- delivery vehs & freight', row 150 (activity/type: WTT- cargo ship / Container ship / 2000–2999 TEU)"
SCOPE_3,ref_wtt_delivery_vehs_freight,wtt_cargo_ship_container_ship_1000_1999_teu_tonne_km,STANDARD,UK,tonne.km,0.00737,"DEFRA/DESNZ 2024 full set (advanced users) — sheet 'WTT- delivery vehs & freight', row 151 (activity/type: WTT- cargo ship / Container ship / 1000–1999 TEU)"
SCOPE_3,ref_wtt_delivery_vehs_freight,wtt_cargo_ship_container_ship_0_999_teu_tonne_km,STANDARD,UK,tonne.km,0.00833,"DEFRA/DESNZ 2024 full set (advanced users) — sheet 'WTT- delivery vehs & freight', row 152 (activity/type: WTT- cargo ship / Container ship / 0–999 TEU)"
SCOPE_3,ref_wtt_delivery_vehs_freight,wtt_cargo_ship_container_ship_average_tonne_km,STANDARD,UK,tonne.km,0.00365,"DEFRA/DESNZ 2024 full set (advanced users) — sheet 'WTT- delivery vehs & freight', row 153 (activity/type: WTT- cargo ship / Container ship / Average)"
SCOPE_3,ref_wtt_delivery_vehs_freight,wtt_cargo_ship_vehicle_transport_4000_ceu_tonne_km,STANDARD,UK,tonne.km,0.00735,"DEFRA/DESNZ 2024 full set (advanced users) — sheet 'WTT- delivery vehs & freight', row 154 (activity/type: WTT- cargo ship / Vehicle transport / 4000+ CEU)"
SCOPE_3,ref_wtt_delivery_vehs_freight,wtt_cargo_ship_vehicle_transport_0_3999_ceu_tonne_km,STANDARD,UK,tonne.km,0.01322,"DEFRA/DESNZ 2024 full set (advanced users) — sheet 'WTT- delivery vehs & freight', row 155 (activity/type: WTT- cargo ship / Vehicle transport / 0–3999 CEU)"
SCOPE_3,ref_wtt_delivery_vehs_freight,wtt_cargo_ship_vehicle_transport_average_tonne_km,STANDARD,UK,tonne.km,0.00873,"DEFRA/DESNZ 2024 full set (advanced users) — sheet 'WTT- delivery vehs & freight', row 156 (activity/type: WTT- cargo ship / Vehicle transport / Average)"
SCOPE_3,ref_wtt_delivery_vehs_freight,wtt_cargo_ship_roro_ferry_2000_lm_tonne_km,STANDARD,UK,tonne.km,0.01136,"DEFRA/DESNZ 2024 full set (advanced users) — sheet 'WTT- delivery vehs & freight', row 157 (activity/type: WTT- cargo ship / RoRo-Ferry / 2000+ LM)"
SCOPE_3,ref_wtt_delivery_vehs_freight,wtt_cargo_ship_roro_ferry_0_1999_lm_tonne_km,STANDARD,UK,tonne.km,0.01384,"DEFRA/DESNZ 2024 full set (advanced users) — sheet 'WTT- delivery vehs & freight', row 158 (activity/type: WTT- cargo ship / RoRo-Ferry / 0–1999 LM)"
SCOPE_3,ref_wtt_delivery_vehs_freight,wtt_cargo_ship_roro_ferry_average_tonne_km,STANDARD,UK,tonne.km,0.0117,"DEFRA/DESNZ 2024 full set (advanced users) — sheet 'WTT- delivery vehs & freight', row 159 (activity/type: WTT- cargo ship / RoRo-Ferry / Average)"
SCOPE_3,ref_wtt_delivery_vehs_freight,wtt_cargo_ship_large_ropax_ferry_average_tonne_km,STANDARD,UK,tonne.km,0.08528,"DEFRA/DESNZ 2024 full set (advanced users) — sheet 'WTT- delivery vehs & freight', row 160 (activity/type: WTT- cargo ship / Large RoPax ferry / Average)"
SCOPE_3,ref_wtt_delivery_vehs_freight,wtt_cargo_ship_refrigerated_cargo_all_dwt_tonne_km,STANDARD,UK,tonne.km,0.00296,"DEFRA/DESNZ 2024 full set (advanced users) — sheet 'WTT- delivery vehs & freight', row 161 (activity/type: WTT- cargo ship / Refrigerated cargo /  All dwt)"
SCOPE_3,ref_hotel_stay,hotel_stay_uk_room_per_night,STANDARD,UK,Room per night,10.4,"DEFRA/DESNZ 2024 full set (advanced users) — sheet 'Hotel stay', row 22 (activity/type: Hotel stay / UK)"
SCOPE_3,ref_hotel_stay,hotel_stay_uk_london_room_per_night,STANDARD,UK,Room per night,11.5,"DEFRA/DESNZ 2024 full set (advanced users) — sheet 'Hotel stay', row 23 (activity/type: Hotel stay / UK (London))"
SCOPE_3,ref_hotel_stay,hotel_stay_australia_room_per_night,STANDARD,UK,Room per night,35,"DEFRA/DESNZ 2024 full set (advanced users) — sheet 'Hotel stay', row 29 (activity/type: Hotel stay / Australia)"
SCOPE_3,ref_hotel_stay,hotel_stay_belgium_room_per_night,STANDARD,UK,Room per night,12.2,"DEFRA/DESNZ 2024 full set (advanced users) — sheet 'Hotel stay', row 31 (activity/type: Hotel stay / Belgium)"
SCOPE_3,ref_hotel_stay,hotel_stay_brazil_room_per_night,STANDARD,UK,Room per night,8.7,"DEFRA/DESNZ 2024 full set (advanced users) — sheet 'Hotel stay', row 32 (activity/type: Hotel stay / Brazil)"
SCOPE_3,ref_hotel_stay,hotel_stay_canada_room_per_night,STANDARD,UK,Room per night,7.4,"DEFRA/DESNZ 2024 full set (advanced users) — sheet 'Hotel stay', row 33 (activity/type: Hotel stay / Canada)"
SCOPE_3,ref_hotel_stay,hotel_stay_chile_room_per_night,STANDARD,UK,Room per night,27.6,"DEFRA/DESNZ 2024 full set (advanced users) — sheet 'Hotel stay', row 34 (activity/type: Hotel stay / Chile)"
SCOPE_3,ref_hotel_stay,hotel_stay_china_room_per_night,STANDARD,UK,Room per night,53.5,"DEFRA/DESNZ 2024 full set (advanced users) — sheet 'Hotel stay', row 35 (activity/type: Hotel stay / China)"
SCOPE_3,ref_hotel_stay,hotel_stay_colombia_room_per_night,STANDARD,UK,Room per night,14.7,"DEFRA/DESNZ 2024 full set (advanced users) — sheet 'Hotel stay', row 36 (activity/type: Hotel stay / Colombia)"
SCOPE_3,ref_hotel_stay,hotel_stay_costa_rica_room_per_night,STANDARD,UK,Room per night,4.7,"DEFRA/DESNZ 2024 full set (advanced users) — sheet 'Hotel stay', row 37 (activity/type: Hotel stay / Costa Rica)"
SCOPE_3,ref_hotel_stay,hotel_stay_egypt_room_per_night,STANDARD,UK,Room per night,44.2,"DEFRA/DESNZ 2024 full set (advanced users) — sheet 'Hotel stay', row 39 (activity/type: Hotel stay / Egypt)"
SCOPE_3,ref_hotel_stay,hotel_stay_france_room_per_night,STANDARD,UK,Room per night,6.7,"DEFRA/DESNZ 2024 full set (advanced users) — sheet 'Hotel stay', row 42 (activity/type: Hotel stay / France)"
SCOPE_3,ref_hotel_stay,hotel_stay_germany_room_per_night,STANDARD,UK,Room per night,13.2,"DEFRA/DESNZ 2024 full set (advanced users) — sheet 'Hotel stay', row 43 (activity/type: Hotel stay / Germany)"
SCOPE_3,ref_hotel_stay,hotel_stay_hong_kong_china_room_per_night,STANDARD,UK,Room per night,51.5,"DEFRA/DESNZ 2024 full set (advanced users) — sheet 'Hotel stay', row 45 (activity/type: Hotel stay / Hong Kong, China)"
SCOPE_3,ref_hotel_stay,hotel_stay_india_room_per_night,STANDARD,UK,Room per night,58.9,"DEFRA/DESNZ 2024 full set (advanced users) — sheet 'Hotel stay', row 46 (activity/type: Hotel stay / India)"
SCOPE_3,ref_hotel_stay,hotel_stay_indonesia_room_per_night,STANDARD,UK,Room per night,62.7,"DEFRA/DESNZ 2024 full set (advanced users) — sheet 'Hotel stay', row 47 (activity/type: Hotel stay / Indonesia)"
SCOPE_3,ref_hotel_stay,hotel_stay_italy_room_per_night,STANDARD,UK,Room per night,14.3,"DEFRA/DESNZ 2024 full set (advanced users) — sheet 'Hotel stay', row 50 (activity/type: Hotel stay / Italy)"
SCOPE_3,ref_hotel_stay,hotel_stay_japan_room_per_night,STANDARD,UK,Room per night,39,"DEFRA/DESNZ 2024 full set (advanced users) — sheet 'Hotel stay', row 51 (activity/type: Hotel stay / Japan)"
SCOPE_3,ref_hotel_stay,hotel_stay_jordan_room_per_night,STANDARD,UK,Room per night,68.9,"DEFRA/DESNZ 2024 full set (advanced users) — sheet 'Hotel stay', row 52 (activity/type: Hotel stay / Jordan)"
SCOPE_3,ref_hotel_stay,hotel_stay_korea_room_per_night,STANDARD,UK,Room per night,55.8,"DEFRA/DESNZ 2024 full set (advanced users) — sheet 'Hotel stay', row 54 (activity/type: Hotel stay / Korea)"
SCOPE_3,ref_hotel_stay,hotel_stay_malaysia_room_per_night,STANDARD,UK,Room per night,61.5,"DEFRA/DESNZ 2024 full set (advanced users) — sheet 'Hotel stay', row 56 (activity/type: Hotel stay / Malaysia)"
SCOPE_3,ref_hotel_stay,hotel_stay_maldives_room_per_night,STANDARD,UK,Room per night,152.2,"DEFRA/DESNZ 2024 full set (advanced users) — sheet 'Hotel stay', row 57 (activity/type: Hotel stay / Maldives)"
SCOPE_3,ref_hotel_stay,hotel_stay_mexico_room_per_night,STANDARD,UK,Room per night,19.3,"DEFRA/DESNZ 2024 full set (advanced users) — sheet 'Hotel stay', row 58 (activity/type: Hotel stay / Mexico)"
SCOPE_3,ref_hotel_stay,hotel_stay_netherlands_room_per_night,STANDARD,UK,Room per night,14.8,"DEFRA/DESNZ 2024 full set (advanced users) — sheet 'Hotel stay', row 59 (activity/type: Hotel stay / Netherlands)"
SCOPE_3,ref_hotel_stay,hotel_stay_oman_room_per_night,STANDARD,UK,Room per night,90.3,"DEFRA/DESNZ 2024 full set (advanced users) — sheet 'Hotel stay', row 61 (activity/type: Hotel stay / Oman)"
SCOPE_3,ref_hotel_stay,hotel_stay_philippines_room_per_night,STANDARD,UK,Room per night,54.3,"DEFRA/DESNZ 2024 full set (advanced users) — sheet 'Hotel stay', row 64 (activity/type: Hotel stay / Philippines)"
SCOPE_3,ref_hotel_stay,hotel_stay_portugal_room_per_night,STANDARD,UK,Room per night,19,"DEFRA/DESNZ 2024 full set (advanced users) — sheet 'Hotel stay', row 66 (activity/type: Hotel stay / Portugal)"
SCOPE_3,ref_hotel_stay,hotel_stay_qatar_room_per_night,STANDARD,UK,Room per night,86.2,"DEFRA/DESNZ 2024 full set (advanced users) — sheet 'Hotel stay', row 67 (activity/type: Hotel stay / Qatar)"
SCOPE_3,ref_hotel_stay,hotel_stay_russian_federation_room_per_night,STANDARD,UK,Room per night,24.2,"DEFRA/DESNZ 2024 full set (advanced users) — sheet 'Hotel stay', row 69 (activity/type: Hotel stay / Russian Federation)"
SCOPE_3,ref_hotel_stay,hotel_stay_saudi_arabia_room_per_night,STANDARD,UK,Room per night,106.4,"DEFRA/DESNZ 2024 full set (advanced users) — sheet 'Hotel stay', row 70 (activity/type: Hotel stay / Saudi Arabia)"
SCOPE_3,ref_hotel_stay,hotel_stay_singapore_room_per_night,STANDARD,UK,Room per night,24.5,"DEFRA/DESNZ 2024 full set (advanced users) — sheet 'Hotel stay', row 71 (activity/type: Hotel stay / Singapore)"
SCOPE_3,ref_hotel_stay,hotel_stay_south_africa_room_per_night,STANDARD,UK,Room per night,51.4,"DEFRA/DESNZ 2024 full set (advanced users) — sheet 'Hotel stay', row 72 (activity/type: Hotel stay / South Africa)"
SCOPE_3,ref_hotel_stay,hotel_stay_spain_room_per_night,STANDARD,UK,Room per night,7,"DEFRA/DESNZ 2024 full set (advanced users) — sheet 'Hotel stay', row 73 (activity/type: Hotel stay / Spain)"
SCOPE_3,ref_hotel_stay,hotel_stay_switzerland_room_per_night,STANDARD,UK,Room per night,6.6,"DEFRA/DESNZ 2024 full set (advanced users) — sheet 'Hotel stay', row 74 (activity/type: Hotel stay / Switzerland)"
SCOPE_3,ref_hotel_stay,hotel_stay_thailand_room_per_night,STANDARD,UK,Room per night,43.4,"DEFRA/DESNZ 2024 full set (advanced users) — sheet 'Hotel stay', row 76 (activity/type: Hotel stay / Thailand)"
SCOPE_3,ref_hotel_stay,hotel_stay_turkey_room_per_night,STANDARD,UK,Room per night,32.1,"DEFRA/DESNZ 2024 full set (advanced users) — sheet 'Hotel stay', row 77 (activity/type: Hotel stay / Turkey)"
SCOPE_3,ref_hotel_stay,hotel_stay_united_arab_emirates_room_per_night,STANDARD,UK,Room per night,63.8,"DEFRA/DESNZ 2024 full set (advanced users) — sheet 'Hotel stay', row 78 (activity/type: Hotel stay / United Arab Emirates)"
SCOPE_3,ref_hotel_stay,hotel_stay_united_states_room_per_night,STANDARD,UK,Room per night,16.1,"DEFRA/DESNZ 2024 full set (advanced users) — sheet 'Hotel stay', row 79 (activity/type: Hotel stay / United States)"
SCOPE_3,ref_hotel_stay,hotel_stay_vietnam_room_per_night,STANDARD,UK,Room per night,38.5,"DEFRA/DESNZ 2024 full set (advanced users) — sheet 'Hotel stay', row 80 (activity/type: Hotel stay / Vietnam)"
SCOPE_3,ref_managed_assets_electricity,electricity_generated_electricity_uk_kwh,STANDARD,UK,kWh,0.20705,"DEFRA/DESNZ 2024 full set (advanced users) — sheet 'Managed assets- electricity', row 19 (activity/type: Electricity generated / Electricity: UK)"
SCOPE_3,ref_managed_assets_vehicles,managed_cars_by_market_segment_mini_diesel_km,STANDARD,UK,km,0.10764,"DEFRA/DESNZ 2024 full set (advanced users) — sheet 'Managed assets- vehicles', row 25 (group: Diesel; activity/type: Managed cars (by market segment) / Mini)"
SCOPE_3,ref_managed_assets_vehicles,managed_cars_by_market_segment_mini_petrol_km,STANDARD,UK,km,0.13087,"DEFRA/DESNZ 2024 full set (advanced users) — sheet 'Managed assets- vehicles', row 25 (group: Petrol; activity/type: Managed cars (by market segment) / Mini)"
SCOPE_3,ref_managed_assets_vehicles,managed_cars_by_market_segment_mini_unknown_km,STANDARD,UK,km,0.13073,"DEFRA/DESNZ 2024 full set (advanced users) — sheet 'Managed assets- vehicles', row 25 (group: Unknown; activity/type: Managed cars (by market segment) / Mini)"
SCOPE_3,ref_managed_assets_vehicles,managed_cars_by_market_segment_mini_battery_electric_vehicle_km,STANDARD,UK,km,0.0385,"DEFRA/DESNZ 2024 full set (advanced users) — sheet 'Managed assets- vehicles', row 25 (group: Battery Electric Vehicle; activity/type: Managed cars (by market segment) / Mini)"
SCOPE_3,ref_managed_assets_vehicles,managed_cars_by_market_segment_mini_diesel_miles,STANDARD,UK,miles,0.17325,"DEFRA/DESNZ 2024 full set (advanced users) — sheet 'Managed assets- vehicles', row 26 (group: Diesel; activity/type: Managed cars (by market segment) / Mini)"
SCOPE_3,ref_managed_assets_vehicles,managed_cars_by_market_segment_mini_petrol_miles,STANDARD,UK,miles,0.21061,"DEFRA/DESNZ 2024 full set (advanced users) — sheet 'Managed assets- vehicles', row 26 (group: Petrol; activity/type: Managed cars (by market segment) / Mini)"
SCOPE_3,ref_managed_assets_vehicles,managed_cars_by_market_segment_mini_unknown_miles,STANDARD,UK,miles,0.21038,"DEFRA/DESNZ 2024 full set (advanced users) — sheet 'Managed assets- vehicles', row 26 (group: Unknown; activity/type: Managed cars (by market segment) / Mini)"
SCOPE_3,ref_managed_assets_vehicles,managed_cars_by_market_segment_mini_battery_electric_vehicle_miles,STANDARD,UK,miles,0.06196,"DEFRA/DESNZ 2024 full set (advanced users) — sheet 'Managed assets- vehicles', row 26 (group: Battery Electric Vehicle; activity/type: Managed cars (by market segment) / Mini)"
SCOPE_3,ref_managed_assets_vehicles,managed_cars_by_market_segment_supermini_diesel_km,STANDARD,UK,km,0.13178,"DEFRA/DESNZ 2024 full set (advanced users) — sheet 'Managed assets- vehicles', row 27 (group: Diesel; activity/type: Managed cars (by market segment) / Supermini)"
SCOPE_3,ref_managed_assets_vehicles,managed_cars_by_market_segment_supermini_petrol_km,STANDARD,UK,km,0.14387,"DEFRA/DESNZ 2024 full set (advanced users) — sheet 'Managed assets- vehicles', row 27 (group: Petrol; activity/type: Managed cars (by market segment) / Supermini)"
SCOPE_3,ref_managed_assets_vehicles,managed_cars_by_market_segment_supermini_unknown_km,STANDARD,UK,km,0.14256,"DEFRA/DESNZ 2024 full set (advanced users) — sheet 'Managed assets- vehicles', row 27 (group: Unknown; activity/type: Managed cars (by market segment) / Supermini)"
SCOPE_3,ref_managed_assets_vehicles,managed_cars_by_market_segment_supermini_plug_in_hybrid_electric_vehicle_km,STANDARD,UK,km,0.06078,"DEFRA/DESNZ 2024 full set (advanced users) — sheet 'Managed assets- vehicles', row 27 (group: Plug-in Hybrid Electric Vehicle; activity/type: Managed cars (by market segment) / Supermini)"
SCOPE_3,ref_managed_assets_vehicles,managed_cars_by_market_segment_supermini_battery_electric_vehicle_km,STANDARD,UK,km,0.0439,"DEFRA/DESNZ 2024 full set (advanced users) — sheet 'Managed assets- vehicles', row 27 (group: Battery Electric Vehicle; activity/type: Managed cars (by market segment) / Supermini)"
SCOPE_3,ref_managed_assets_vehicles,managed_cars_by_market_segment_supermini_diesel_miles,STANDARD,UK,miles,0.21209,"DEFRA/DESNZ 2024 full set (advanced users) — sheet 'Managed assets- vehicles', row 28 (group: Diesel; activity/type: Managed cars (by market segment) / Supermini)"
SCOPE_3,ref_managed_assets_vehicles,managed_cars_by_market_segment_supermini_petrol_miles,STANDARD,UK,miles,0.23153,"DEFRA/DESNZ 2024 full set (advanced users) — sheet 'Managed assets- vehicles', row 28 (group: Petrol; activity/type: Managed cars (by market segment) / Supermini)"
SCOPE_3,ref_managed_assets_vehicles,managed_cars_by_market_segment_supermini_unknown_miles,STANDARD,UK,miles,0.22942,"DEFRA/DESNZ 2024 full set (advanced users) — sheet 'Managed assets- vehicles', row 28 (group: Unknown; activity/type: Managed cars (by market segment) / Supermini)"
SCOPE_3,ref_managed_assets_vehicles,managed_cars_by_market_segment_supermini_plug_in_hybrid_electric_vehicle_miles,STANDARD,UK,miles,0.09782,"DEFRA/DESNZ 2024 full set (advanced users) — sheet 'Managed assets- vehicles', row 28 (group: Plug-in Hybrid Electric Vehicle; activity/type: Managed cars (by market segment) / Supermini)"
SCOPE_3,ref_managed_assets_vehicles,managed_cars_by_market_segment_supermini_battery_electric_vehicle_miles,STANDARD,UK,miles,0.07065,"DEFRA/DESNZ 2024 full set (advanced users) — sheet 'Managed assets- vehicles', row 28 (group: Battery Electric Vehicle; activity/type: Managed cars (by market segment) / Supermini)"
SCOPE_3,ref_managed_assets_vehicles,managed_cars_by_market_segment_lower_medium_diesel_km,STANDARD,UK,km,0.14288,"DEFRA/DESNZ 2024 full set (advanced users) — sheet 'Managed assets- vehicles', row 29 (group: Diesel; activity/type: Managed cars (by market segment) / Lower medium)"
SCOPE_3,ref_managed_assets_vehicles,managed_cars_by_market_segment_lower_medium_petrol_km,STANDARD,UK,km,0.16392,"DEFRA/DESNZ 2024 full set (advanced users) — sheet 'Managed assets- vehicles', row 29 (group: Petrol; activity/type: Managed cars (by market segment) / Lower medium)"
SCOPE_3,ref_managed_assets_vehicles,managed_cars_by_market_segment_lower_medium_unknown_km,STANDARD,UK,km,0.15504,"DEFRA/DESNZ 2024 full set (advanced users) — sheet 'Managed assets- vehicles', row 29 (group: Unknown; activity/type: Managed cars (by market segment) / Lower medium)"
SCOPE_3,ref_managed_assets_vehicles,managed_cars_by_market_segment_lower_medium_plug_in_hybrid_electric_vehicle_km,STANDARD,UK,km,0.08914,"DEFRA/DESNZ 2024 full set (advanced users) — sheet 'Managed assets- vehicles', row 29 (group: Plug-in Hybrid Electric Vehicle; activity/type: Managed cars (by market segment) / Lower medium)"
SCOPE_3,ref_managed_assets_vehicles,managed_cars_by_market_segment_lower_medium_battery_electric_vehicle_km,STANDARD,UK,km,0.04615,"DEFRA/DESNZ 2024 full set (advanced users) — sheet 'Managed assets- vehicles', row 29 (group: Battery Electric Vehicle; activity/type: Managed cars (by market segment) / Lower medium)"
SCOPE_3,ref_managed_assets_vehicles,managed_cars_by_market_segment_lower_medium_diesel_miles,STANDARD,UK,miles,0.22996,"DEFRA/DESNZ 2024 full set (advanced users) — sheet 'Managed assets- vehicles', row 30 (group: Diesel; activity/type: Managed cars (by market segment) / Lower medium)"
SCOPE_3,ref_managed_assets_vehicles,managed_cars_by_market_segment_lower_medium_petrol_miles,STANDARD,UK,miles,0.2638,"DEFRA/DESNZ 2024 full set (advanced users) — sheet 'Managed assets- vehicles', row 30 (group: Petrol; activity/type: Managed cars (by market segment) / Lower medium)"
SCOPE_3,ref_managed_assets_vehicles,managed_cars_by_market_segment_lower_medium_unknown_miles,STANDARD,UK,miles,0.24951,"DEFRA/DESNZ 2024 full set (advanced users) — sheet 'Managed assets- vehicles', row 30 (group: Unknown; activity/type: Managed cars (by market segment) / Lower medium)"
SCOPE_3,ref_managed_assets_vehicles,managed_cars_by_market_segment_lower_medium_plug_in_hybrid_electric_vehicle_miles,STANDARD,UK,miles,0.14346,"DEFRA/DESNZ 2024 full set (advanced users) — sheet 'Managed assets- vehicles', row 30 (group: Plug-in Hybrid Electric Vehicle; activity/type: Managed cars (by market segment) / Lower medium)"
SCOPE_3,ref_managed_assets_vehicles,managed_cars_by_market_segment_lower_medium_battery_electric_vehicle_miles,STANDARD,UK,miles,0.07428,"DEFRA/DESNZ 2024 full set (advanced users) — sheet 'Managed assets- vehicles', row 30 (group: Battery Electric Vehicle; activity/type: Managed cars (by market segment) / Lower medium)"
SCOPE_3,ref_managed_assets_vehicles,managed_cars_by_market_segment_upper_medium_diesel_km,STANDARD,UK,km,0.16048,"DEFRA/DESNZ 2024 full set (advanced users) — sheet 'Managed assets- vehicles', row 31 (group: Diesel; activity/type: Managed cars (by market segment) / Upper medium)"
SCOPE_3,ref_managed_assets_vehicles,managed_cars_by_market_segment_upper_medium_petrol_km,STANDARD,UK,km,0.18953,"DEFRA/DESNZ 2024 full set (advanced users) — sheet 'Managed assets- vehicles', row 31 (group: Petrol; activity/type: Managed cars (by market segment) / Upper medium)"
SCOPE_3,ref_managed_assets_vehicles,managed_cars_by_market_segment_upper_medium_unknown_km,STANDARD,UK,km,0.16763,"DEFRA/DESNZ 2024 full set (advanced users) — sheet 'Managed assets- vehicles', row 31 (group: Unknown; activity/type: Managed cars (by market segment) / Upper medium)"
SCOPE_3,ref_managed_assets_vehicles,managed_cars_by_market_segment_upper_medium_plug_in_hybrid_electric_vehicle_km,STANDARD,UK,km,0.09706,"DEFRA/DESNZ 2024 full set (advanced users) — sheet 'Managed assets- vehicles', row 31 (group: Plug-in Hybrid Electric Vehicle; activity/type: Managed cars (by market segment) / Upper medium)"
SCOPE_3,ref_managed_assets_vehicles,managed_cars_by_market_segment_upper_medium_battery_electric_vehicle_km,STANDARD,UK,km,0.04707,"DEFRA/DESNZ 2024 full set (advanced users) — sheet 'Managed assets- vehicles', row 31 (group: Battery Electric Vehicle; activity/type: Managed cars (by market segment) / Upper medium)"
SCOPE_3,ref_managed_assets_vehicles,managed_cars_by_market_segment_upper_medium_diesel_miles,STANDARD,UK,miles,0.25827,"DEFRA/DESNZ 2024 full set (advanced users) — sheet 'Managed assets- vehicles', row 32 (group: Diesel; activity/type: Managed cars (by market segment) / Upper medium)"
SCOPE_3,ref_managed_assets_vehicles,managed_cars_by_market_segment_upper_medium_petrol_miles,STANDARD,UK,miles,0.30501,"DEFRA/DESNZ 2024 full set (advanced users) — sheet 'Managed assets- vehicles', row 32 (group: Petrol; activity/type: Managed cars (by market segment) / Upper medium)"
SCOPE_3,ref_managed_assets_vehicles,managed_cars_by_market_segment_upper_medium_unknown_miles,STANDARD,UK,miles,0.26975,"DEFRA/DESNZ 2024 full set (advanced users) — sheet 'Managed assets- vehicles', row 32 (group: Unknown; activity/type: Managed cars (by market segment) / Upper medium)"
SCOPE_3,ref_managed_assets_vehicles,managed_cars_by_market_segment_upper_medium_plug_in_hybrid_electric_vehicle_miles,STANDARD,UK,miles,0.1562,"DEFRA/DESNZ 2024 full set (advanced users) — sheet 'Managed assets- vehicles', row 32 (group: Plug-in Hybrid Electric Vehicle; activity/type: Managed cars (by market segment) / Upper medium)"
SCOPE_3,ref_managed_assets_vehicles,managed_cars_by_market_segment_upper_medium_battery_electric_vehicle_miles,STANDARD,UK,miles,0.07574,"DEFRA/DESNZ 2024 full set (advanced users) — sheet 'Managed assets- vehicles', row 32 (group: Battery Electric Vehicle; activity/type: Managed cars (by market segment) / Upper medium)"
SCOPE_3,ref_managed_assets_vehicles,managed_cars_by_market_segment_executive_diesel_km,STANDARD,UK,km,0.17001,"DEFRA/DESNZ 2024 full set (advanced users) — sheet 'Managed assets- vehicles', row 33 (group: Diesel; activity/type: Managed cars (by market segment) / Executive)"
SCOPE_3,ref_managed_assets_vehicles,managed_cars_by_market_segment_executive_petrol_km,STANDARD,UK,km,0.20817,"DEFRA/DESNZ 2024 full set (advanced users) — sheet 'Managed assets- vehicles', row 33 (group: Petrol; activity/type: Managed cars (by market segment) / Executive)"
SCOPE_3,ref_managed_assets_vehicles,managed_cars_by_market_segment_executive_unknown_km,STANDARD,UK,km,0.17929,"DEFRA/DESNZ 2024 full set (advanced users) — sheet 'Managed assets- vehicles', row 33 (group: Unknown; activity/type: Managed cars (by market segment) / Executive)"
SCOPE_3,ref_managed_assets_vehicles,managed_cars_by_market_segment_executive_plug_in_hybrid_electric_vehicle_km,STANDARD,UK,km,0.09616,"DEFRA/DESNZ 2024 full set (advanced users) — sheet 'Managed assets- vehicles', row 33 (group: Plug-in Hybrid Electric Vehicle; activity/type: Managed cars (by market segment) / Executive)"
SCOPE_3,ref_managed_assets_vehicles,managed_cars_by_market_segment_executive_battery_electric_vehicle_km,STANDARD,UK,km,0.04271,"DEFRA/DESNZ 2024 full set (advanced users) — sheet 'Managed assets- vehicles', row 33 (group: Battery Electric Vehicle; activity/type: Managed cars (by market segment) / Executive)"
SCOPE_3,ref_managed_assets_vehicles,managed_cars_by_market_segment_executive_diesel_miles,STANDARD,UK,miles,0.27362,"DEFRA/DESNZ 2024 full set (advanced users) — sheet 'Managed assets- vehicles', row 34 (group: Diesel; activity/type: Managed cars (by market segment) / Executive)"
SCOPE_3,ref_managed_assets_vehicles,managed_cars_by_market_segment_executive_petrol_miles,STANDARD,UK,miles,0.33501,"DEFRA/DESNZ 2024 full set (advanced users) — sheet 'Managed assets- vehicles', row 34 (group: Petrol; activity/type: Managed cars (by market segment) / Executive)"
SCOPE_3,ref_managed_assets_vehicles,managed_cars_by_market_segment_executive_unknown_miles,STANDARD,UK,miles,0.28855,"DEFRA/DESNZ 2024 full set (advanced users) — sheet 'Managed assets- vehicles', row 34 (group: Unknown; activity/type: Managed cars (by market segment) / Executive)"
SCOPE_3,ref_managed_assets_vehicles,managed_cars_by_market_segment_executive_plug_in_hybrid_electric_vehicle_miles,STANDARD,UK,miles,0.15475,"DEFRA/DESNZ 2024 full set (advanced users) — sheet 'Managed assets- vehicles', row 34 (group: Plug-in Hybrid Electric Vehicle; activity/type: Managed cars (by market segment) / Executive)"
SCOPE_3,ref_managed_assets_vehicles,managed_cars_by_market_segment_executive_battery_electric_vehicle_miles,STANDARD,UK,miles,0.06874,"DEFRA/DESNZ 2024 full set (advanced users) — sheet 'Managed assets- vehicles', row 34 (group: Battery Electric Vehicle; activity/type: Managed cars (by market segment) / Executive)"
SCOPE_3,ref_managed_assets_vehicles,managed_cars_by_market_segment_luxury_diesel_km,STANDARD,UK,km,0.20695,"DEFRA/DESNZ 2024 full set (advanced users) — sheet 'Managed assets- vehicles', row 35 (group: Diesel; activity/type: Managed cars (by market segment) / Luxury)"
SCOPE_3,ref_managed_assets_vehicles,managed_cars_by_market_segment_luxury_petrol_km,STANDARD,UK,km,0.31949,"DEFRA/DESNZ 2024 full set (advanced users) — sheet 'Managed assets- vehicles', row 35 (group: Petrol; activity/type: Managed cars (by market segment) / Luxury)"
SCOPE_3,ref_managed_assets_vehicles,managed_cars_by_market_segment_luxury_unknown_km,STANDARD,UK,km,0.25825,"DEFRA/DESNZ 2024 full set (advanced users) — sheet 'Managed assets- vehicles', row 35 (group: Unknown; activity/type: Managed cars (by market segment) / Luxury)"
SCOPE_3,ref_managed_assets_vehicles,managed_cars_by_market_segment_luxury_plug_in_hybrid_electric_vehicle_km,STANDARD,UK,km,0.13245,"DEFRA/DESNZ 2024 full set (advanced users) — sheet 'Managed assets- vehicles', row 35 (group: Plug-in Hybrid Electric Vehicle; activity/type: Managed cars (by market segment) / Luxury)"
SCOPE_3,ref_managed_assets_vehicles,managed_cars_by_market_segment_luxury_battery_electric_vehicle_km,STANDARD,UK,km,0.05749,"DEFRA/DESNZ 2024 full set (advanced users) — sheet 'Managed assets- vehicles', row 35 (group: Battery Electric Vehicle; activity/type: Managed cars (by market segment) / Luxury)"
SCOPE_3,ref_managed_assets_vehicles,managed_cars_by_market_segment_luxury_diesel_miles,STANDARD,UK,miles,0.33306,"DEFRA/DESNZ 2024 full set (advanced users) — sheet 'Managed assets- vehicles', row 36 (group: Diesel; activity/type: Managed cars (by market segment) / Luxury)"
SCOPE_3,ref_managed_assets_vehicles,managed_cars_by_market_segment_luxury_petrol_miles,STANDARD,UK,miles,0.51417,"DEFRA/DESNZ 2024 full set (advanced users) — sheet 'Managed assets- vehicles', row 36 (group: Petrol; activity/type: Managed cars (by market segment) / Luxury)"
SCOPE_3,ref_managed_assets_vehicles,managed_cars_by_market_segment_luxury_unknown_miles,STANDARD,UK,miles,0.41562,"DEFRA/DESNZ 2024 full set (advanced users) — sheet 'Managed assets- vehicles', row 36 (group: Unknown; activity/type: Managed cars (by market segment) / Luxury)"
SCOPE_3,ref_managed_assets_vehicles,managed_cars_by_market_segment_luxury_plug_in_hybrid_electric_vehicle_miles,STANDARD,UK,miles,0.21315,"DEFRA/DESNZ 2024 full set (advanced users) — sheet 'Managed assets- vehicles', row 36 (group: Plug-in Hybrid Electric Vehicle; activity/type: Managed cars (by market segment) / Luxury)"
SCOPE_3,ref_managed_assets_vehicles,managed_cars_by_market_segment_luxury_battery_electric_vehicle_miles,STANDARD,UK,miles,0.09251,"DEFRA/DESNZ 2024 full set (advanced users) — sheet 'Managed assets- vehicles', row 36 (group: Battery Electric Vehicle; activity/type: Managed cars (by market segment) / Luxury)"
SCOPE_3,ref_managed_assets_vehicles,managed_cars_by_market_segment_sports_diesel_km,STANDARD,UK,km,0.17016,"DEFRA/DESNZ 2024 full set (advanced users) — sheet 'Managed assets- vehicles', row 37 (group: Diesel; activity/type: Managed cars (by market segment) / Sports)"
SCOPE_3,ref_managed_assets_vehicles,managed_cars_by_market_segment_sports_petrol_km,STANDARD,UK,km,0.23535,"DEFRA/DESNZ 2024 full set (advanced users) — sheet 'Managed assets- vehicles', row 37 (group: Petrol; activity/type: Managed cars (by market segment) / Sports)"
SCOPE_3,ref_managed_assets_vehicles,managed_cars_by_market_segment_sports_unknown_km,STANDARD,UK,km,0.22519,"DEFRA/DESNZ 2024 full set (advanced users) — sheet 'Managed assets- vehicles', row 37 (group: Unknown; activity/type: Managed cars (by market segment) / Sports)"
SCOPE_3,ref_managed_assets_vehicles,managed_cars_by_market_segment_sports_plug_in_hybrid_electric_vehicle_km,STANDARD,UK,km,0.13116,"DEFRA/DESNZ 2024 full set (advanced users) — sheet 'Managed assets- vehicles', row 37 (group: Plug-in Hybrid Electric Vehicle; activity/type: Managed cars (by market segment) / Sports)"
SCOPE_3,ref_managed_assets_vehicles,managed_cars_by_market_segment_sports_battery_electric_vehicle_km,STANDARD,UK,km,0.07353,"DEFRA/DESNZ 2024 full set (advanced users) — sheet 'Managed assets- vehicles', row 37 (group: Battery Electric Vehicle; activity/type: Managed cars (by market segment) / Sports)"
SCOPE_3,ref_managed_assets_vehicles,managed_cars_by_market_segment_sports_diesel_miles,STANDARD,UK,miles,0.27387,"DEFRA/DESNZ 2024 full set (advanced users) — sheet 'Managed assets- vehicles', row 38 (group: Diesel; activity/type: Managed cars (by market segment) / Sports)"
SCOPE_3,ref_managed_assets_vehicles,managed_cars_by_market_segment_sports_petrol_miles,STANDARD,UK,miles,0.37875,"DEFRA/DESNZ 2024 full set (advanced users) — sheet 'Managed assets- vehicles', row 38 (group: Petrol; activity/type: Managed cars (by market segment) / Sports)"
SCOPE_3,ref_managed_assets_vehicles,managed_cars_by_market_segment_sports_unknown_miles,STANDARD,UK,miles,0.36241,"DEFRA/DESNZ 2024 full set (advanced users) — sheet 'Managed assets- vehicles', row 38 (group: Unknown; activity/type: Managed cars (by market segment) / Sports)"
SCOPE_3,ref_managed_assets_vehicles,managed_cars_by_market_segment_sports_plug_in_hybrid_electric_vehicle_miles,STANDARD,UK,miles,0.21107,"DEFRA/DESNZ 2024 full set (advanced users) — sheet 'Managed assets- vehicles', row 38 (group: Plug-in Hybrid Electric Vehicle; activity/type: Managed cars (by market segment) / Sports)"
SCOPE_3,ref_managed_assets_vehicles,managed_cars_by_market_segment_sports_battery_electric_vehicle_miles,STANDARD,UK,miles,0.11832,"DEFRA/DESNZ 2024 full set (advanced users) — sheet 'Managed assets- vehicles', row 38 (group: Battery Electric Vehicle; activity/type: Managed cars (by market segment) / Sports)"
SCOPE_3,ref_managed_assets_vehicles,managed_cars_by_market_segment_dual_purpose_4x4_diesel_km,STANDARD,UK,km,0.19757,"DEFRA/DESNZ 2024 full set (advanced users) — sheet 'Managed assets- vehicles', row 39 (group: Diesel; activity/type: Managed cars (by market segment) / Dual purpose 4X4)"
SCOPE_3,ref_managed_assets_vehicles,managed_cars_by_market_segment_dual_purpose_4x4_petrol_km,STANDARD,UK,km,0.19626,"DEFRA/DESNZ 2024 full set (advanced users) — sheet 'Managed assets- vehicles', row 39 (group: Petrol; activity/type: Managed cars (by market segment) / Dual purpose 4X4)"
SCOPE_3,ref_managed_assets_vehicles,managed_cars_by_market_segment_dual_purpose_4x4_unknown_km,STANDARD,UK,km,0.19721,"DEFRA/DESNZ 2024 full set (advanced users) — sheet 'Managed assets- vehicles', row 39 (group: Unknown; activity/type: Managed cars (by market segment) / Dual purpose 4X4)"
SCOPE_3,ref_managed_assets_vehicles,managed_cars_by_market_segment_dual_purpose_4x4_plug_in_hybrid_electric_vehicle_km,STANDARD,UK,km,0.12239,"DEFRA/DESNZ 2024 full set (advanced users) — sheet 'Managed assets- vehicles', row 39 (group: Plug-in Hybrid Electric Vehicle; activity/type: Managed cars (by market segment) / Dual purpose 4X4)"
SCOPE_3,ref_managed_assets_vehicles,managed_cars_by_market_segment_dual_purpose_4x4_battery_electric_vehicle_km,STANDARD,UK,km,0.05012,"DEFRA/DESNZ 2024 full set (advanced users) — sheet 'Managed assets- vehicles', row 39 (group: Battery Electric Vehicle; activity/type: Managed cars (by market segment) / Dual purpose 4X4)"
SCOPE_3,ref_managed_assets_vehicles,managed_cars_by_market_segment_dual_purpose_4x4_diesel_miles,STANDARD,UK,miles,0.31797,"DEFRA/DESNZ 2024 full set (advanced users) — sheet 'Managed assets- vehicles', row 40 (group: Diesel; activity/type: Managed cars (by market segment) / Dual purpose 4X4)"
SCOPE_3,ref_managed_assets_vehicles,managed_cars_by_market_segment_dual_purpose_4x4_petrol_miles,STANDARD,UK,miles,0.31585,"DEFRA/DESNZ 2024 full set (advanced users) — sheet 'Managed assets- vehicles', row 40 (group: Petrol; activity/type: Managed cars (by market segment) / Dual purpose 4X4)"
SCOPE_3,ref_managed_assets_vehicles,managed_cars_by_market_segment_dual_purpose_4x4_unknown_miles,STANDARD,UK,miles,0.31737,"DEFRA/DESNZ 2024 full set (advanced users) — sheet 'Managed assets- vehicles', row 40 (group: Unknown; activity/type: Managed cars (by market segment) / Dual purpose 4X4)"
SCOPE_3,ref_managed_assets_vehicles,managed_cars_by_market_segment_dual_purpose_4x4_plug_in_hybrid_electric_vehicle_miles,STANDARD,UK,miles,0.19698,"DEFRA/DESNZ 2024 full set (advanced users) — sheet 'Managed assets- vehicles', row 40 (group: Plug-in Hybrid Electric Vehicle; activity/type: Managed cars (by market segment) / Dual purpose 4X4)"
SCOPE_3,ref_managed_assets_vehicles,managed_cars_by_market_segment_dual_purpose_4x4_battery_electric_vehicle_miles,STANDARD,UK,miles,0.08066,"DEFRA/DESNZ 2024 full set (advanced users) — sheet 'Managed assets- vehicles', row 40 (group: Battery Electric Vehicle; activity/type: Managed cars (by market segment) / Dual purpose 4X4)"
SCOPE_3,ref_managed_assets_vehicles,managed_cars_by_market_segment_mpv_diesel_km,STANDARD,UK,km,0.17751,"DEFRA/DESNZ 2024 full set (advanced users) — sheet 'Managed assets- vehicles', row 41 (group: Diesel; activity/type: Managed cars (by market segment) / MPV)"
SCOPE_3,ref_managed_assets_vehicles,managed_cars_by_market_segment_mpv_petrol_km,STANDARD,UK,km,0.18287,"DEFRA/DESNZ 2024 full set (advanced users) — sheet 'Managed assets- vehicles', row 41 (group: Petrol; activity/type: Managed cars (by market segment) / MPV)"
SCOPE_3,ref_managed_assets_vehicles,managed_cars_by_market_segment_mpv_unknown_km,STANDARD,UK,km,0.17891,"DEFRA/DESNZ 2024 full set (advanced users) — sheet 'Managed assets- vehicles', row 41 (group: Unknown; activity/type: Managed cars (by market segment) / MPV)"
SCOPE_3,ref_managed_assets_vehicles,managed_cars_by_market_segment_mpv_plug_in_hybrid_electric_vehicle_km,STANDARD,UK,km,0.10178,"DEFRA/DESNZ 2024 full set (advanced users) — sheet 'Managed assets- vehicles', row 41 (group: Plug-in Hybrid Electric Vehicle; activity/type: Managed cars (by market segment) / MPV)"
SCOPE_3,ref_managed_assets_vehicles,managed_cars_by_market_segment_mpv_battery_electric_vehicle_km,STANDARD,UK,km,0.06576,"DEFRA/DESNZ 2024 full set (advanced users) — sheet 'Managed assets- vehicles', row 41 (group: Battery Electric Vehicle; activity/type: Managed cars (by market segment) / MPV)"
SCOPE_3,ref_managed_assets_vehicles,managed_cars_by_market_segment_mpv_diesel_miles,STANDARD,UK,miles,0.28569,"DEFRA/DESNZ 2024 full set (advanced users) — sheet 'Managed assets- vehicles', row 42 (group: Diesel; activity/type: Managed cars (by market segment) / MPV)"
SCOPE_3,ref_managed_assets_vehicles,managed_cars_by_market_segment_mpv_petrol_miles,STANDARD,UK,miles,0.2943,"DEFRA/DESNZ 2024 full set (advanced users) — sheet 'Managed assets- vehicles', row 42 (group: Petrol; activity/type: Managed cars (by market segment) / MPV)"
SCOPE_3,ref_managed_assets_vehicles,managed_cars_by_market_segment_mpv_unknown_miles,STANDARD,UK,miles,0.28793,"DEFRA/DESNZ 2024 full set (advanced users) — sheet 'Managed assets- vehicles', row 42 (group: Unknown; activity/type: Managed cars (by market segment) / MPV)"
SCOPE_3,ref_managed_assets_vehicles,managed_cars_by_market_segment_mpv_plug_in_hybrid_electric_vehicle_miles,STANDARD,UK,miles,0.16381,"DEFRA/DESNZ 2024 full set (advanced users) — sheet 'Managed assets- vehicles', row 42 (group: Plug-in Hybrid Electric Vehicle; activity/type: Managed cars (by market segment) / MPV)"
SCOPE_3,ref_managed_assets_vehicles,managed_cars_by_market_segment_mpv_battery_electric_vehicle_miles,STANDARD,UK,miles,0.10584,"DEFRA/DESNZ 2024 full set (advanced users) — sheet 'Managed assets- vehicles', row 42 (group: Battery Electric Vehicle; activity/type: Managed cars (by market segment) / MPV)"
SCOPE_3,ref_managed_assets_vehicles,managed_cars_by_size_small_car_diesel_km,STANDARD,UK,km,0.13994,"DEFRA/DESNZ 2024 full set (advanced users) — sheet 'Managed assets- vehicles', row 47 (group: Diesel; activity/type: Managed cars (by size) / Small car)"
SCOPE_3,ref_managed_assets_vehicles,managed_cars_by_size_small_car_petrol_km,STANDARD,UK,km,0.1437,"DEFRA/DESNZ 2024 full set (advanced users) — sheet 'Managed assets- vehicles', row 47 (group: Petrol; activity/type: Managed cars (by size) / Small car)"
SCOPE_3,ref_managed_assets_vehicles,managed_cars_by_size_small_car_hybrid_km,STANDARD,UK,km,0.11274,"DEFRA/DESNZ 2024 full set (advanced users) — sheet 'Managed assets- vehicles', row 47 (group: Hybrid; activity/type: Managed cars (by size) / Small car)"
SCOPE_3,ref_managed_assets_vehicles,managed_cars_by_size_small_car_unknown_km,STANDARD,UK,km,0.14262,"DEFRA/DESNZ 2024 full set (advanced users) — sheet 'Managed assets- vehicles', row 47 (group: Unknown; activity/type: Managed cars (by size) / Small car)"
SCOPE_3,ref_managed_assets_vehicles,managed_cars_by_size_small_car_plug_in_hybrid_electric_vehicle_km,STANDARD,UK,km,0.06078,"DEFRA/DESNZ 2024 full set (advanced users) — sheet 'Managed assets- vehicles', row 47 (group: Plug-in Hybrid Electric Vehicle; activity/type: Managed cars (by size) / Small car)"
SCOPE_3,ref_managed_assets_vehicles,managed_cars_by_size_small_car_battery_electric_vehicle_km,STANDARD,UK,km,0.04284,"DEFRA/DESNZ 2024 full set (advanced users) — sheet 'Managed assets- vehicles', row 47 (group: Battery Electric Vehicle; activity/type: Managed cars (by size) / Small car)"
SCOPE_3,ref_managed_assets_vehicles,managed_cars_by_size_small_car_diesel_miles,STANDARD,UK,miles,0.22522,"DEFRA/DESNZ 2024 full set (advanced users) — sheet 'Managed assets- vehicles', row 48 (group: Diesel; activity/type: Managed cars (by size) / Small car)"
SCOPE_3,ref_managed_assets_vehicles,managed_cars_by_size_small_car_petrol_miles,STANDARD,UK,miles,0.23126,"DEFRA/DESNZ 2024 full set (advanced users) — sheet 'Managed assets- vehicles', row 48 (group: Petrol; activity/type: Managed cars (by size) / Small car)"
SCOPE_3,ref_managed_assets_vehicles,managed_cars_by_size_small_car_hybrid_miles,STANDARD,UK,miles,0.18143,"DEFRA/DESNZ 2024 full set (advanced users) — sheet 'Managed assets- vehicles', row 48 (group: Hybrid; activity/type: Managed cars (by size) / Small car)"
SCOPE_3,ref_managed_assets_vehicles,managed_cars_by_size_small_car_unknown_miles,STANDARD,UK,miles,0.22953,"DEFRA/DESNZ 2024 full set (advanced users) — sheet 'Managed assets- vehicles', row 48 (group: Unknown; activity/type: Managed cars (by size) / Small car)"
SCOPE_3,ref_managed_assets_vehicles,managed_cars_by_size_small_car_plug_in_hybrid_electric_vehicle_miles,STANDARD,UK,miles,0.09782,"DEFRA/DESNZ 2024 full set (advanced users) — sheet 'Managed assets- vehicles', row 48 (group: Plug-in Hybrid Electric Vehicle; activity/type: Managed cars (by size) / Small car)"
SCOPE_3,ref_managed_assets_vehicles,managed_cars_by_size_small_car_battery_electric_vehicle_miles,STANDARD,UK,miles,0.06895,"DEFRA/DESNZ 2024 full set (advanced users) — sheet 'Managed assets- vehicles', row 48 (group: Battery Electric Vehicle; activity/type: Managed cars (by size) / Small car)"
SCOPE_3,ref_managed_assets_vehicles,managed_cars_by_size_medium_car_diesel_km,STANDARD,UK,km,0.16807,"DEFRA/DESNZ 2024 full set (advanced users) — sheet 'Managed assets- vehicles', row 49 (group: Diesel; activity/type: Managed cars (by size) / Medium car)"
SCOPE_3,ref_managed_assets_vehicles,managed_cars_by_size_medium_car_petrol_km,STANDARD,UK,km,0.17726,"DEFRA/DESNZ 2024 full set (advanced users) — sheet 'Managed assets- vehicles', row 49 (group: Petrol; activity/type: Managed cars (by size) / Medium car)"
SCOPE_3,ref_managed_assets_vehicles,managed_cars_by_size_medium_car_hybrid_km,STANDARD,UK,km,0.1149,"DEFRA/DESNZ 2024 full set (advanced users) — sheet 'Managed assets- vehicles', row 49 (group: Hybrid; activity/type: Managed cars (by size) / Medium car)"
SCOPE_3,ref_managed_assets_vehicles,managed_cars_by_size_medium_car_cng_km,STANDARD,UK,km,0.15682,"DEFRA/DESNZ 2024 full set (advanced users) — sheet 'Managed assets- vehicles', row 49 (group: CNG; activity/type: Managed cars (by size) / Medium car)"
SCOPE_3,ref_managed_assets_vehicles,managed_cars_by_size_medium_car_lpg_km,STANDARD,UK,km,0.17634,"DEFRA/DESNZ 2024 full set (advanced users) — sheet 'Managed assets- vehicles', row 49 (group: LPG; activity/type: Managed cars (by size) / Medium car)"
SCOPE_3,ref_managed_assets_vehicles,managed_cars_by_size_medium_car_unknown_km,STANDARD,UK,km,0.17256,"DEFRA/DESNZ 2024 full set (advanced users) — sheet 'Managed assets- vehicles', row 49 (group: Unknown; activity/type: Managed cars (by size) / Medium car)"
SCOPE_3,ref_managed_assets_vehicles,managed_cars_by_size_medium_car_plug_in_hybrid_electric_vehicle_km,STANDARD,UK,km,0.09312,"DEFRA/DESNZ 2024 full set (advanced users) — sheet 'Managed assets- vehicles', row 49 (group: Plug-in Hybrid Electric Vehicle; activity/type: Managed cars (by size) / Medium car)"
SCOPE_3,ref_managed_assets_vehicles,managed_cars_by_size_medium_car_battery_electric_vehicle_km,STANDARD,UK,km,0.04625,"DEFRA/DESNZ 2024 full set (advanced users) — sheet 'Managed assets- vehicles', row 49 (group: Battery Electric Vehicle; activity/type: Managed cars (by size) / Medium car)"
SCOPE_3,ref_managed_assets_vehicles,managed_cars_by_size_medium_car_diesel_miles,STANDARD,UK,miles,0.2705,"DEFRA/DESNZ 2024 full set (advanced users) — sheet 'Managed assets- vehicles', row 50 (group: Diesel; activity/type: Managed cars (by size) / Medium car)"
SCOPE_3,ref_managed_assets_vehicles,managed_cars_by_size_medium_car_petrol_miles,STANDARD,UK,miles,0.28526,"DEFRA/DESNZ 2024 full set (advanced users) — sheet 'Managed assets- vehicles', row 50 (group: Petrol; activity/type: Managed cars (by size) / Medium car)"
SCOPE_3,ref_managed_assets_vehicles,managed_cars_by_size_medium_car_hybrid_miles,STANDARD,UK,miles,0.18492,"DEFRA/DESNZ 2024 full set (advanced users) — sheet 'Managed assets- vehicles', row 50 (group: Hybrid; activity/type: Managed cars (by size) / Medium car)"
SCOPE_3,ref_managed_assets_vehicles,managed_cars_by_size_medium_car_cng_miles,STANDARD,UK,miles,0.25238,"DEFRA/DESNZ 2024 full set (advanced users) — sheet 'Managed assets- vehicles', row 50 (group: CNG; activity/type: Managed cars (by size) / Medium car)"
SCOPE_3,ref_managed_assets_vehicles,managed_cars_by_size_medium_car_lpg_miles,STANDARD,UK,miles,0.28378,"DEFRA/DESNZ 2024 full set (advanced users) — sheet 'Managed assets- vehicles', row 50 (group: LPG; activity/type: Managed cars (by size) / Medium car)"
SCOPE_3,ref_managed_assets_vehicles,managed_cars_by_size_medium_car_unknown_miles,STANDARD,UK,miles,0.27771,"DEFRA/DESNZ 2024 full set (advanced users) — sheet 'Managed assets- vehicles', row 50 (group: Unknown; activity/type: Managed cars (by size) / Medium car)"
SCOPE_3,ref_managed_assets_vehicles,managed_cars_by_size_medium_car_plug_in_hybrid_electric_vehicle_miles,STANDARD,UK,miles,0.14985,"DEFRA/DESNZ 2024 full set (advanced users) — sheet 'Managed assets- vehicles', row 50 (group: Plug-in Hybrid Electric Vehicle; activity/type: Managed cars (by size) / Medium car)"
SCOPE_3,ref_managed_assets_vehicles,managed_cars_by_size_medium_car_battery_electric_vehicle_miles,STANDARD,UK,miles,0.07443,"DEFRA/DESNZ 2024 full set (advanced users) — sheet 'Managed assets- vehicles', row 50 (group: Battery Electric Vehicle; activity/type: Managed cars (by size) / Medium car)"
SCOPE_3,ref_managed_assets_vehicles,managed_cars_by_size_large_car_diesel_km,STANDARD,UK,km,0.20729,"DEFRA/DESNZ 2024 full set (advanced users) — sheet 'Managed assets- vehicles', row 51 (group: Diesel; activity/type: Managed cars (by size) / Large car)"
SCOPE_3,ref_managed_assets_vehicles,managed_cars_by_size_large_car_petrol_km,STANDARD,UK,km,0.26885,"DEFRA/DESNZ 2024 full set (advanced users) — sheet 'Managed assets- vehicles', row 51 (group: Petrol; activity/type: Managed cars (by size) / Large car)"
SCOPE_3,ref_managed_assets_vehicles,managed_cars_by_size_large_car_hybrid_km,STANDARD,UK,km,0.15486,"DEFRA/DESNZ 2024 full set (advanced users) — sheet 'Managed assets- vehicles', row 51 (group: Hybrid; activity/type: Managed cars (by size) / Large car)"
SCOPE_3,ref_managed_assets_vehicles,managed_cars_by_size_large_car_cng_km,STANDARD,UK,km,0.23705,"DEFRA/DESNZ 2024 full set (advanced users) — sheet 'Managed assets- vehicles', row 51 (group: CNG; activity/type: Managed cars (by size) / Large car)"
SCOPE_3,ref_managed_assets_vehicles,managed_cars_by_size_large_car_lpg_km,STANDARD,UK,km,0.26759,"DEFRA/DESNZ 2024 full set (advanced users) — sheet 'Managed assets- vehicles', row 51 (group: LPG; activity/type: Managed cars (by size) / Large car)"
SCOPE_3,ref_managed_assets_vehicles,managed_cars_by_size_large_car_unknown_km,STANDARD,UK,km,0.22472,"DEFRA/DESNZ 2024 full set (advanced users) — sheet 'Managed assets- vehicles', row 51 (group: Unknown; activity/type: Managed cars (by size) / Large car)"
SCOPE_3,ref_managed_assets_vehicles,managed_cars_by_size_large_car_plug_in_hybrid_electric_vehicle_km,STANDARD,UK,km,0.11923,"DEFRA/DESNZ 2024 full set (advanced users) — sheet 'Managed assets- vehicles', row 51 (group: Plug-in Hybrid Electric Vehicle; activity/type: Managed cars (by size) / Large car)"
SCOPE_3,ref_managed_assets_vehicles,managed_cars_by_size_large_car_battery_electric_vehicle_km,STANDARD,UK,km,0.04925,"DEFRA/DESNZ 2024 full set (advanced users) — sheet 'Managed assets- vehicles', row 51 (group: Battery Electric Vehicle; activity/type: Managed cars (by size) / Large car)"
SCOPE_3,ref_managed_assets_vehicles,managed_cars_by_size_large_car_diesel_miles,STANDARD,UK,miles,0.33362,"DEFRA/DESNZ 2024 full set (advanced users) — sheet 'Managed assets- vehicles', row 52 (group: Diesel; activity/type: Managed cars (by size) / Large car)"
SCOPE_3,ref_managed_assets_vehicles,managed_cars_by_size_large_car_petrol_miles,STANDARD,UK,miles,0.43267,"DEFRA/DESNZ 2024 full set (advanced users) — sheet 'Managed assets- vehicles', row 52 (group: Petrol; activity/type: Managed cars (by size) / Large car)"
SCOPE_3,ref_managed_assets_vehicles,managed_cars_by_size_large_car_hybrid_miles,STANDARD,UK,miles,0.24921,"DEFRA/DESNZ 2024 full set (advanced users) — sheet 'Managed assets- vehicles', row 52 (group: Hybrid; activity/type: Managed cars (by size) / Large car)"
SCOPE_3,ref_managed_assets_vehicles,managed_cars_by_size_large_car_cng_miles,STANDARD,UK,miles,0.38151,"DEFRA/DESNZ 2024 full set (advanced users) — sheet 'Managed assets- vehicles', row 52 (group: CNG; activity/type: Managed cars (by size) / Large car)"
SCOPE_3,ref_managed_assets_vehicles,managed_cars_by_size_large_car_lpg_miles,STANDARD,UK,miles,0.43064,"DEFRA/DESNZ 2024 full set (advanced users) — sheet 'Managed assets- vehicles', row 52 (group: LPG; activity/type: Managed cars (by size) / Large car)"
SCOPE_3,ref_managed_assets_vehicles,managed_cars_by_size_large_car_unknown_miles,STANDARD,UK,miles,0.36164,"DEFRA/DESNZ 2024 full set (advanced users) — sheet 'Managed assets- vehicles', row 52 (group: Unknown; activity/type: Managed cars (by size) / Large car)"
SCOPE_3,ref_managed_assets_vehicles,managed_cars_by_size_large_car_plug_in_hybrid_electric_vehicle_miles,STANDARD,UK,miles,0.1919,"DEFRA/DESNZ 2024 full set (advanced users) — sheet 'Managed assets- vehicles', row 52 (group: Plug-in Hybrid Electric Vehicle; activity/type: Managed cars (by size) / Large car)"
SCOPE_3,ref_managed_assets_vehicles,managed_cars_by_size_large_car_battery_electric_vehicle_miles,STANDARD,UK,miles,0.07925,"DEFRA/DESNZ 2024 full set (advanced users) — sheet 'Managed assets- vehicles', row 52 (group: Battery Electric Vehicle; activity/type: Managed cars (by size) / Large car)"
SCOPE_3,ref_managed_assets_vehicles,managed_cars_by_size_average_car_diesel_km,STANDARD,UK,km,0.16984,"DEFRA/DESNZ 2024 full set (advanced users) — sheet 'Managed assets- vehicles', row 53 (group: Diesel; activity/type: Managed cars (by size) / Average car)"
SCOPE_3,ref_managed_assets_vehicles,managed_cars_by_size_average_car_petrol_km,STANDARD,UK,km,0.1645,"DEFRA/DESNZ 2024 full set (advanced users) — sheet 'Managed assets- vehicles', row 53 (group: Petrol; activity/type: Managed cars (by size) / Average car)"
SCOPE_3,ref_managed_assets_vehicles,managed_cars_by_size_average_car_hybrid_km,STANDARD,UK,km,0.12607,"DEFRA/DESNZ 2024 full set (advanced users) — sheet 'Managed assets- vehicles', row 53 (group: Hybrid; activity/type: Managed cars (by size) / Average car)"
SCOPE_3,ref_managed_assets_vehicles,managed_cars_by_size_average_car_cng_km,STANDARD,UK,km,0.17514,"DEFRA/DESNZ 2024 full set (advanced users) — sheet 'Managed assets- vehicles', row 53 (group: CNG; activity/type: Managed cars (by size) / Average car)"
SCOPE_3,ref_managed_assets_vehicles,managed_cars_by_size_average_car_lpg_km,STANDARD,UK,km,0.19718,"DEFRA/DESNZ 2024 full set (advanced users) — sheet 'Managed assets- vehicles', row 53 (group: LPG; activity/type: Managed cars (by size) / Average car)"
SCOPE_3,ref_managed_assets_vehicles,managed_cars_by_size_average_car_unknown_km,STANDARD,UK,km,0.16691,"DEFRA/DESNZ 2024 full set (advanced users) — sheet 'Managed assets- vehicles', row 53 (group: Unknown; activity/type: Managed cars (by size) / Average car)"
SCOPE_3,ref_managed_assets_vehicles,managed_cars_by_size_average_car_plug_in_hybrid_electric_vehicle_km,STANDARD,UK,km,0.10853,"DEFRA/DESNZ 2024 full set (advanced users) — sheet 'Managed assets- vehicles', row 53 (group: Plug-in Hybrid Electric Vehicle; activity/type: Managed cars (by size) / Average car)"
SCOPE_3,ref_managed_assets_vehicles,managed_cars_by_size_average_car_battery_electric_vehicle_km,STANDARD,UK,km,0.04745,"DEFRA/DESNZ 2024 full set (advanced users) — sheet 'Managed assets- vehicles', row 53 (group: Battery Electric Vehicle; activity/type: Managed cars (by size) / Average car)"
SCOPE_3,ref_managed_assets_vehicles,managed_cars_by_size_average_car_diesel_miles,STANDARD,UK,miles,0.27334,"DEFRA/DESNZ 2024 full set (advanced users) — sheet 'Managed assets- vehicles', row 54 (group: Diesel; activity/type: Managed cars (by size) / Average car)"
SCOPE_3,ref_managed_assets_vehicles,managed_cars_by_size_average_car_petrol_miles,STANDARD,UK,miles,0.26473,"DEFRA/DESNZ 2024 full set (advanced users) — sheet 'Managed assets- vehicles', row 54 (group: Petrol; activity/type: Managed cars (by size) / Average car)"
SCOPE_3,ref_managed_assets_vehicles,managed_cars_by_size_average_car_hybrid_miles,STANDARD,UK,miles,0.20288,"DEFRA/DESNZ 2024 full set (advanced users) — sheet 'Managed assets- vehicles', row 54 (group: Hybrid; activity/type: Managed cars (by size) / Average car)"
SCOPE_3,ref_managed_assets_vehicles,managed_cars_by_size_average_car_cng_miles,STANDARD,UK,miles,0.28187,"DEFRA/DESNZ 2024 full set (advanced users) — sheet 'Managed assets- vehicles', row 54 (group: CNG; activity/type: Managed cars (by size) / Average car)"
SCOPE_3,ref_managed_assets_vehicles,managed_cars_by_size_average_car_lpg_miles,STANDARD,UK,miles,0.31732,"DEFRA/DESNZ 2024 full set (advanced users) — sheet 'Managed assets- vehicles', row 54 (group: LPG; activity/type: Managed cars (by size) / Average car)"
SCOPE_3,ref_managed_assets_vehicles,managed_cars_by_size_average_car_unknown_miles,STANDARD,UK,miles,0.2686,"DEFRA/DESNZ 2024 full set (advanced users) — sheet 'Managed assets- vehicles', row 54 (group: Unknown; activity/type: Managed cars (by size) / Average car)"
SCOPE_3,ref_managed_assets_vehicles,managed_cars_by_size_average_car_plug_in_hybrid_electric_vehicle_miles,STANDARD,UK,miles,0.17465,"DEFRA/DESNZ 2024 full set (advanced users) — sheet 'Managed assets- vehicles', row 54 (group: Plug-in Hybrid Electric Vehicle; activity/type: Managed cars (by size) / Average car)"
SCOPE_3,ref_managed_assets_vehicles,managed_cars_by_size_average_car_battery_electric_vehicle_miles,STANDARD,UK,miles,0.07636,"DEFRA/DESNZ 2024 full set (advanced users) — sheet 'Managed assets- vehicles', row 54 (group: Battery Electric Vehicle; activity/type: Managed cars (by size) / Average car)"
SCOPE_3,ref_managed_assets_vehicles,managed_vans_class_i_up_to_1_305_tonnes_diesel_km,STANDARD,UK,km,0.15356,"DEFRA/DESNZ 2024 full set (advanced users) — sheet 'Managed assets- vehicles', row 59 (group: Diesel; activity/type: Managed vans / Class I (up to 1.305 tonnes))"
SCOPE_3,ref_managed_assets_vehicles,managed_vans_class_i_up_to_1_305_tonnes_petrol_km,STANDARD,UK,km,0.20071,"DEFRA/DESNZ 2024 full set (advanced users) — sheet 'Managed assets- vehicles', row 59 (group: Petrol; activity/type: Managed vans / Class I (up to 1.305 tonnes))"
SCOPE_3,ref_managed_assets_vehicles,managed_vans_class_i_up_to_1_305_tonnes_battery_electric_vehicle_km,STANDARD,UK,km,0.04254,"DEFRA/DESNZ 2024 full set (advanced users) — sheet 'Managed assets- vehicles', row 59 (group: Battery Electric Vehicle; activity/type: Managed vans / Class I (up to 1.305 tonnes))"
SCOPE_3,ref_managed_assets_vehicles,managed_vans_class_ii_1_305_to_1_74_tonnes_diesel_km,STANDARD,UK,km,0.18832,"DEFRA/DESNZ 2024 full set (advanced users) — sheet 'Managed assets- vehicles', row 60 (group: Diesel; activity/type: Managed vans / Class II (1.305 to 1.74 tonnes))"
SCOPE_3,ref_managed_assets_vehicles,managed_vans_class_ii_1_305_to_1_74_tonnes_petrol_km,STANDARD,UK,km,0.21709,"DEFRA/DESNZ 2024 full set (advanced users) — sheet 'Managed assets- vehicles', row 60 (group: Petrol; activity/type: Managed vans / Class II (1.305 to 1.74 tonnes))"
SCOPE_3,ref_managed_assets_vehicles,managed_vans_class_ii_1_305_to_1_74_tonnes_battery_electric_vehicle_km,STANDARD,UK,km,0.06556,"DEFRA/DESNZ 2024 full set (advanced users) — sheet 'Managed assets- vehicles', row 60 (group: Battery Electric Vehicle; activity/type: Managed vans / Class II (1.305 to 1.74 tonnes))"
SCOPE_3,ref_managed_assets_vehicles,managed_vans_class_iii_1_74_to_3_5_tonnes_diesel_km,STANDARD,UK,km,0.27365,"DEFRA/DESNZ 2024 full set (advanced users) — sheet 'Managed assets- vehicles', row 61 (group: Diesel; activity/type: Managed vans / Class III (1.74 to 3.5 tonnes))"
SCOPE_3,ref_managed_assets_vehicles,managed_vans_class_iii_1_74_to_3_5_tonnes_petrol_km,STANDARD,UK,km,0.34923,"DEFRA/DESNZ 2024 full set (advanced users) — sheet 'Managed assets- vehicles', row 61 (group: Petrol; activity/type: Managed vans / Class III (1.74 to 3.5 tonnes))"
SCOPE_3,ref_managed_assets_vehicles,managed_vans_class_iii_1_74_to_3_5_tonnes_plug_in_hybrid_electric_vehicle_km,STANDARD,UK,km,0.15079,"DEFRA/DESNZ 2024 full set (advanced users) — sheet 'Managed assets- vehicles', row 61 (group: Plug-in Hybrid Electric Vehicle; activity/type: Managed vans / Class III (1.74 to 3.5 tonnes))"
SCOPE_3,ref_managed_assets_vehicles,managed_vans_class_iii_1_74_to_3_5_tonnes_battery_electric_vehicle_km,STANDARD,UK,km,0.08929,"DEFRA/DESNZ 2024 full set (advanced users) — sheet 'Managed assets- vehicles', row 61 (group: Battery Electric Vehicle; activity/type: Managed vans / Class III (1.74 to 3.5 tonnes))"
SCOPE_3,ref_managed_assets_vehicles,managed_vans_average_up_to_3_5_tonnes_diesel_km,STANDARD,UK,km,0.25023,"DEFRA/DESNZ 2024 full set (advanced users) — sheet 'Managed assets- vehicles', row 62 (group: Diesel; activity/type: Managed vans / Average (up to 3.5 tonnes))"
SCOPE_3,ref_managed_assets_vehicles,managed_vans_average_up_to_3_5_tonnes_petrol_km,STANDARD,UK,km,0.22095,"DEFRA/DESNZ 2024 full set (advanced users) — sheet 'Managed assets- vehicles', row 62 (group: Petrol; activity/type: Managed vans / Average (up to 3.5 tonnes))"
SCOPE_3,ref_managed_assets_vehicles,managed_vans_average_up_to_3_5_tonnes_cng_km,STANDARD,UK,km,0.2512,"DEFRA/DESNZ 2024 full set (advanced users) — sheet 'Managed assets- vehicles', row 62 (group: CNG; activity/type: Managed vans / Average (up to 3.5 tonnes))"
SCOPE_3,ref_managed_assets_vehicles,managed_vans_average_up_to_3_5_tonnes_lpg_km,STANDARD,UK,km,0.27617,"DEFRA/DESNZ 2024 full set (advanced users) — sheet 'Managed assets- vehicles', row 62 (group: LPG; activity/type: Managed vans / Average (up to 3.5 tonnes))"
SCOPE_3,ref_managed_assets_vehicles,managed_vans_average_up_to_3_5_tonnes_unknown_km,STANDARD,UK,km,0.24934,"DEFRA/DESNZ 2024 full set (advanced users) — sheet 'Managed assets- vehicles', row 62 (group: Unknown; activity/type: Managed vans / Average (up to 3.5 tonnes))"
SCOPE_3,ref_managed_assets_vehicles,managed_vans_average_up_to_3_5_tonnes_plug_in_hybrid_electric_vehicle_km,STANDARD,UK,km,0.15079,"DEFRA/DESNZ 2024 full set (advanced users) — sheet 'Managed assets- vehicles', row 62 (group: Plug-in Hybrid Electric Vehicle; activity/type: Managed vans / Average (up to 3.5 tonnes))"
SCOPE_3,ref_managed_assets_vehicles,managed_vans_average_up_to_3_5_tonnes_battery_electric_vehicle_km,STANDARD,UK,km,0.07922,"DEFRA/DESNZ 2024 full set (advanced users) — sheet 'Managed assets- vehicles', row 62 (group: Battery Electric Vehicle; activity/type: Managed vans / Average (up to 3.5 tonnes))"
SCOPE_3,ref_managed_assets_vehicles,managed_hgv_all_diesel_rigid_3_5_7_5_tonnes_0_laden_km,STANDARD,UK,km,0.4538,"DEFRA/DESNZ 2024 full set (advanced users) — sheet 'Managed assets- vehicles', row 67 (group: 0% Laden; activity/type: Managed HGV (all diesel) / Rigid (>3.5 - 7.5 tonnes))"
SCOPE_3,ref_managed_assets_vehicles,managed_hgv_all_diesel_rigid_3_5_7_5_tonnes_50_laden_km,STANDARD,UK,km,0.49279,"DEFRA/DESNZ 2024 full set (advanced users) — sheet 'Managed assets- vehicles', row 67 (group: 50% Laden; activity/type: Managed HGV (all diesel) / Rigid (>3.5 - 7.5 tonnes))"
SCOPE_3,ref_managed_assets_vehicles,managed_hgv_all_diesel_rigid_3_5_7_5_tonnes_100_laden_km,STANDARD,UK,km,0.53178,"DEFRA/DESNZ 2024 full set (advanced users) — sheet 'Managed assets- vehicles', row 67 (group: 100% Laden; activity/type: Managed HGV (all diesel) / Rigid (>3.5 - 7.5 tonnes))"
SCOPE_3,ref_managed_assets_vehicles,managed_hgv_all_diesel_rigid_3_5_7_5_tonnes_average_laden_km,STANDARD,UK,km,0.48733,"DEFRA/DESNZ 2024 full set (advanced users) — sheet 'Managed assets- vehicles', row 67 (group: Average laden; activity/type: Managed HGV (all diesel) / Rigid (>3.5 - 7.5 tonnes))"
SCOPE_3,ref_managed_assets_vehicles,managed_hgv_all_diesel_rigid_7_5_tonnes_17_tonnes_0_laden_km,STANDARD,UK,km,0.54426,"DEFRA/DESNZ 2024 full set (advanced users) — sheet 'Managed assets- vehicles', row 68 (group: 0% Laden; activity/type: Managed HGV (all diesel) / Rigid (>7.5 tonnes-17 tonnes))"
SCOPE_3,ref_managed_assets_vehicles,managed_hgv_all_diesel_rigid_7_5_tonnes_17_tonnes_50_laden_km,STANDARD,UK,km,0.62106,"DEFRA/DESNZ 2024 full set (advanced users) — sheet 'Managed assets- vehicles', row 68 (group: 50% Laden; activity/type: Managed HGV (all diesel) / Rigid (>7.5 tonnes-17 tonnes))"
SCOPE_3,ref_managed_assets_vehicles,managed_hgv_all_diesel_rigid_7_5_tonnes_17_tonnes_100_laden_km,STANDARD,UK,km,0.69787,"DEFRA/DESNZ 2024 full set (advanced users) — sheet 'Managed assets- vehicles', row 68 (group: 100% Laden; activity/type: Managed HGV (all diesel) / Rigid (>7.5 tonnes-17 tonnes))"
SCOPE_3,ref_managed_assets_vehicles,managed_hgv_all_diesel_rigid_7_5_tonnes_17_tonnes_average_laden_km,STANDARD,UK,km,0.59495,"DEFRA/DESNZ 2024 full set (advanced users) — sheet 'Managed assets- vehicles', row 68 (group: Average laden; activity/type: Managed HGV (all diesel) / Rigid (>7.5 tonnes-17 tonnes))"
SCOPE_3,ref_managed_assets_vehicles,managed_hgv_all_diesel_rigid_17_tonnes_0_laden_km,STANDARD,UK,km,0.74987,"DEFRA/DESNZ 2024 full set (advanced users) — sheet 'Managed assets- vehicles', row 69 (group: 0% Laden; activity/type: Managed HGV (all diesel) / Rigid (>17 tonnes))"
SCOPE_3,ref_managed_assets_vehicles,managed_hgv_all_diesel_rigid_17_tonnes_50_laden_km,STANDARD,UK,km,0.9121,"DEFRA/DESNZ 2024 full set (advanced users) — sheet 'Managed assets- vehicles', row 69 (group: 50% Laden; activity/type: Managed HGV (all diesel) / Rigid (>17 tonnes))"
SCOPE_3,ref_managed_assets_vehicles,managed_hgv_all_diesel_rigid_17_tonnes_100_laden_km,STANDARD,UK,km,1.07433,"DEFRA/DESNZ 2024 full set (advanced users) — sheet 'Managed assets- vehicles', row 69 (group: 100% Laden; activity/type: Managed HGV (all diesel) / Rigid (>17 tonnes))"
SCOPE_3,ref_managed_assets_vehicles,managed_hgv_all_diesel_rigid_17_tonnes_average_laden_km,STANDARD,UK,km,0.97698,"DEFRA/DESNZ 2024 full set (advanced users) — sheet 'Managed assets- vehicles', row 69 (group: Average laden; activity/type: Managed HGV (all diesel) / Rigid (>17 tonnes))"
SCOPE_3,ref_managed_assets_vehicles,managed_hgv_all_diesel_all_rigids_0_laden_km,STANDARD,UK,km,0.66163,"DEFRA/DESNZ 2024 full set (advanced users) — sheet 'Managed assets- vehicles', row 70 (group: 0% Laden; activity/type: Managed HGV (all diesel) / All rigids)"
SCOPE_3,ref_managed_assets_vehicles,managed_hgv_all_diesel_all_rigids_50_laden_km,STANDARD,UK,km,0.78719,"DEFRA/DESNZ 2024 full set (advanced users) — sheet 'Managed assets- vehicles', row 70 (group: 50% Laden; activity/type: Managed HGV (all diesel) / All rigids)"
SCOPE_3,ref_managed_assets_vehicles,managed_hgv_all_diesel_all_rigids_100_laden_km,STANDARD,UK,km,0.91274,"DEFRA/DESNZ 2024 full set (advanced users) — sheet 'Managed assets- vehicles', row 70 (group: 100% Laden; activity/type: Managed HGV (all diesel) / All rigids)"
SCOPE_3,ref_managed_assets_vehicles,managed_hgv_all_diesel_all_rigids_average_laden_km,STANDARD,UK,km,0.82657,"DEFRA/DESNZ 2024 full set (advanced users) — sheet 'Managed assets- vehicles', row 70 (group: Average laden; activity/type: Managed HGV (all diesel) / All rigids)"
SCOPE_3,ref_managed_assets_vehicles,managed_hgv_all_diesel_articulated_3_5_33t_0_laden_km,STANDARD,UK,km,0.61558,"DEFRA/DESNZ 2024 full set (advanced users) — sheet 'Managed assets- vehicles', row 71 (group: 0% Laden; activity/type: Managed HGV (all diesel) / Articulated (>3.5 - 33t))"
SCOPE_3,ref_managed_assets_vehicles,managed_hgv_all_diesel_articulated_3_5_33t_50_laden_km,STANDARD,UK,km,0.76642,"DEFRA/DESNZ 2024 full set (advanced users) — sheet 'Managed assets- vehicles', row 71 (group: 50% Laden; activity/type: Managed HGV (all diesel) / Articulated (>3.5 - 33t))"
SCOPE_3,ref_managed_assets_vehicles,managed_hgv_all_diesel_articulated_3_5_33t_100_laden_km,STANDARD,UK,km,0.91726,"DEFRA/DESNZ 2024 full set (advanced users) — sheet 'Managed assets- vehicles', row 71 (group: 100% Laden; activity/type: Managed HGV (all diesel) / Articulated (>3.5 - 33t))"
SCOPE_3,ref_managed_assets_vehicles,managed_hgv_all_diesel_articulated_3_5_33t_average_laden_km,STANDARD,UK,km,0.76642,"DEFRA/DESNZ 2024 full set (advanced users) — sheet 'Managed assets- vehicles', row 71 (group: Average laden; activity/type: Managed HGV (all diesel) / Articulated (>3.5 - 33t))"
SCOPE_3,ref_managed_assets_vehicles,managed_hgv_all_diesel_articulated_33t_0_laden_km,STANDARD,UK,km,0.63238,"DEFRA/DESNZ 2024 full set (advanced users) — sheet 'Managed assets- vehicles', row 72 (group: 0% Laden; activity/type: Managed HGV (all diesel) / Articulated (>33t))"
SCOPE_3,ref_managed_assets_vehicles,managed_hgv_all_diesel_articulated_33t_50_laden_km,STANDARD,UK,km,0.83833,"DEFRA/DESNZ 2024 full set (advanced users) — sheet 'Managed assets- vehicles', row 72 (group: 50% Laden; activity/type: Managed HGV (all diesel) / Articulated (>33t))"
SCOPE_3,ref_managed_assets_vehicles,managed_hgv_all_diesel_articulated_33t_100_laden_km,STANDARD,UK,km,1.04428,"DEFRA/DESNZ 2024 full set (advanced users) — sheet 'Managed assets- vehicles', row 72 (group: 100% Laden; activity/type: Managed HGV (all diesel) / Articulated (>33t))"
SCOPE_3,ref_managed_assets_vehicles,managed_hgv_all_diesel_articulated_33t_average_laden_km,STANDARD,UK,km,0.91247,"DEFRA/DESNZ 2024 full set (advanced users) — sheet 'Managed assets- vehicles', row 72 (group: Average laden; activity/type: Managed HGV (all diesel) / Articulated (>33t))"
SCOPE_3,ref_managed_assets_vehicles,managed_hgv_all_diesel_all_artics_0_laden_km,STANDARD,UK,km,0.63162,"DEFRA/DESNZ 2024 full set (advanced users) — sheet 'Managed assets- vehicles', row 73 (group: 0% Laden; activity/type: Managed HGV (all diesel) / All artics)"
SCOPE_3,ref_managed_assets_vehicles,managed_hgv_all_diesel_all_artics_50_laden_km,STANDARD,UK,km,0.83506,"DEFRA/DESNZ 2024 full set (advanced users) — sheet 'Managed assets- vehicles', row 73 (group: 50% Laden; activity/type: Managed HGV (all diesel) / All artics)"
SCOPE_3,ref_managed_assets_vehicles,managed_hgv_all_diesel_all_artics_100_laden_km,STANDARD,UK,km,1.03849,"DEFRA/DESNZ 2024 full set (advanced users) — sheet 'Managed assets- vehicles', row 73 (group: 100% Laden; activity/type: Managed HGV (all diesel) / All artics)"
SCOPE_3,ref_managed_assets_vehicles,managed_hgv_all_diesel_all_artics_average_laden_km,STANDARD,UK,km,0.90581,"DEFRA/DESNZ 2024 full set (advanced users) — sheet 'Managed assets- vehicles', row 73 (group: Average laden; activity/type: Managed HGV (all diesel) / All artics)"
SCOPE_3,ref_managed_assets_vehicles,managed_hgv_all_diesel_all_hgvs_0_laden_km,STANDARD,UK,km,0.64392,"DEFRA/DESNZ 2024 full set (advanced users) — sheet 'Managed assets- vehicles', row 74 (group: 0% Laden; activity/type: Managed HGV (all diesel) / All HGVs)"
SCOPE_3,ref_managed_assets_vehicles,managed_hgv_all_diesel_all_hgvs_50_laden_km,STANDARD,UK,km,0.81517,"DEFRA/DESNZ 2024 full set (advanced users) — sheet 'Managed assets- vehicles', row 74 (group: 50% Laden; activity/type: Managed HGV (all diesel) / All HGVs)"
SCOPE_3,ref_managed_assets_vehicles,managed_hgv_all_diesel_all_hgvs_100_laden_km,STANDARD,UK,km,0.98641,"DEFRA/DESNZ 2024 full set (advanced users) — sheet 'Managed assets- vehicles', row 74 (group: 100% Laden; activity/type: Managed HGV (all diesel) / All HGVs)"
SCOPE_3,ref_managed_assets_vehicles,managed_hgv_all_diesel_all_hgvs_average_laden_km,STANDARD,UK,km,0.87296,"DEFRA/DESNZ 2024 full set (advanced users) — sheet 'Managed assets- vehicles', row 74 (group: Average laden; activity/type: Managed HGV (all diesel) / All HGVs)"
SCOPE_3,ref_managed_assets_vehicles,managed_hgv_refrigerated_all_diesel_rigid_3_5_7_5_tonnes_0_laden_km,STANDARD,UK,km,0.54033,"DEFRA/DESNZ 2024 full set (advanced users) — sheet 'Managed assets- vehicles', row 79 (group: 0% Laden; activity/type: Managed HGV refrigerated (all diesel) / Rigid (>3.5 - 7.5 tonnes))"
SCOPE_3,ref_managed_assets_vehicles,managed_hgv_refrigerated_all_diesel_rigid_3_5_7_5_tonnes_50_laden_km,STANDARD,UK,km,0.58684,"DEFRA/DESNZ 2024 full set (advanced users) — sheet 'Managed assets- vehicles', row 79 (group: 50% Laden; activity/type: Managed HGV refrigerated (all diesel) / Rigid (>3.5 - 7.5 tonnes))"
SCOPE_3,ref_managed_assets_vehicles,managed_hgv_refrigerated_all_diesel_rigid_3_5_7_5_tonnes_100_laden_km,STANDARD,UK,km,0.63336,"DEFRA/DESNZ 2024 full set (advanced users) — sheet 'Managed assets- vehicles', row 79 (group: 100% Laden; activity/type: Managed HGV refrigerated (all diesel) / Rigid (>3.5 - 7.5 tonnes))"
SCOPE_3,ref_managed_assets_vehicles,managed_hgv_refrigerated_all_diesel_rigid_3_5_7_5_tonnes_average_laden_km,STANDARD,UK,km,0.58033,"DEFRA/DESNZ 2024 full set (advanced users) — sheet 'Managed assets- vehicles', row 79 (group: Average laden; activity/type: Managed HGV refrigerated (all diesel) / Rigid (>3.5 - 7.5 tonnes))"
SCOPE_3,ref_managed_assets_vehicles,managed_hgv_refrigerated_all_diesel_rigid_7_5_tonnes_17_tonnes_0_laden_km,STANDARD,UK,km,0.64802,"DEFRA/DESNZ 2024 full set (advanced users) — sheet 'Managed assets- vehicles', row 80 (group: 0% Laden; activity/type: Managed HGV refrigerated (all diesel) / Rigid (>7.5 tonnes-17 tonnes))"
SCOPE_3,ref_managed_assets_vehicles,managed_hgv_refrigerated_all_diesel_rigid_7_5_tonnes_17_tonnes_50_laden_km,STANDARD,UK,km,0.73965,"DEFRA/DESNZ 2024 full set (advanced users) — sheet 'Managed assets- vehicles', row 80 (group: 50% Laden; activity/type: Managed HGV refrigerated (all diesel) / Rigid (>7.5 tonnes-17 tonnes))"
SCOPE_3,ref_managed_assets_vehicles,managed_hgv_refrigerated_all_diesel_rigid_7_5_tonnes_17_tonnes_100_laden_km,STANDARD,UK,km,0.83128,"DEFRA/DESNZ 2024 full set (advanced users) — sheet 'Managed assets- vehicles', row 80 (group: 100% Laden; activity/type: Managed HGV refrigerated (all diesel) / Rigid (>7.5 tonnes-17 tonnes))"
SCOPE_3,ref_managed_assets_vehicles,managed_hgv_refrigerated_all_diesel_rigid_7_5_tonnes_17_tonnes_average_laden_km,STANDARD,UK,km,0.7085,"DEFRA/DESNZ 2024 full set (advanced users) — sheet 'Managed assets- vehicles', row 80 (group: Average laden; activity/type: Managed HGV refrigerated (all diesel) / Rigid (>7.5 tonnes-17 tonnes))"
SCOPE_3,ref_managed_assets_vehicles,managed_hgv_refrigerated_all_diesel_rigid_17_tonnes_0_laden_km,STANDARD,UK,km,0.8925,"DEFRA/DESNZ 2024 full set (advanced users) — sheet 'Managed assets- vehicles', row 81 (group: 0% Laden; activity/type: Managed HGV refrigerated (all diesel) / Rigid (>17 tonnes))"
SCOPE_3,ref_managed_assets_vehicles,managed_hgv_refrigerated_all_diesel_rigid_17_tonnes_50_laden_km,STANDARD,UK,km,1.08604,"DEFRA/DESNZ 2024 full set (advanced users) — sheet 'Managed assets- vehicles', row 81 (group: 50% Laden; activity/type: Managed HGV refrigerated (all diesel) / Rigid (>17 tonnes))"
SCOPE_3,ref_managed_assets_vehicles,managed_hgv_refrigerated_all_diesel_rigid_17_tonnes_100_laden_km,STANDARD,UK,km,1.27958,"DEFRA/DESNZ 2024 full set (advanced users) — sheet 'Managed assets- vehicles', row 81 (group: 100% Laden; activity/type: Managed HGV refrigerated (all diesel) / Rigid (>17 tonnes))"
SCOPE_3,ref_managed_assets_vehicles,managed_hgv_refrigerated_all_diesel_rigid_17_tonnes_average_laden_km,STANDARD,UK,km,1.16344,"DEFRA/DESNZ 2024 full set (advanced users) — sheet 'Managed assets- vehicles', row 81 (group: Average laden; activity/type: Managed HGV refrigerated (all diesel) / Rigid (>17 tonnes))"
SCOPE_3,ref_managed_assets_vehicles,managed_hgv_refrigerated_all_diesel_all_rigids_0_laden_km,STANDARD,UK,km,0.78757,"DEFRA/DESNZ 2024 full set (advanced users) — sheet 'Managed assets- vehicles', row 82 (group: 0% Laden; activity/type: Managed HGV refrigerated (all diesel) / All rigids)"
SCOPE_3,ref_managed_assets_vehicles,managed_hgv_refrigerated_all_diesel_all_rigids_50_laden_km,STANDARD,UK,km,0.93736,"DEFRA/DESNZ 2024 full set (advanced users) — sheet 'Managed assets- vehicles', row 82 (group: 50% Laden; activity/type: Managed HGV refrigerated (all diesel) / All rigids)"
SCOPE_3,ref_managed_assets_vehicles,managed_hgv_refrigerated_all_diesel_all_rigids_100_laden_km,STANDARD,UK,km,1.08715,"DEFRA/DESNZ 2024 full set (advanced users) — sheet 'Managed assets- vehicles', row 82 (group: 100% Laden; activity/type: Managed HGV refrigerated (all diesel) / All rigids)"
SCOPE_3,ref_managed_assets_vehicles,managed_hgv_refrigerated_all_diesel_all_rigids_average_laden_km,STANDARD,UK,km,0.98435,"DEFRA/DESNZ 2024 full set (advanced users) — sheet 'Managed assets- vehicles', row 82 (group: Average laden; activity/type: Managed HGV refrigerated (all diesel) / All rigids)"
SCOPE_3,ref_managed_assets_vehicles,managed_hgv_refrigerated_all_diesel_articulated_3_5_33t_0_laden_km,STANDARD,UK,km,0.71193,"DEFRA/DESNZ 2024 full set (advanced users) — sheet 'Managed assets- vehicles', row 83 (group: 0% Laden; activity/type: Managed HGV refrigerated (all diesel) / Articulated (>3.5 - 33t))"
SCOPE_3,ref_managed_assets_vehicles,managed_hgv_refrigerated_all_diesel_articulated_3_5_33t_50_laden_km,STANDARD,UK,km,0.88686,"DEFRA/DESNZ 2024 full set (advanced users) — sheet 'Managed assets- vehicles', row 83 (group: 50% Laden; activity/type: Managed HGV refrigerated (all diesel) / Articulated (>3.5 - 33t))"
SCOPE_3,ref_managed_assets_vehicles,managed_hgv_refrigerated_all_diesel_articulated_3_5_33t_100_laden_km,STANDARD,UK,km,1.06179,"DEFRA/DESNZ 2024 full set (advanced users) — sheet 'Managed assets- vehicles', row 83 (group: 100% Laden; activity/type: Managed HGV refrigerated (all diesel) / Articulated (>3.5 - 33t))"
SCOPE_3,ref_managed_assets_vehicles,managed_hgv_refrigerated_all_diesel_articulated_3_5_33t_average_laden_km,STANDARD,UK,km,0.88686,"DEFRA/DESNZ 2024 full set (advanced users) — sheet 'Managed assets- vehicles', row 83 (group: Average laden; activity/type: Managed HGV refrigerated (all diesel) / Articulated (>3.5 - 33t))"
SCOPE_3,ref_managed_assets_vehicles,managed_hgv_refrigerated_all_diesel_articulated_33t_0_laden_km,STANDARD,UK,km,0.73105,"DEFRA/DESNZ 2024 full set (advanced users) — sheet 'Managed assets- vehicles', row 84 (group: 0% Laden; activity/type: Managed HGV refrigerated (all diesel) / Articulated (>33t))"
SCOPE_3,ref_managed_assets_vehicles,managed_hgv_refrigerated_all_diesel_articulated_33t_50_laden_km,STANDARD,UK,km,0.96989,"DEFRA/DESNZ 2024 full set (advanced users) — sheet 'Managed assets- vehicles', row 84 (group: 50% Laden; activity/type: Managed HGV refrigerated (all diesel) / Articulated (>33t))"
SCOPE_3,ref_managed_assets_vehicles,managed_hgv_refrigerated_all_diesel_articulated_33t_100_laden_km,STANDARD,UK,km,1.20873,"DEFRA/DESNZ 2024 full set (advanced users) — sheet 'Managed assets- vehicles', row 84 (group: 100% Laden; activity/type: Managed HGV refrigerated (all diesel) / Articulated (>33t))"
SCOPE_3,ref_managed_assets_vehicles,managed_hgv_refrigerated_all_diesel_articulated_33t_average_laden_km,STANDARD,UK,km,1.05587,"DEFRA/DESNZ 2024 full set (advanced users) — sheet 'Managed assets- vehicles', row 84 (group: Average laden; activity/type: Managed HGV refrigerated (all diesel) / Articulated (>33t))"
SCOPE_3,ref_managed_assets_vehicles,managed_hgv_refrigerated_all_diesel_all_artics_0_laden_km,STANDARD,UK,km,0.73018,"DEFRA/DESNZ 2024 full set (advanced users) — sheet 'Managed assets- vehicles', row 85 (group: 0% Laden; activity/type: Managed HGV refrigerated (all diesel) / All artics)"
SCOPE_3,ref_managed_assets_vehicles,managed_hgv_refrigerated_all_diesel_all_artics_50_laden_km,STANDARD,UK,km,0.96611,"DEFRA/DESNZ 2024 full set (advanced users) — sheet 'Managed assets- vehicles', row 85 (group: 50% Laden; activity/type: Managed HGV refrigerated (all diesel) / All artics)"
SCOPE_3,ref_managed_assets_vehicles,managed_hgv_refrigerated_all_diesel_all_artics_100_laden_km,STANDARD,UK,km,1.20203,"DEFRA/DESNZ 2024 full set (advanced users) — sheet 'Managed assets- vehicles', row 85 (group: 100% Laden; activity/type: Managed HGV refrigerated (all diesel) / All artics)"
SCOPE_3,ref_managed_assets_vehicles,managed_hgv_refrigerated_all_diesel_all_artics_average_laden_km,STANDARD,UK,km,1.04817,"DEFRA/DESNZ 2024 full set (advanced users) — sheet 'Managed assets- vehicles', row 85 (group: Average laden; activity/type: Managed HGV refrigerated (all diesel) / All artics)"
SCOPE_3,ref_managed_assets_vehicles,managed_hgv_refrigerated_all_diesel_all_hgvs_0_laden_km,STANDARD,UK,km,0.75351,"DEFRA/DESNZ 2024 full set (advanced users) — sheet 'Managed assets- vehicles', row 86 (group: 0% Laden; activity/type: Managed HGV refrigerated (all diesel) / All HGVs)"
SCOPE_3,ref_managed_assets_vehicles,managed_hgv_refrigerated_all_diesel_all_hgvs_50_laden_km,STANDARD,UK,km,0.95446,"DEFRA/DESNZ 2024 full set (advanced users) — sheet 'Managed assets- vehicles', row 86 (group: 50% Laden; activity/type: Managed HGV refrigerated (all diesel) / All HGVs)"
SCOPE_3,ref_managed_assets_vehicles,managed_hgv_refrigerated_all_diesel_all_hgvs_100_laden_km,STANDARD,UK,km,1.15542,"DEFRA/DESNZ 2024 full set (advanced users) — sheet 'Managed assets- vehicles', row 86 (group: 100% Laden; activity/type: Managed HGV refrigerated (all diesel) / All HGVs)"
SCOPE_3,ref_managed_assets_vehicles,managed_hgv_refrigerated_all_diesel_all_hgvs_average_laden_km,STANDARD,UK,km,1.02228,"DEFRA/DESNZ 2024 full set (advanced users) — sheet 'Managed assets- vehicles', row 86 (group: Average laden; activity/type: Managed HGV refrigerated (all diesel) / All HGVs)"
SCOPE_3,ref_managed_assets_vehicles,managed_motorbikes_small_km,STANDARD,UK,km,0.08319,"DEFRA/DESNZ 2024 full set (advanced users) — sheet 'Managed assets- vehicles', row 91 (activity/type: Managed motorbikes / Small)"
SCOPE_3,ref_managed_assets_vehicles,managed_motorbikes_small_miles,STANDARD,UK,miles,0.13389,"DEFRA/DESNZ 2024 full set (advanced users) — sheet 'Managed assets- vehicles', row 92 (activity/type: Managed motorbikes / Small)"
SCOPE_3,ref_managed_assets_vehicles,managed_motorbikes_medium_km,STANDARD,UK,km,0.10107,"DEFRA/DESNZ 2024 full set (advanced users) — sheet 'Managed assets- vehicles', row 93 (activity/type: Managed motorbikes / Medium)"
SCOPE_3,ref_managed_assets_vehicles,managed_motorbikes_medium_miles,STANDARD,UK,miles,0.16265,"DEFRA/DESNZ 2024 full set (advanced users) — sheet 'Managed assets- vehicles', row 94 (activity/type: Managed motorbikes / Medium)"
SCOPE_3,ref_managed_assets_vehicles,managed_motorbikes_large_km,STANDARD,UK,km,0.13252,"DEFRA/DESNZ 2024 full set (advanced users) — sheet 'Managed assets- vehicles', row 95 (activity/type: Managed motorbikes / Large)"
SCOPE_3,ref_managed_assets_vehicles,managed_motorbikes_large_miles,STANDARD,UK,miles,0.21326,"DEFRA/DESNZ 2024 full set (advanced users) — sheet 'Managed assets- vehicles', row 96 (activity/type: Managed motorbikes / Large)"
SCOPE_3,ref_managed_assets_vehicles,managed_motorbikes_average_km,STANDARD,UK,km,0.11367,"DEFRA/DESNZ 2024 full set (advanced users) — sheet 'Managed assets- vehicles', row 97 (activity/type: Managed motorbikes / Average)"
SCOPE_3,ref_managed_assets_vehicles,managed_motorbikes_average_miles,STANDARD,UK,miles,0.18293,"DEFRA/DESNZ 2024 full set (advanced users) — sheet 'Managed assets- vehicles', row 98 (activity/type: Managed motorbikes / Average)"
SCOPE_3,ref_homeworking,office_equipment_per_fte_working_hour,STANDARD,UK,per FTE Working Hour,0.03144,"DEFRA/DESNZ 2024 full set (advanced users) — sheet 'Homeworking', row 22 (activity/type: Office Equipment)"
SCOPE_3,ref_homeworking,heating_per_fte_working_hour,STANDARD,UK,per FTE Working Hour,0.30234,"DEFRA/DESNZ 2024 full set (advanced users) — sheet 'Homeworking', row 23 (activity/type: Heating)"
SCOPE_3,ref_homeworking,homeworking_office_equipment_heating_per_fte_working_hour,STANDARD,UK,per FTE Working Hour,0.33378,"DEFRA/DESNZ 2024 full set (advanced users) — sheet 'Homeworking', row 24 (activity/type: Homeworking (office equipment + heating))"
